-- phpMyAdmin SQL Dump
-- version 5.1.1
-- https://www.phpmyadmin.net/
--
-- 主機： 127.0.0.1
-- 產生時間： 2022-03-14 18:30:25
-- 伺服器版本： 10.4.22-MariaDB
-- PHP 版本： 8.0.13

SET SQL_MODE = "NO_AUTO_VALUE_ON_ZERO";
START TRANSACTION;
SET time_zone = "+00:00";


/*!40101 SET @OLD_CHARACTER_SET_CLIENT=@@CHARACTER_SET_CLIENT */;
/*!40101 SET @OLD_CHARACTER_SET_RESULTS=@@CHARACTER_SET_RESULTS */;
/*!40101 SET @OLD_COLLATION_CONNECTION=@@COLLATION_CONNECTION */;
/*!40101 SET NAMES utf8mb4 */;

--
-- 資料庫: `goodtogodata`
--

-- --------------------------------------------------------

--
-- 資料表結構 `map`
--

CREATE TABLE `map` (
  `id` int(5) NOT NULL,
  `store_id` int(5) NOT NULL,
  `longitude` double(17,15) DEFAULT NULL,
  `latitude` double(18,15) DEFAULT NULL
) ENGINE=InnoDB DEFAULT CHARSET=utf8mb4 COLLATE=utf8mb4_unicode_ci;

--
-- 傾印資料表的資料 `map`
--

INSERT INTO `map` (`id`, `store_id`, `longitude`, `latitude`) VALUES
(1, 1, 24.962912068600176, 121.253884697443110),
(2, 2, 25.002047323299642, 121.228961955114730),
(3, 3, 24.965250364533595, 121.217457583949300),
(4, 4, 24.965962878959377, 121.215644199290740),
(5, 5, 24.960884225603340, 121.221098153266150),
(6, 6, 24.992270120498920, 121.335181253266920),
(7, 7, 24.966163083988317, 121.218711639772470),
(8, 8, 24.962688429664760, 121.222069495595630),
(9, 9, 24.962912595177055, 121.221873624430910),
(10, 10, 24.961755410661763, 121.224711714632110),
(11, 11, 24.986534524073640, 121.318098010937420),
(12, 12, 24.962749882769725, 121.217882810937110),
(13, 13, 24.964943959405446, 121.228959055113800),
(14, 14, 24.959276601787067, 121.223077912784450),
(15, 15, 24.958953871321360, 121.214672310936990),
(16, 16, 24.953835047919610, 121.225097355113650),
(17, 17, 24.959173467616330, 121.239604368607640),
(18, 18, 24.882407710825760, 121.291280610935460),
(19, 19, 24.986904754112587, 121.317846068608250),
(20, 20, 24.956596592219870, 121.240543366760190),
(21, 21, 24.949745636257990, 121.230235241619580),
(22, 22, 24.868308496674230, 121.212250839770600),
(23, 23, 24.953697394290526, 121.205309412784500),
(24, 24, 24.961157064794050, 121.212167139772320),
(25, 25, 24.919905513357690, 121.204315055112990),
(26, 26, 25.020560968237454, 121.303419124432070),
(27, 27, 25.021368866829427, 121.263423166761300),
(28, 28, 25.000252169008470, 121.299752182102400),
(29, 29, 25.021292076766724, 121.264256697444200),
(30, 30, 25.023390628686850, 121.260661810938290),
(31, 31, 24.949745636257990, 121.230192326278160),
(32, 32, 24.943451255494985, 121.216857197442740),
(33, 33, 24.950025570265690, 121.222811839772120),
(34, 34, 24.927495212659820, 121.227412453265630),
(35, 35, 24.968053785829017, 121.260913068607750),
(36, 36, 24.935655444707415, 121.249505756960820),
(37, 37, 24.925154863774964, 121.244669255112980),
(38, 38, 24.915175242585750, 121.210738468606830),
(39, 39, 24.900613913825430, 121.211007370453940),
(40, 40, 24.896407975082440, 121.278278237923500),
(41, 41, 24.956247198880740, 121.214298639772280),
(42, 42, 24.962807768781648, 121.222663895595620),
(43, 43, 24.948967354458656, 121.229710455113520),
(44, 44, 24.944008297977260, 121.209632470454990),
(45, 45, 24.929103468864465, 121.227291156960650),
(46, 46, 24.963524273657665, 121.223542470455260),
(47, 47, 24.960441312274938, 121.222894470455190),
(48, 48, 24.958539541598793, 121.220943283949050),
(49, 49, 24.955722787142278, 121.216671285796410),
(50, 50, 24.954735218944926, 121.222095070455140),
(51, 51, 24.961479331249170, 121.226209426278300),
(52, 52, 24.954955982434157, 121.233570351418630),
(53, 53, 25.000374761730150, 121.307751997443730),
(54, 54, 24.956374959357262, 121.240016451418510),
(55, 55, 24.974530097074930, 121.324056370455370),
(56, 56, 24.908986692324685, 121.145026868606660),
(57, 57, 24.955934253605044, 121.227613797442900),
(58, 58, 24.964836976679150, 121.230095368607700),
(59, 59, 24.959427723809540, 121.229854910937000),
(60, 60, 24.958571643979450, 121.233298926683080),
(61, 61, 25.015911277835330, 121.311900753267270),
(62, 62, 24.951141924034577, 121.221385726278290),
(63, 63, 24.945260255232807, 121.213942412784180),
(64, 64, 24.945347806796370, 121.213867310936640),
(65, 65, 25.014483011338562, 121.221449297444020),
(66, 66, 25.020508090350848, 121.222568270456520),
(67, 67, 25.025658980964998, 121.218259312785780),
(68, 68, 24.960364565921683, 121.217302455113720),
(69, 69, 24.955492144497907, 121.217302455113720),
(70, 70, 24.953586666760803, 121.238551351418480),
(71, 71, 25.015755719849830, 121.311965126279420),
(72, 72, 24.973580821382120, 121.256614168608000),
(73, 73, 24.963765622551850, 121.256843555113920),
(74, 74, 24.987235698879722, 121.289506402986120),
(75, 75, 24.991447545989022, 121.279499941620360),
(76, 76, 24.991447545989022, 121.279499941620360);

-- --------------------------------------------------------

--
-- 資料表結構 `order_status`
--

CREATE TABLE `order_status` (
  `id` int(2) UNSIGNED NOT NULL,
  `status` varchar(10) COLLATE utf8mb4_unicode_ci NOT NULL
) ENGINE=InnoDB DEFAULT CHARSET=utf8mb4 COLLATE=utf8mb4_unicode_ci;

--
-- 傾印資料表的資料 `order_status`
--

INSERT INTO `order_status` (`id`, `status`) VALUES
(1, '待領取'),
(2, '完成'),
(3, '已取消');

-- --------------------------------------------------------

--
-- 資料表結構 `products`
--

CREATE TABLE `products` (
  `id` int(3) UNSIGNED NOT NULL,
  `store_id` int(3) UNSIGNED NOT NULL,
  `category_id` int(5) NOT NULL,
  `name` varchar(50) COLLATE utf8mb4_unicode_ci NOT NULL,
  `img` varchar(100) COLLATE utf8mb4_unicode_ci DEFAULT NULL,
  `price` int(4) UNSIGNED NOT NULL,
  `amount` int(3) UNSIGNED NOT NULL,
  `description` text COLLATE utf8mb4_unicode_ci NOT NULL,
  `start_time` time NOT NULL,
  `due_time` time NOT NULL,
  `created_at` datetime NOT NULL,
  `valid` tinyint(4) UNSIGNED NOT NULL
) ENGINE=InnoDB DEFAULT CHARSET=utf8mb4 COLLATE=utf8mb4_unicode_ci;

--
-- 傾印資料表的資料 `products`
--

INSERT INTO `products` (`id`, `store_id`, `category_id`, `name`, `img`, `price`, `amount`, `description`, `start_time`, `due_time`, `created_at`, `valid`) VALUES
(1, 1, 2, '螺絲奶香卷', '06e3a32e-4e54-4e4c-9b7b-20118d324ca7.jpeg', 50, 0, '含3顆。', '00:00:00', '23:00:00', '2022-01-28 13:21:59', 1),
(2, 1, 2, '蠔皇叉燒包', 'e4ee29b4-74e4-4da5-a386-c201f8afbec3.jpeg', 50, 0, '含5顆。', '00:00:00', '23:00:00', '2022-01-28 13:21:59', 1),
(3, 1, 2, '上海小湯包', '698db362-808d-4f24-8523-fa16dc1ab8b8.jpeg', 50, 3, '含5顆。', '18:00:00', '19:00:00', '2022-01-28 13:21:59', 1),
(4, 1, 2, '冰火菠蘿油', 'ab5152a7-a177-4d61-8aa5-500ae14e425c.jpeg', 50, 3, '100%紐西蘭天然進口奶油片，運送中會自然融化。', '18:00:00', '19:00:00', '2022-01-28 13:21:59', 1),
(5, 1, 2, '法蘭西多士', 'dc96f530-297a-4cc7-a485-7bc9bd4c89cc.jpeg', 50, 3, '含花生。', '18:00:00', '19:00:00', '2022-01-28 13:21:59', 1),
(6, 1, 2, '排骨XO醬炒飯', '8f7e76fb-6dcf-48b5-a3bf-5514252d9f21.jpeg', 70, 3, '本店加入 X O 醬的香辣炒飯，搭配傳承30年的秘製排骨。排骨與炒飯，簡單的混搭，永遠是這麼的對味。', '18:00:00', '19:00:00', '2022-01-28 13:21:59', 1),
(7, 2, 2, '排骨XO醬炒飯', '8f7e76fb-6dcf-48b5-a3bf-5514252d9f21.jpeg', 70, 3, '本店加入 X O 醬的香辣炒飯，搭配傳承30年的秘製排骨。排骨與炒飯，簡單的混搭，永遠是這麼的對味。', '10:00:00', '23:59:00', '2022-01-28 13:21:59', 1),
(8, 2, 2, '螺絲奶香卷', '06e3a32e-4e54-4e4c-9b7b-20118d324ca7.jpeg', 50, 3, '含3顆。', '18:00:00', '19:00:00', '2022-01-28 13:21:59', 1),
(9, 2, 2, '蠔皇叉燒包', 'e4ee29b4-74e4-4da5-a386-c201f8afbec3.jpeg', 50, 3, '含5顆。', '10:00:00', '19:00:00', '2022-01-28 13:21:59', 1),
(10, 2, 2, '上海小湯包', '698db362-808d-4f24-8523-fa16dc1ab8b8.jpeg', 50, 3, '含5顆。', '18:00:00', '19:00:00', '2022-01-28 13:21:59', 1),
(11, 2, 2, '冰火菠蘿油', 'ab5152a7-a177-4d61-8aa5-500ae14e425c.jpeg', 50, 3, '100%紐西蘭天然進口奶油片，運送中會自然融化。', '18:00:00', '23:59:00', '2022-01-28 13:21:59', 1),
(12, 2, 2, '法蘭西多士', 'dc96f530-297a-4cc7-a485-7bc9bd4c89cc.jpeg', 50, 3, '含花生。', '09:00:00', '19:00:00', '2022-01-28 13:21:59', 1),
(13, 3, 2, '排骨XO醬炒飯', '8f7e76fb-6dcf-48b5-a3bf-5514252d9f21.jpeg', 70, 5, '本店加入 X O 醬的香辣炒飯，搭配傳承30年的秘製排骨。排骨與炒飯，簡單的混搭，永遠是這麼的對味。', '18:00:00', '23:00:00', '2022-01-28 13:21:59', 1),
(14, 3, 2, '螺絲奶香卷', '06e3a32e-4e54-4e4c-9b7b-20118d324ca7.jpeg', 50, 9, '含3顆。', '18:00:00', '19:00:00', '2022-01-28 13:21:59', 1),
(15, 3, 2, '蠔皇叉燒包', 'e4ee29b4-74e4-4da5-a386-c201f8afbec3.jpeg', 50, 4, '含5顆。', '10:00:00', '23:00:00', '2022-01-28 13:21:59', 1),
(16, 3, 2, '上海小湯包', '698db362-808d-4f24-8523-fa16dc1ab8b8.jpeg', 50, 7, '含5顆。', '18:00:00', '19:00:00', '2022-01-28 13:21:59', 1),
(17, 3, 2, '冰火菠蘿油', 'ab5152a7-a177-4d61-8aa5-500ae14e425c.jpeg', 50, 6, '100%紐西蘭天然進口奶油片，運送中會自然融化。', '09:00:00', '22:00:00', '2022-01-28 13:21:59', 1),
(18, 3, 2, '法蘭西多士', 'dc96f530-297a-4cc7-a485-7bc9bd4c89cc.jpeg', 50, 2, '含花生。', '18:00:00', '19:00:00', '2022-01-28 13:21:59', 1),
(19, 4, 7, '紅茶拿鐵', 'deda256b-4afc-4f8a-b0e5-b8b9b8f80ac9.jpeg', 30, 3, '', '18:00:00', '19:00:00', '2022-01-28 13:21:59', 1),
(20, 4, 7, '翡翠柳橙', 'f29b2ed5-bcfe-4aba-b799-7065b65d89f7.jpeg', 30, 3, '', '18:00:00', '19:00:00', '2022-01-28 13:21:59', 1),
(21, 4, 7, '百香雙Q果', '1684eba0-8180-4921-97dd-5fbe1eb3413b.jpeg', 30, 3, '', '18:00:00', '19:00:00', '2022-01-28 13:21:59', 1),
(22, 4, 7, '檸檬紅茶', '49152850-054d-4c33-8f4d-de4dff0a9f62.jpeg', 30, 3, '', '18:00:00', '19:00:00', '2022-01-28 13:21:59', 1),
(23, 4, 7, '檸檬多多', 'a13d42a9-1536-4e8d-8b21-633d52485a67.jpeg', 30, 3, '', '18:00:00', '19:00:00', '2022-01-28 13:21:59', 1),
(24, 4, 7, '葡萄柚果粒蜜茶', 'd31921df-07a9-4995-b08b-d0cd4a9fff6e.jpeg', 30, 3, '', '18:00:00', '19:00:00', '2022-01-28 13:21:59', 1),
(25, 5, 7, '紅茶拿鐵', 'deda256b-4afc-4f8a-b0e5-b8b9b8f80ac9.jpeg', 30, 1, '', '10:00:00', '22:00:00', '2022-01-28 13:21:59', 1),
(26, 5, 7, '翡翠柳橙', 'f29b2ed5-bcfe-4aba-b799-7065b65d89f7.jpeg', 30, 5, '', '18:00:00', '19:00:00', '2022-01-28 13:21:59', 1),
(27, 5, 7, '百香雙Q果', '1684eba0-8180-4921-97dd-5fbe1eb3413b.jpeg', 30, 7, '', '18:00:00', '23:00:00', '2022-01-28 13:21:59', 1),
(28, 5, 7, '檸檬紅茶', '49152850-054d-4c33-8f4d-de4dff0a9f62.jpeg', 30, 2, '', '18:00:00', '19:00:00', '2022-01-28 13:21:59', 1),
(29, 5, 7, '檸檬多多', 'a13d42a9-1536-4e8d-8b21-633d52485a67.jpeg', 30, 4, '', '11:00:00', '19:00:00', '2022-01-28 13:21:59', 1),
(30, 5, 7, '葡萄柚果粒蜜茶', 'd31921df-07a9-4995-b08b-d0cd4a9fff6e.jpeg', 30, 1, '', '18:00:00', '22:00:00', '2022-01-28 13:21:59', 1),
(31, 7, 7, '紅茶拿鐵', 'deda256b-4afc-4f8a-b0e5-b8b9b8f80ac9.jpeg', 30, 3, '', '18:00:00', '19:00:00', '2022-01-28 13:21:59', 1),
(32, 7, 7, '翡翠柳橙', 'f29b2ed5-bcfe-4aba-b799-7065b65d89f7.jpeg', 30, 3, '', '18:00:00', '19:00:00', '2022-01-28 13:21:59', 1),
(33, 7, 7, '百香雙Q果', '1684eba0-8180-4921-97dd-5fbe1eb3413b.jpeg', 30, 3, '', '18:00:00', '19:00:00', '2022-01-28 13:21:59', 1),
(34, 7, 7, '檸檬紅茶', '49152850-054d-4c33-8f4d-de4dff0a9f62.jpeg', 30, 3, '', '18:00:00', '19:00:00', '2022-01-28 13:21:59', 1),
(35, 7, 7, '檸檬多多', 'a13d42a9-1536-4e8d-8b21-633d52485a67.jpeg', 30, 3, '', '18:00:00', '19:00:00', '2022-01-28 13:21:59', 1),
(36, 7, 7, '葡萄柚果粒蜜茶', 'd31921df-07a9-4995-b08b-d0cd4a9fff6e.jpeg', 30, 3, '', '18:00:00', '19:00:00', '2022-01-28 13:21:59', 1),
(37, 6, 7, '紅茶拿鐵', 'deda256b-4afc-4f8a-b0e5-b8b9b8f80ac9.jpeg', 30, 3, '', '18:00:00', '19:00:00', '2022-01-28 13:21:59', 1),
(38, 6, 7, '翡翠柳橙', 'f29b2ed5-bcfe-4aba-b799-7065b65d89f7.jpeg', 30, 3, '', '18:00:00', '19:00:00', '2022-01-28 13:21:59', 1),
(39, 6, 7, '百香雙Q果', '1684eba0-8180-4921-97dd-5fbe1eb3413b.jpeg', 30, 3, '', '18:00:00', '19:00:00', '2022-01-28 13:21:59', 1),
(40, 6, 7, '檸檬紅茶', '49152850-054d-4c33-8f4d-de4dff0a9f62.jpeg', 30, 3, '', '18:00:00', '19:00:00', '2022-01-28 13:21:59', 1),
(41, 6, 7, '檸檬多多', 'a13d42a9-1536-4e8d-8b21-633d52485a67.jpeg', 30, 3, '', '18:00:00', '19:00:00', '2022-01-28 13:21:59', 1),
(42, 6, 7, '葡萄柚果粒蜜茶', 'd31921df-07a9-4995-b08b-d0cd4a9fff6e.jpeg', 30, 3, '', '18:00:00', '19:00:00', '2022-01-28 13:21:59', 1),
(43, 8, 8, '日式輕乳酪塔', '768e2f61-8ed2-408e-a893-699fe7815c65.jpeg', 30, 3, '', '18:00:00', '19:00:00', '2022-01-28 13:21:59', 1),
(44, 8, 8, '英式司康', 'e5d26fc7-3e75-452f-9995-114e3f556410.jpeg', 30, 3, '', '18:00:00', '19:00:00', '2022-01-28 13:21:59', 1),
(45, 8, 8, '日式輕乳酪塔', '1684eba0-8180-4921-97dd-5fbe1eb3413b.jpeg', 30, 3, '', '18:00:00', '19:00:00', '2022-01-28 13:21:59', 1),
(46, 8, 8, '脆皮軟心布朗尼', '9c4ed6c4-d433-4a7c-bdd6-5088f86aadce.jpeg', 30, 3, '', '18:00:00', '19:00:00', '2022-01-28 13:21:59', 1),
(47, 8, 8, '鮮奶菠蘿泡芙', 'c7688bdf-60a9-4e62-9395-ec0841be0f43.jpeg', 30, 3, '', '18:00:00', '19:00:00', '2022-01-28 13:21:59', 1),
(48, 8, 8, '卡士達波蘿泡芙', '6c9f5e06-baf4-4a8c-bd0b-b0c933917b95.jpeg', 30, 3, '', '18:00:00', '19:00:00', '2022-01-28 13:21:59', 1),
(49, 9, 8, '日式輕乳酪塔', '768e2f61-8ed2-408e-a893-699fe7815c65.jpeg', 30, 3, '', '10:00:00', '23:00:00', '2022-01-28 13:21:59', 1),
(50, 9, 8, '英式司康', 'e5d26fc7-3e75-452f-9995-114e3f556410.jpeg', 30, 5, '', '18:00:00', '23:00:00', '2022-01-28 13:21:59', 1),
(51, 9, 8, '日式輕乳酪塔', '1684eba0-8180-4921-97dd-5fbe1eb3413b.jpeg', 30, 3, '', '10:00:00', '19:00:00', '2022-01-28 13:21:59', 1),
(52, 9, 8, '脆皮軟心布朗尼', '9c4ed6c4-d433-4a7c-bdd6-5088f86aadce.jpeg', 30, 4, '', '18:00:00', '19:00:00', '2022-01-28 13:21:59', 1),
(53, 9, 8, '鮮奶菠蘿泡芙', 'c7688bdf-60a9-4e62-9395-ec0841be0f43.jpeg', 30, 8, '', '18:00:00', '22:00:00', '2022-01-28 13:21:59', 1),
(54, 9, 8, '卡士達波蘿泡芙', '6c9f5e06-baf4-4a8c-bd0b-b0c933917b95.jpeg', 30, 3, '', '09:00:00', '19:00:00', '2022-01-28 13:21:59', 1),
(55, 10, 8, '日式輕乳酪塔', '768e2f61-8ed2-408e-a893-699fe7815c65.jpeg', 30, 3, '', '18:00:00', '19:00:00', '2022-01-28 13:21:59', 1),
(56, 10, 8, '英式司康', 'e5d26fc7-3e75-452f-9995-114e3f556410.jpeg', 30, 3, '', '18:00:00', '19:00:00', '2022-01-28 13:21:59', 1),
(57, 10, 8, '日式輕乳酪塔', '1684eba0-8180-4921-97dd-5fbe1eb3413b.jpeg', 30, 3, '', '18:00:00', '19:00:00', '2022-01-28 13:21:59', 1),
(58, 10, 8, '脆皮軟心布朗尼', '9c4ed6c4-d433-4a7c-bdd6-5088f86aadce.jpeg', 30, 3, '', '18:00:00', '19:00:00', '2022-01-28 13:21:59', 1),
(59, 10, 8, '鮮奶菠蘿泡芙', 'c7688bdf-60a9-4e62-9395-ec0841be0f43.jpeg', 30, 3, '', '18:00:00', '19:00:00', '2022-01-28 13:21:59', 1),
(60, 10, 8, '卡士達波蘿泡芙', '6c9f5e06-baf4-4a8c-bd0b-b0c933917b95.jpeg', 30, 3, '', '18:00:00', '19:00:00', '2022-01-28 13:21:59', 1),
(61, 12, 1, '糖醋肉便當', '1bb5d4e2-b971-4ca5-9606-be5d6dcf230f.jpeg', 60, 3, '', '18:00:00', '19:00:00', '2022-01-28 13:21:59', 1),
(62, 12, 1, '招牌三杯雞便當', 'e5d26fc7-3e75-452f-9995-114e3f556410.jpeg', 60, 3, '', '18:00:00', '19:00:00', '2022-01-28 13:21:59', 1),
(63, 12, 1, '招牌酥炸雞腿便當', 'b3581d71-e5cc-46d2-a8c6-228f6e7ad875.jpeg', 60, 3, '', '18:00:00', '19:00:00', '2022-01-28 13:21:59', 1),
(64, 12, 1, '紅槽肉便當', 'a5c3accf-391b-430c-9718-fff29b5296fa.jpeg', 60, 3, '', '18:00:00', '19:00:00', '2022-01-28 13:21:59', 1),
(65, 12, 1, '招牌酥炸雞腿便當', 'b3581d71-e5cc-46d2-a8c6-228f6e7ad875 (1).jpeg', 60, 3, '', '18:00:00', '19:00:00', '2022-01-28 13:21:59', 1),
(67, 11, 8, '日式輕乳酪塔', '768e2f61-8ed2-408e-a893-699fe7815c65.jpeg', 30, 3, '', '18:00:00', '19:00:00', '2022-01-28 13:21:59', 1),
(68, 11, 8, '英式司康', 'e5d26fc7-3e75-452f-9995-114e3f556410.jpeg', 30, 3, '', '18:00:00', '19:00:00', '2022-01-28 13:21:59', 1),
(69, 11, 8, '日式輕乳酪塔', '1684eba0-8180-4921-97dd-5fbe1eb3413b.jpeg', 30, 3, '', '18:00:00', '19:00:00', '2022-01-28 13:21:59', 1),
(70, 11, 8, '脆皮軟心布朗尼', '9c4ed6c4-d433-4a7c-bdd6-5088f86aadce.jpeg', 30, 3, '', '18:00:00', '19:00:00', '2022-01-28 13:21:59', 1),
(71, 11, 8, '鮮奶菠蘿泡芙', 'c7688bdf-60a9-4e62-9395-ec0841be0f43.jpeg', 30, 3, '', '18:00:00', '19:00:00', '2022-01-28 13:21:59', 1),
(72, 11, 8, '卡士達波蘿泡芙', '6c9f5e06-baf4-4a8c-bd0b-b0c933917b95.jpeg', 30, 3, '', '18:00:00', '19:00:00', '2022-01-28 13:21:59', 1),
(73, 13, 1, '糖醋肉便當', '1bb5d4e2-b971-4ca5-9606-be5d6dcf230f.jpeg', 60, 3, '', '10:00:00', '23:00:00', '2022-01-28 13:21:59', 1),
(74, 13, 1, '招牌三杯雞便當', 'e5d26fc7-3e75-452f-9995-114e3f556410.jpeg', 60, 7, '', '18:00:00', '19:00:00', '2022-01-28 13:21:59', 1),
(75, 13, 1, '招牌酥炸雞腿便當', 'b3581d71-e5cc-46d2-a8c6-228f6e7ad875.jpeg', 60, 3, '', '07:00:00', '23:00:00', '2022-01-28 13:21:59', 1),
(76, 13, 1, '紅槽肉便當', 'a5c3accf-391b-430c-9718-fff29b5296fa.jpeg', 60, 2, '', '18:00:00', '19:00:00', '2022-01-28 13:21:59', 1),
(77, 13, 1, '招牌酥炸雞腿便當', 'b3581d71-e5cc-46d2-a8c6-228f6e7ad875 (1).jpeg', 60, 9, '', '12:00:00', '19:00:00', '2022-01-28 13:21:59', 1),
(78, 14, 1, '糖醋肉便當', '1bb5d4e2-b971-4ca5-9606-be5d6dcf230f.jpeg', 60, 3, '', '18:00:00', '19:00:00', '2022-01-28 13:21:59', 1),
(79, 14, 1, '招牌三杯雞便當', 'e5d26fc7-3e75-452f-9995-114e3f556410.jpeg', 60, 3, '', '18:00:00', '19:00:00', '2022-01-28 13:21:59', 1),
(80, 14, 1, '招牌酥炸雞腿便當', 'b3581d71-e5cc-46d2-a8c6-228f6e7ad875.jpeg', 60, 3, '', '18:00:00', '19:00:00', '2022-01-28 13:21:59', 1),
(81, 14, 1, '紅槽肉便當', 'a5c3accf-391b-430c-9718-fff29b5296fa.jpeg', 60, 3, '', '18:00:00', '19:00:00', '2022-01-28 13:21:59', 1),
(82, 14, 1, '招牌酥炸雞腿便當', 'b3581d71-e5cc-46d2-a8c6-228f6e7ad875 (1).jpeg', 60, 3, '', '18:00:00', '19:00:00', '2022-01-28 13:21:59', 1),
(83, 15, 1, '糖醋肉便當', '1bb5d4e2-b971-4ca5-9606-be5d6dcf230f.jpeg', 60, 3, '', '18:00:00', '19:00:00', '2022-01-28 13:21:59', 1),
(84, 15, 1, '招牌三杯雞便當', 'e5d26fc7-3e75-452f-9995-114e3f556410.jpeg', 60, 3, '', '18:00:00', '19:00:00', '2022-01-28 13:21:59', 1),
(85, 15, 1, '招牌酥炸雞腿便當', 'b3581d71-e5cc-46d2-a8c6-228f6e7ad875.jpeg', 60, 3, '', '18:00:00', '19:00:00', '2022-01-28 13:21:59', 1),
(86, 15, 1, '紅槽肉便當', 'a5c3accf-391b-430c-9718-fff29b5296fa.jpeg', 60, 3, '', '18:00:00', '19:00:00', '2022-01-28 13:21:59', 1),
(87, 15, 1, '招牌酥炸雞腿便當', 'b3581d71-e5cc-46d2-a8c6-228f6e7ad875 (1).jpeg', 60, 3, '', '18:00:00', '19:00:00', '2022-01-28 13:21:59', 1),
(88, 16, 1, '糖醋肉便當', '1bb5d4e2-b971-4ca5-9606-be5d6dcf230f.jpeg', 60, 3, '', '18:00:00', '19:00:00', '2022-01-28 13:21:59', 1),
(89, 16, 1, '招牌三杯雞便當', 'e5d26fc7-3e75-452f-9995-114e3f556410.jpeg', 60, 3, '', '18:00:00', '19:00:00', '2022-01-28 13:21:59', 1),
(90, 16, 1, '招牌酥炸雞腿便當', 'b3581d71-e5cc-46d2-a8c6-228f6e7ad875.jpeg', 60, 3, '', '18:00:00', '19:00:00', '2022-01-28 13:21:59', 1),
(91, 16, 1, '紅槽肉便當', 'a5c3accf-391b-430c-9718-fff29b5296fa.jpeg', 60, 3, '', '18:00:00', '19:00:00', '2022-01-28 13:21:59', 1),
(92, 16, 1, '招牌酥炸雞腿便當', 'b3581d71-e5cc-46d2-a8c6-228f6e7ad875 (1).jpeg', 60, 3, '', '18:00:00', '19:00:00', '2022-01-28 13:21:59', 1),
(93, 17, 1, '糖醋肉便當', '1bb5d4e2-b971-4ca5-9606-be5d6dcf230f.jpeg', 60, 3, '', '18:00:00', '19:00:00', '2022-01-28 13:21:59', 1),
(94, 17, 1, '招牌三杯雞便當', 'e5d26fc7-3e75-452f-9995-114e3f556410.jpeg', 60, 3, '', '18:00:00', '19:00:00', '2022-01-28 13:21:59', 1),
(95, 17, 1, '招牌酥炸雞腿便當', 'b3581d71-e5cc-46d2-a8c6-228f6e7ad875.jpeg', 60, 3, '', '18:00:00', '19:00:00', '2022-01-28 13:21:59', 1),
(96, 17, 1, '紅槽肉便當', 'a5c3accf-391b-430c-9718-fff29b5296fa.jpeg', 60, 3, '', '18:00:00', '19:00:00', '2022-01-28 13:21:59', 1),
(97, 17, 1, '招牌酥炸雞腿便當', 'b3581d71-e5cc-46d2-a8c6-228f6e7ad875 (1).jpeg', 60, 3, '', '18:00:00', '19:00:00', '2022-01-28 13:21:59', 1),
(98, 18, 6, '蛋堡', 'deeaf0aa-1fec-487f-9112-6356a48e588a.jpeg', 30, 3, '蛋奶素。含花生醬。產品含有花生、起司及蛋,不適合其過敏體質者食用。', '18:00:00', '19:00:00', '2022-01-28 13:21:59', 1),
(99, 18, 6, '漢堡', 'b85375ac-bb74-48f5-8280-f72b8b8cbe75.jpeg', 30, 3, '小辣。產品含有起司,不適合其過敏體質者食用。豬肉食材使用台灣豬肉。', '18:00:00', '19:00:00', '2022-01-28 13:21:59', 1),
(100, 18, 6, '風味三明治', 'a6fac548-9762-4946-9abd-333f6fb1352f.jpeg', 30, 3, '豬肉食材使用加拿大豬肉。', '18:00:00', '19:00:00', '2022-01-28 13:21:59', 1),
(101, 18, 6, '口袋歐姆蛋', '992187d6-c9a9-4b6d-bf7e-b128574c3b3e.jpeg', 30, 3, '', '18:00:00', '19:00:00', '2022-01-28 13:21:59', 1),
(102, 18, 6, '食光點心', '67e8011b-8b10-4b37-8a10-d73067beeede.jpeg', 30, 3, '⼀盒6片餅乾。蛋奶素', '18:00:00', '19:00:00', '2022-01-28 13:21:59', 1),
(103, 19, 6, '蛋堡', 'deeaf0aa-1fec-487f-9112-6356a48e588a.jpeg', 30, 3, '蛋奶素。含花生醬。產品含有花生、起司及蛋,不適合其過敏體質者食用。', '18:00:00', '19:00:00', '2022-01-28 13:21:59', 1),
(104, 19, 6, '漢堡', 'b85375ac-bb74-48f5-8280-f72b8b8cbe75.jpeg', 30, 3, '小辣。產品含有起司,不適合其過敏體質者食用。豬肉食材使用台灣豬肉。', '18:00:00', '19:00:00', '2022-01-28 13:21:59', 1),
(105, 19, 6, '風味三明治', 'a6fac548-9762-4946-9abd-333f6fb1352f.jpeg', 30, 3, '豬肉食材使用加拿大豬肉。', '18:00:00', '19:00:00', '2022-01-28 13:21:59', 1),
(106, 19, 6, '口袋歐姆蛋', '992187d6-c9a9-4b6d-bf7e-b128574c3b3e.jpeg', 30, 3, '', '18:00:00', '19:00:00', '2022-01-28 13:21:59', 1),
(107, 19, 6, '食光點心', '67e8011b-8b10-4b37-8a10-d73067beeede.jpeg', 30, 3, '⼀盒6片餅乾。蛋奶素', '18:00:00', '19:00:00', '2022-01-28 13:21:59', 1),
(108, 20, 6, '蛋堡', 'deeaf0aa-1fec-487f-9112-6356a48e588a.jpeg', 30, 3, '蛋奶素。含花生醬。產品含有花生、起司及蛋,不適合其過敏體質者食用。', '18:00:00', '19:00:00', '2022-01-28 13:21:59', 1),
(109, 20, 6, '漢堡', 'b85375ac-bb74-48f5-8280-f72b8b8cbe75.jpeg', 30, 3, '小辣。產品含有起司,不適合其過敏體質者食用。豬肉食材使用台灣豬肉。', '18:00:00', '19:00:00', '2022-01-28 13:21:59', 1),
(110, 20, 6, '風味三明治', 'a6fac548-9762-4946-9abd-333f6fb1352f.jpeg', 30, 3, '豬肉食材使用加拿大豬肉。', '18:00:00', '19:00:00', '2022-01-28 13:21:59', 1),
(111, 20, 6, '口袋歐姆蛋', '992187d6-c9a9-4b6d-bf7e-b128574c3b3e.jpeg', 30, 3, '', '18:00:00', '19:00:00', '2022-01-28 13:21:59', 1),
(112, 20, 6, '食光點心', '67e8011b-8b10-4b37-8a10-d73067beeede.jpeg', 30, 3, '⼀盒6片餅乾。蛋奶素', '18:00:00', '19:00:00', '2022-01-28 13:21:59', 1),
(113, 21, 1, '炸雞腿飯', 'd332b50b-b153-4f5d-ad06-ff8ede3ddf4b.jpeg', 50, 3, '', '18:00:00', '19:00:00', '2022-01-28 13:21:59', 1),
(114, 21, 1, '炸排骨飯', '3c1f86b1-6f4f-4d5d-93c4-6a3d8be870d7.jpeg', 50, 3, '', '18:00:00', '19:00:00', '2022-01-28 13:21:59', 1),
(115, 21, 1, '炸紅糟肉飯套餐', 'f87934c2-fcf7-4418-9747-10d9642b0dba.jpeg', 50, 3, '', '18:00:00', '19:00:00', '2022-01-28 13:21:59', 1),
(116, 21, 1, '炸排骨飯套餐', 'b6951b76-65e6-4165-ad2e-18d6ba03f9a6.jpeg', 50, 3, '', '18:00:00', '19:00:00', '2022-01-28 13:21:59', 1),
(117, 21, 1, '炸雞腿', '0a2f6dfb-267d-4eb3-b2a9-8502e32b72d4.jpeg', 50, 3, '', '18:00:00', '19:00:00', '2022-01-28 13:21:59', 1),
(118, 22, 1, '炸雞腿飯', 'd332b50b-b153-4f5d-ad06-ff8ede3ddf4b.jpeg', 50, 3, '', '18:00:00', '19:00:00', '2022-01-28 13:21:59', 1),
(119, 22, 1, '炸排骨飯', '3c1f86b1-6f4f-4d5d-93c4-6a3d8be870d7.jpeg', 50, 3, '', '18:00:00', '19:00:00', '2022-01-28 13:21:59', 1),
(120, 22, 1, '炸紅糟肉飯套餐', 'f87934c2-fcf7-4418-9747-10d9642b0dba.jpeg', 50, 3, '', '18:00:00', '19:00:00', '2022-01-28 13:21:59', 1),
(121, 22, 1, '炸排骨飯套餐', 'b6951b76-65e6-4165-ad2e-18d6ba03f9a6.jpeg', 50, 3, '', '18:00:00', '19:00:00', '2022-01-28 13:21:59', 1),
(122, 22, 1, '炸雞腿', '0a2f6dfb-267d-4eb3-b2a9-8502e32b72d4.jpeg', 50, 3, '', '18:00:00', '19:00:00', '2022-01-28 13:21:59', 1),
(123, 23, 1, '炸雞腿飯', 'd332b50b-b153-4f5d-ad06-ff8ede3ddf4b.jpeg', 50, 6, '', '10:00:00', '19:00:00', '2022-01-28 13:21:59', 1),
(124, 23, 1, '炸排骨飯', '3c1f86b1-6f4f-4d5d-93c4-6a3d8be870d7.jpeg', 50, 1, '', '18:00:00', '19:00:00', '2022-01-28 13:21:59', 1),
(125, 23, 1, '炸紅糟肉飯套餐', 'f87934c2-fcf7-4418-9747-10d9642b0dba.jpeg', 50, 6, '', '10:00:00', '19:00:00', '2022-01-28 13:21:59', 1),
(126, 23, 1, '炸排骨飯套餐', 'b6951b76-65e6-4165-ad2e-18d6ba03f9a6.jpeg', 50, 5, '', '18:00:00', '19:00:00', '2022-01-28 13:21:59', 1),
(127, 23, 1, '炸雞腿', '0a2f6dfb-267d-4eb3-b2a9-8502e32b72d4.jpeg', 50, 4, '', '11:00:00', '19:00:00', '2022-01-28 13:21:59', 1),
(128, 24, 1, '炸雞腿飯', 'd332b50b-b153-4f5d-ad06-ff8ede3ddf4b.jpeg', 50, 3, '', '18:00:00', '19:00:00', '2022-01-28 13:21:59', 1),
(129, 24, 1, '炸排骨飯', '3c1f86b1-6f4f-4d5d-93c4-6a3d8be870d7.jpeg', 50, 3, '', '18:00:00', '19:00:00', '2022-01-28 13:21:59', 1),
(130, 24, 1, '炸紅糟肉飯套餐', 'f87934c2-fcf7-4418-9747-10d9642b0dba.jpeg', 50, 3, '', '18:00:00', '19:00:00', '2022-01-28 13:21:59', 1),
(131, 24, 1, '炸排骨飯套餐', 'b6951b76-65e6-4165-ad2e-18d6ba03f9a6.jpeg', 50, 3, '', '18:00:00', '19:00:00', '2022-01-28 13:21:59', 1),
(132, 24, 1, '炸雞腿', '0a2f6dfb-267d-4eb3-b2a9-8502e32b72d4.jpeg', 50, 3, '', '18:00:00', '19:00:00', '2022-01-28 13:21:59', 1),
(133, 25, 9, '奶酥吐司', 'd627e3a1-6c8b-46b2-81e0-3d8d96296ab1.jpeg', 40, 3, '', '18:00:00', '19:00:00', '2022-01-28 13:21:59', 1),
(134, 25, 9, '香草菠蘿泡芙', '7ad7f92d-9ea6-4758-8379-c23cf965f054.jpeg', 40, 3, '', '18:00:00', '19:00:00', '2022-01-28 13:21:59', 1),
(135, 25, 9, '全麥乾酪吐司', '28325d74-1550-4892-9996-a0bae339fc6d.jpeg', 40, 3, '', '18:00:00', '19:00:00', '2022-01-28 13:21:59', 1),
(136, 25, 9, '提拉米蘇蛋糕', 'd5f3b9eb-ed93-46e5-8fcd-6d13d439d801.jpeg', 40, 3, '', '18:00:00', '19:00:00', '2022-01-28 13:21:59', 1),
(137, 25, 9, '鮮奶油泡芙', '25ac4395-f63f-4c4d-8063-8f4f3dcda0ee.jpeg', 40, 3, '', '18:00:00', '19:00:00', '2022-01-28 13:21:59', 1),
(138, 25, 9, '傳統吐司', '30422bef-ff80-4390-af53-5870e7138ba7.jpeg', 40, 3, '', '18:00:00', '19:00:00', '2022-01-28 13:21:59', 1),
(139, 26, 9, '奶酥吐司', 'd627e3a1-6c8b-46b2-81e0-3d8d96296ab1.jpeg', 40, 3, '', '18:00:00', '19:00:00', '2022-01-28 13:21:59', 1),
(140, 26, 9, '香草菠蘿泡芙', '7ad7f92d-9ea6-4758-8379-c23cf965f054.jpeg', 40, 3, '', '18:00:00', '19:00:00', '2022-01-28 13:21:59', 1),
(141, 26, 9, '全麥乾酪吐司', '28325d74-1550-4892-9996-a0bae339fc6d.jpeg', 40, 3, '', '18:00:00', '19:00:00', '2022-01-28 13:21:59', 1),
(142, 26, 9, '提拉米蘇蛋糕', 'd5f3b9eb-ed93-46e5-8fcd-6d13d439d801.jpeg', 40, 3, '', '18:00:00', '19:00:00', '2022-01-28 13:21:59', 1),
(143, 26, 9, '鮮奶油泡芙', '25ac4395-f63f-4c4d-8063-8f4f3dcda0ee.jpeg', 40, 3, '', '18:00:00', '19:00:00', '2022-01-28 13:21:59', 1),
(144, 26, 9, '傳統吐司', '30422bef-ff80-4390-af53-5870e7138ba7.jpeg', 40, 3, '', '18:00:00', '19:00:00', '2022-01-28 13:21:59', 1),
(145, 27, 9, '奶酥吐司', 'd627e3a1-6c8b-46b2-81e0-3d8d96296ab1.jpeg', 40, 3, '', '18:00:00', '19:00:00', '2022-01-28 13:21:59', 1),
(146, 27, 9, '香草菠蘿泡芙', '7ad7f92d-9ea6-4758-8379-c23cf965f054.jpeg', 40, 3, '', '18:00:00', '19:00:00', '2022-01-28 13:21:59', 1),
(147, 27, 9, '全麥乾酪吐司', '28325d74-1550-4892-9996-a0bae339fc6d.jpeg', 40, 3, '', '18:00:00', '19:00:00', '2022-01-28 13:21:59', 1),
(148, 27, 9, '提拉米蘇蛋糕', 'd5f3b9eb-ed93-46e5-8fcd-6d13d439d801.jpeg', 40, 3, '', '18:00:00', '19:00:00', '2022-01-28 13:21:59', 1),
(149, 27, 9, '鮮奶油泡芙', '25ac4395-f63f-4c4d-8063-8f4f3dcda0ee.jpeg', 40, 3, '', '18:00:00', '19:00:00', '2022-01-28 13:21:59', 1),
(150, 27, 9, '傳統吐司', '30422bef-ff80-4390-af53-5870e7138ba7.jpeg', 40, 3, '', '18:00:00', '19:00:00', '2022-01-28 13:21:59', 1),
(151, 28, 9, '奶酥吐司', 'd627e3a1-6c8b-46b2-81e0-3d8d96296ab1.jpeg', 40, 3, '', '18:00:00', '19:00:00', '2022-01-28 13:21:59', 1),
(152, 28, 9, '香草菠蘿泡芙', '7ad7f92d-9ea6-4758-8379-c23cf965f054.jpeg', 40, 3, '', '18:00:00', '19:00:00', '2022-01-28 13:21:59', 1),
(153, 28, 9, '全麥乾酪吐司', '28325d74-1550-4892-9996-a0bae339fc6d.jpeg', 40, 3, '', '18:00:00', '19:00:00', '2022-01-28 13:21:59', 1),
(154, 28, 9, '提拉米蘇蛋糕', 'd5f3b9eb-ed93-46e5-8fcd-6d13d439d801.jpeg', 40, 3, '', '18:00:00', '19:00:00', '2022-01-28 13:21:59', 1),
(155, 28, 9, '鮮奶油泡芙', '25ac4395-f63f-4c4d-8063-8f4f3dcda0ee.jpeg', 40, 3, '', '18:00:00', '19:00:00', '2022-01-28 13:21:59', 1),
(156, 28, 9, '傳統吐司', '30422bef-ff80-4390-af53-5870e7138ba7.jpeg', 40, 3, '', '18:00:00', '19:00:00', '2022-01-28 13:21:59', 1),
(157, 29, 9, '酥皮菠蘿', 'b4facf495c22df52f3ca635379ebe613.jpeg', 40, 3, '含2個', '18:00:00', '19:00:00', '2022-01-28 13:21:59', 1),
(158, 29, 9, '花生酥菠蘿', 'b4facf495c22df52f3ca635379ebe613 (1).jpeg', 40, 3, '含2個', '18:00:00', '19:00:00', '2022-01-28 13:21:59', 1),
(159, 29, 9, '焦糖熟成肉桂捲', 'b4facf495c22df52f3ca635379ebe613 (2).jpeg', 40, 3, '含2個', '18:00:00', '19:00:00', '2022-01-28 13:21:59', 1),
(160, 29, 9, '莓果六合奏', 'b4facf495c22df52f3ca635379ebe613 (3).jpeg', 40, 3, '含2個', '18:00:00', '19:00:00', '2022-01-28 13:21:59', 1),
(161, 29, 9, '煙燻起司堡', 'b4facf495c22df52f3ca635379ebe613 (4).jpeg', 40, 3, '含2個', '18:00:00', '19:00:00', '2022-01-28 13:21:59', 1),
(162, 29, 9, '星野鹽麵包', 'b4facf495c22df52f3ca635379ebe613 (5).jpeg', 40, 3, '含2個', '18:00:00', '19:00:00', '2022-01-28 13:21:59', 1),
(163, 30, 9, '酥皮菠蘿', 'b4facf495c22df52f3ca635379ebe613.jpeg', 40, 3, '含2個', '18:00:00', '19:00:00', '2022-01-28 13:21:59', 1),
(164, 30, 9, '花生酥菠蘿', 'b4facf495c22df52f3ca635379ebe613 (1).jpeg', 40, 3, '含2個', '18:00:00', '19:00:00', '2022-01-28 13:21:59', 1),
(165, 30, 9, '焦糖熟成肉桂捲', 'b4facf495c22df52f3ca635379ebe613 (2).jpeg', 40, 3, '含2個', '18:00:00', '19:00:00', '2022-01-28 13:21:59', 1),
(166, 30, 9, '莓果六合奏', 'b4facf495c22df52f3ca635379ebe613 (3).jpeg', 40, 3, '含2個', '18:00:00', '19:00:00', '2022-01-28 13:21:59', 1),
(167, 30, 9, '煙燻起司堡', 'b4facf495c22df52f3ca635379ebe613 (4).jpeg', 40, 3, '含2個', '18:00:00', '19:00:00', '2022-01-28 13:21:59', 1),
(168, 30, 9, '星野鹽麵包', 'b4facf495c22df52f3ca635379ebe613 (5).jpeg', 40, 3, '含2個', '18:00:00', '19:00:00', '2022-01-28 13:21:59', 1),
(169, 31, 9, '酥皮菠蘿', 'b4facf495c22df52f3ca635379ebe613.jpeg', 40, 3, '含2個', '18:00:00', '19:00:00', '2022-01-28 13:21:59', 1),
(170, 31, 9, '花生酥菠蘿', 'b4facf495c22df52f3ca635379ebe613 (1).jpeg', 40, 3, '含2個', '18:00:00', '19:00:00', '2022-01-28 13:21:59', 1),
(171, 31, 9, '焦糖熟成肉桂捲', 'b4facf495c22df52f3ca635379ebe613 (2).jpeg', 40, 3, '含2個', '18:00:00', '19:00:00', '2022-01-28 13:21:59', 1),
(172, 31, 9, '莓果六合奏', 'b4facf495c22df52f3ca635379ebe613 (3).jpeg', 40, 3, '含2個', '18:00:00', '19:00:00', '2022-01-28 13:21:59', 1),
(173, 31, 9, '煙燻起司堡', 'b4facf495c22df52f3ca635379ebe613 (4).jpeg', 40, 3, '含2個', '18:00:00', '19:00:00', '2022-01-28 13:21:59', 1),
(174, 31, 9, '星野鹽麵包', 'b4facf495c22df52f3ca635379ebe613 (5).jpeg', 40, 3, '含2個', '18:00:00', '19:00:00', '2022-01-28 13:21:59', 1),
(175, 32, 9, '鹽可頌', '23b58da7-ef75-4baa-a361-c4b209463a4e.jpeg', 40, 3, '含2個', '18:00:00', '19:00:00', '2022-01-28 13:21:59', 1),
(176, 32, 9, '海鹽', '62d7ed23-4c73-44e4-89ef-989c6a5e0910.jpeg', 40, 3, '含2個', '18:00:00', '19:00:00', '2022-01-28 13:21:59', 1),
(177, 32, 9, '南瓜子鹹乳酪', '86d89159-2761-47c8-b3a3-863c34a34f0d.jpeg', 40, 3, '含2個', '18:00:00', '19:00:00', '2022-01-28 13:21:59', 1),
(178, 32, 9, '抹茶紅豆拿鐵吐司', '5a87b0ea-d48c-47f3-9487-62461707e345.jpeg', 40, 3, '含2個', '18:00:00', '19:00:00', '2022-01-28 13:21:59', 1),
(179, 32, 9, '肉桂捲', 'ea6c6fef-7df6-483a-95c1-b5577c84943a (1).jpeg', 40, 3, '含2個', '18:00:00', '19:00:00', '2022-01-28 13:21:59', 1),
(181, 33, 9, '鹽可頌', '23b58da7-ef75-4baa-a361-c4b209463a4e.jpeg', 40, 3, '含2個', '18:00:00', '19:00:00', '2022-01-28 13:21:59', 1),
(182, 33, 9, '海鹽', '62d7ed23-4c73-44e4-89ef-989c6a5e0910.jpeg', 40, 3, '含2個', '18:00:00', '19:00:00', '2022-01-28 13:21:59', 1),
(183, 33, 9, '南瓜子鹹乳酪', '86d89159-2761-47c8-b3a3-863c34a34f0d.jpeg', 40, 3, '含2個', '18:00:00', '19:00:00', '2022-01-28 13:21:59', 1),
(184, 33, 9, '抹茶紅豆拿鐵吐司', '5a87b0ea-d48c-47f3-9487-62461707e345.jpeg', 40, 3, '含2個', '18:00:00', '19:00:00', '2022-01-28 13:21:59', 1),
(185, 33, 9, '肉桂捲', 'ea6c6fef-7df6-483a-95c1-b5577c84943a (1).jpeg', 40, 3, '含2個', '18:00:00', '19:00:00', '2022-01-28 13:21:59', 1),
(186, 34, 9, '鹽可頌', '23b58da7-ef75-4baa-a361-c4b209463a4e.jpeg', 40, 3, '含2個', '18:00:00', '19:00:00', '2022-01-28 13:21:59', 1),
(187, 34, 9, '海鹽', '62d7ed23-4c73-44e4-89ef-989c6a5e0910.jpeg', 40, 3, '含2個', '18:00:00', '19:00:00', '2022-01-28 13:21:59', 1),
(188, 34, 9, '南瓜子鹹乳酪', '86d89159-2761-47c8-b3a3-863c34a34f0d.jpeg', 40, 3, '含2個', '18:00:00', '19:00:00', '2022-01-28 13:21:59', 1),
(189, 34, 9, '抹茶紅豆拿鐵吐司', '5a87b0ea-d48c-47f3-9487-62461707e345.jpeg', 40, 3, '含2個', '18:00:00', '19:00:00', '2022-01-28 13:21:59', 1),
(190, 34, 9, '肉桂捲', 'ea6c6fef-7df6-483a-95c1-b5577c84943a (1).jpeg', 40, 3, '含2個', '18:00:00', '19:00:00', '2022-01-28 13:21:59', 1),
(191, 35, 9, '鹽可頌', '23b58da7-ef75-4baa-a361-c4b209463a4e.jpeg', 40, 3, '含2個', '18:00:00', '19:00:00', '2022-01-28 13:21:59', 1),
(192, 35, 9, '海鹽', '62d7ed23-4c73-44e4-89ef-989c6a5e0910.jpeg', 40, 3, '含2個', '18:00:00', '19:00:00', '2022-01-28 13:21:59', 1),
(193, 35, 9, '南瓜子鹹乳酪', '86d89159-2761-47c8-b3a3-863c34a34f0d.jpeg', 35, 3, '含2個', '18:00:00', '19:00:00', '2022-01-28 13:21:59', 1),
(194, 35, 9, '抹茶紅豆拿鐵吐司', '5a87b0ea-d48c-47f3-9487-62461707e345.jpeg', 40, 3, '含2個', '18:00:00', '19:00:00', '2022-01-28 13:21:59', 1),
(195, 35, 9, '肉桂捲', 'ea6c6fef-7df6-483a-95c1-b5577c84943a (1).jpeg', 40, 3, '含2個', '18:00:00', '19:00:00', '2022-01-28 13:21:59', 1),
(196, 36, 9, '鹽可頌', '23b58da7-ef75-4baa-a361-c4b209463a4e.jpeg', 40, 3, '含2個', '18:00:00', '19:00:00', '2022-01-28 13:21:59', 1),
(197, 36, 9, '海鹽', '62d7ed23-4c73-44e4-89ef-989c6a5e0910.jpeg', 40, 3, '含2個', '18:00:00', '19:00:00', '2022-01-28 13:21:59', 1),
(198, 36, 9, '南瓜子鹹乳酪', '86d89159-2761-47c8-b3a3-863c34a34f0d.jpeg', 35, 3, '含2個', '18:00:00', '19:00:00', '2022-01-28 13:21:59', 1),
(199, 36, 9, '抹茶紅豆拿鐵吐司', '5a87b0ea-d48c-47f3-9487-62461707e345.jpeg', 40, 3, '含2個', '18:00:00', '19:00:00', '2022-01-28 13:21:59', 1),
(200, 36, 9, '肉桂捲', 'ea6c6fef-7df6-483a-95c1-b5577c84943a (1).jpeg', 40, 3, '含2個', '18:00:00', '19:00:00', '2022-01-28 13:21:59', 1),
(201, 37, 9, '鹽可頌', '23b58da7-ef75-4baa-a361-c4b209463a4e.jpeg', 40, 3, '含2個', '18:00:00', '19:00:00', '2022-01-28 13:21:59', 1),
(202, 37, 9, '海鹽', '62d7ed23-4c73-44e4-89ef-989c6a5e0910.jpeg', 40, 3, '含2個', '18:00:00', '19:00:00', '2022-01-28 13:21:59', 1),
(203, 37, 9, '南瓜子鹹乳酪', '86d89159-2761-47c8-b3a3-863c34a34f0d.jpeg', 40, 3, '含2個', '18:00:00', '19:00:00', '2022-01-28 13:21:59', 1),
(204, 37, 9, '抹茶紅豆拿鐵吐司', '5a87b0ea-d48c-47f3-9487-62461707e345.jpeg', 40, 3, '含2個', '18:00:00', '19:00:00', '2022-01-28 13:21:59', 1),
(205, 37, 9, '肉桂捲', 'ea6c6fef-7df6-483a-95c1-b5577c84943a (1).jpeg', 40, 3, '含2個', '18:00:00', '19:00:00', '2022-01-28 13:21:59', 1),
(206, 38, 9, '鹽可頌', '23b58da7-ef75-4baa-a361-c4b209463a4e.jpeg', 40, 3, '含2個', '18:00:00', '19:00:00', '2022-01-28 13:21:59', 1),
(207, 38, 9, '海鹽', '62d7ed23-4c73-44e4-89ef-989c6a5e0910.jpeg', 40, 3, '含2個', '18:00:00', '19:00:00', '2022-01-28 13:21:59', 1),
(208, 38, 9, '南瓜子鹹乳酪', '86d89159-2761-47c8-b3a3-863c34a34f0d.jpeg', 35, 3, '含2個', '18:00:00', '19:00:00', '2022-01-28 13:21:59', 1),
(209, 38, 9, '抹茶紅豆拿鐵吐司', '5a87b0ea-d48c-47f3-9487-62461707e345.jpeg', 40, 3, '含2個', '18:00:00', '19:00:00', '2022-01-28 13:21:59', 1),
(210, 38, 9, '肉桂捲', 'ea6c6fef-7df6-483a-95c1-b5577c84943a (1).jpeg', 40, 3, '含2個', '18:00:00', '19:00:00', '2022-01-28 13:21:59', 1),
(211, 39, 9, '鹽可頌', '23b58da7-ef75-4baa-a361-c4b209463a4e.jpeg', 40, 3, '含2個', '18:00:00', '19:00:00', '2022-01-28 13:21:59', 1),
(212, 39, 9, '海鹽', '62d7ed23-4c73-44e4-89ef-989c6a5e0910.jpeg', 40, 3, '含2個', '18:00:00', '19:00:00', '2022-01-28 13:21:59', 1),
(213, 39, 9, '南瓜子鹹乳酪', '86d89159-2761-47c8-b3a3-863c34a34f0d.jpeg', 35, 3, '含2個', '18:00:00', '19:00:00', '2022-01-28 13:21:59', 1),
(214, 39, 9, '抹茶紅豆拿鐵吐司', '5a87b0ea-d48c-47f3-9487-62461707e345.jpeg', 40, 3, '含2個', '18:00:00', '19:00:00', '2022-01-28 13:21:59', 1),
(215, 39, 9, '肉桂捲', 'ea6c6fef-7df6-483a-95c1-b5577c84943a (1).jpeg', 40, 3, '含2個', '18:00:00', '19:00:00', '2022-01-28 13:21:59', 1),
(216, 40, 9, '鹽可頌', '23b58da7-ef75-4baa-a361-c4b209463a4e.jpeg', 40, 3, '含2個', '18:00:00', '19:00:00', '2022-01-28 13:21:59', 1),
(217, 40, 9, '海鹽', '62d7ed23-4c73-44e4-89ef-989c6a5e0910.jpeg', 40, 3, '含2個', '18:00:00', '19:00:00', '2022-01-28 13:21:59', 1),
(218, 40, 9, '南瓜子鹹乳酪', '86d89159-2761-47c8-b3a3-863c34a34f0d.jpeg', 35, 3, '含2個', '18:00:00', '19:00:00', '2022-01-28 13:21:59', 1),
(219, 40, 9, '抹茶紅豆拿鐵吐司', '5a87b0ea-d48c-47f3-9487-62461707e345.jpeg', 40, 3, '含2個', '18:00:00', '19:00:00', '2022-01-28 13:21:59', 1),
(220, 40, 9, '肉桂捲', 'ea6c6fef-7df6-483a-95c1-b5577c84943a (1).jpeg', 40, 3, '含2個', '18:00:00', '19:00:00', '2022-01-28 13:21:59', 1),
(221, 41, 8, '全起士', '3d82ede2-b632-47e3-b61e-42956fe1cdb8.jpeg', 40, 3, '含2個', '18:00:00', '19:00:00', '2022-01-28 13:21:59', 1),
(222, 41, 8, '翡翠檸檬派', 'e93ac7e1-47df-4ffb-a024-bfb38e0a48a0.jpeg', 40, 3, '含2個', '18:00:00', '19:00:00', '2022-01-28 13:21:59', 1),
(223, 41, 8, '德式黑森林', '38fd1ebe-3eea-4447-85de-7be01232618b.jpeg', 40, 3, '含2個', '18:00:00', '19:00:00', '2022-01-28 13:21:59', 1),
(224, 41, 8, '波士頓派', 'caed6a29-1d4f-482d-848d-aac1fd214003.jpeg', 35, 3, '含2個', '18:00:00', '19:00:00', '2022-01-28 13:21:59', 1),
(225, 41, 8, '巧克力波士頓', '596c9d20-2a76-4245-818a-365795dc0bb8.jpeg', 40, 3, '含2個', '18:00:00', '19:00:00', '2022-01-28 13:21:59', 1),
(226, 41, 8, '楚佛巧克力', 'dc7ace8e-d496-4c03-9084-8ee3946d4b9d.jpeg', 40, 3, '含2個', '18:00:00', '19:00:00', '2022-01-28 13:21:59', 1),
(227, 42, 8, '全起士', '3d82ede2-b632-47e3-b61e-42956fe1cdb8.jpeg', 40, 3, '含2個', '18:00:00', '19:00:00', '2022-01-28 13:21:59', 1),
(228, 42, 8, '翡翠檸檬派', 'e93ac7e1-47df-4ffb-a024-bfb38e0a48a0.jpeg', 40, 3, '含2個', '18:00:00', '19:00:00', '2022-01-28 13:21:59', 1),
(229, 42, 8, '德式黑森林', '38fd1ebe-3eea-4447-85de-7be01232618b.jpeg', 40, 3, '含2個', '18:00:00', '19:00:00', '2022-01-28 13:21:59', 1),
(230, 42, 8, '波士頓派', 'caed6a29-1d4f-482d-848d-aac1fd214003.jpeg', 35, 3, '含2個', '18:00:00', '19:00:00', '2022-01-28 13:21:59', 1),
(231, 42, 8, '巧克力波士頓', '596c9d20-2a76-4245-818a-365795dc0bb8.jpeg', 40, 3, '含2個', '18:00:00', '19:00:00', '2022-01-28 13:21:59', 1),
(232, 42, 8, '楚佛巧克力', 'dc7ace8e-d496-4c03-9084-8ee3946d4b9d.jpeg', 40, 3, '含2個', '18:00:00', '19:00:00', '2022-01-28 13:21:59', 1),
(233, 43, 8, '全起士', '3d82ede2-b632-47e3-b61e-42956fe1cdb8.jpeg', 40, 3, '含2個', '18:00:00', '19:00:00', '2022-01-28 13:21:59', 1),
(234, 43, 8, '翡翠檸檬派', 'e93ac7e1-47df-4ffb-a024-bfb38e0a48a0.jpeg', 40, 3, '含2個', '18:00:00', '19:00:00', '2022-01-28 13:21:59', 1),
(235, 43, 8, '德式黑森林', '38fd1ebe-3eea-4447-85de-7be01232618b.jpeg', 40, 3, '含2個', '18:00:00', '19:00:00', '2022-01-28 13:21:59', 1),
(236, 43, 8, '波士頓派', 'caed6a29-1d4f-482d-848d-aac1fd214003.jpeg', 35, 3, '含2個', '18:00:00', '19:00:00', '2022-01-28 13:21:59', 1),
(237, 43, 8, '巧克力波士頓', '596c9d20-2a76-4245-818a-365795dc0bb8.jpeg', 40, 3, '含2個', '18:00:00', '19:00:00', '2022-01-28 13:21:59', 1),
(238, 43, 8, '楚佛巧克力', 'dc7ace8e-d496-4c03-9084-8ee3946d4b9d.jpeg', 40, 3, '含2個', '18:00:00', '19:00:00', '2022-01-28 13:21:59', 1),
(239, 44, 8, '全起士', '3d82ede2-b632-47e3-b61e-42956fe1cdb8.jpeg', 40, 3, '含2個', '18:00:00', '19:00:00', '2022-01-28 13:21:59', 1),
(240, 44, 8, '翡翠檸檬派', 'e93ac7e1-47df-4ffb-a024-bfb38e0a48a0.jpeg', 40, 3, '含2個', '18:00:00', '19:00:00', '2022-01-28 13:21:59', 1),
(241, 44, 8, '德式黑森林', '38fd1ebe-3eea-4447-85de-7be01232618b.jpeg', 40, 3, '含2個', '18:00:00', '19:00:00', '2022-01-28 13:21:59', 1),
(242, 44, 8, '波士頓派', 'caed6a29-1d4f-482d-848d-aac1fd214003.jpeg', 35, 3, '含2個', '18:00:00', '19:00:00', '2022-01-28 13:21:59', 1),
(243, 44, 8, '巧克力波士頓', '596c9d20-2a76-4245-818a-365795dc0bb8.jpeg', 40, 3, '含2個', '18:00:00', '19:00:00', '2022-01-28 13:21:59', 1),
(244, 44, 8, '楚佛巧克力', 'dc7ace8e-d496-4c03-9084-8ee3946d4b9d.jpeg', 40, 3, '含2個', '18:00:00', '19:00:00', '2022-01-28 13:21:59', 1),
(245, 45, 8, '全起士', '3d82ede2-b632-47e3-b61e-42956fe1cdb8.jpeg', 40, 3, '含2個', '18:00:00', '19:00:00', '2022-01-28 13:21:59', 1),
(246, 45, 8, '翡翠檸檬派', 'e93ac7e1-47df-4ffb-a024-bfb38e0a48a0.jpeg', 40, 3, '含2個', '18:00:00', '19:00:00', '2022-01-28 13:21:59', 1),
(247, 45, 8, '德式黑森林', '38fd1ebe-3eea-4447-85de-7be01232618b.jpeg', 40, 3, '含2個', '18:00:00', '19:00:00', '2022-01-28 13:21:59', 1),
(248, 45, 8, '波士頓派', 'caed6a29-1d4f-482d-848d-aac1fd214003.jpeg', 35, 3, '含2個', '18:00:00', '19:00:00', '2022-01-28 13:21:59', 1),
(249, 45, 8, '巧克力波士頓', '596c9d20-2a76-4245-818a-365795dc0bb8.jpeg', 40, 3, '含2個', '18:00:00', '19:00:00', '2022-01-28 13:21:59', 1),
(250, 45, 8, '楚佛巧克力', 'dc7ace8e-d496-4c03-9084-8ee3946d4b9d.jpeg', 40, 3, '含2個', '18:00:00', '19:00:00', '2022-01-28 13:21:59', 1),
(251, 46, 8, '全起士', '3d82ede2-b632-47e3-b61e-42956fe1cdb8.jpeg', 40, 3, '含2個', '18:00:00', '19:00:00', '2022-01-28 13:21:59', 1),
(252, 46, 8, '翡翠檸檬派', 'e93ac7e1-47df-4ffb-a024-bfb38e0a48a0.jpeg', 40, 3, '含2個', '18:00:00', '19:00:00', '2022-01-28 13:21:59', 1),
(253, 46, 8, '德式黑森林', '38fd1ebe-3eea-4447-85de-7be01232618b.jpeg', 40, 3, '含2個', '18:00:00', '19:00:00', '2022-01-28 13:21:59', 1),
(254, 46, 8, '波士頓派', 'caed6a29-1d4f-482d-848d-aac1fd214003.jpeg', 35, 3, '含2個', '18:00:00', '19:00:00', '2022-01-28 13:21:59', 1),
(255, 46, 8, '巧克力波士頓', '596c9d20-2a76-4245-818a-365795dc0bb8.jpeg', 40, 3, '含2個', '18:00:00', '19:00:00', '2022-01-28 13:21:59', 1),
(256, 46, 8, '楚佛巧克力', 'dc7ace8e-d496-4c03-9084-8ee3946d4b9d.jpeg', 40, 3, '含2個', '18:00:00', '19:00:00', '2022-01-28 13:21:59', 1),
(257, 47, 7, '日本国抹茶珍珠那堤', 'bb99ea67-ad2d-4ff1-b266-f4bfa87da394.jpeg', 40, 3, '含2個', '18:00:00', '19:00:00', '2022-01-28 13:21:59', 1),
(258, 47, 7, '荔枝鶴頂紅茶', '2904ee53-9077-41bc-830f-303f3aa4a496.jpeg', 40, 3, '含2個', '18:00:00', '19:00:00', '2022-01-28 13:21:59', 1),
(259, 47, 7, '鶴氏姥姥水果茶', 'deef6911-564e-417e-9550-04fbd4325e28.jpeg', 35, 3, '含2個', '18:00:00', '19:00:00', '2022-01-28 13:21:59', 1),
(260, 47, 7, '鶴頂紅茶', '3ac2ce85-5341-41bb-b630-41f37f76ea9b.jpeg', 40, 3, '含2個', '18:00:00', '19:00:00', '2022-01-28 13:21:59', 1),
(261, 47, 7, '綺夢珍珠那堤', 'bdd37b6a-89bf-4fa5-b9c0-eae1bb100c53.jpeg', 40, 3, '含2個', '18:00:00', '19:00:00', '2022-01-28 13:21:59', 1),
(262, 48, 7, '日本国抹茶珍珠那堤', 'bb99ea67-ad2d-4ff1-b266-f4bfa87da394.jpeg', 40, 3, '含2個', '18:00:00', '19:00:00', '2022-01-28 13:21:59', 1),
(263, 48, 7, '荔枝鶴頂紅茶', '2904ee53-9077-41bc-830f-303f3aa4a496.jpeg', 40, 3, '含2個', '18:00:00', '19:00:00', '2022-01-28 13:21:59', 1),
(264, 48, 7, '鶴氏姥姥水果茶', 'deef6911-564e-417e-9550-04fbd4325e28.jpeg', 35, 3, '含2個', '18:00:00', '19:00:00', '2022-01-28 13:21:59', 1),
(265, 48, 7, '鶴頂紅茶', '3ac2ce85-5341-41bb-b630-41f37f76ea9b.jpeg', 40, 3, '含2個', '18:00:00', '19:00:00', '2022-01-28 13:21:59', 1),
(266, 48, 7, '綺夢珍珠那堤', 'bdd37b6a-89bf-4fa5-b9c0-eae1bb100c53.jpeg', 40, 3, '含2個', '18:00:00', '19:00:00', '2022-01-28 13:21:59', 1),
(267, 49, 7, '日本国抹茶珍珠那堤', 'bb99ea67-ad2d-4ff1-b266-f4bfa87da394.jpeg', 40, 3, '含2個', '18:00:00', '19:00:00', '2022-01-28 13:21:59', 1),
(268, 49, 7, '荔枝鶴頂紅茶', '2904ee53-9077-41bc-830f-303f3aa4a496.jpeg', 40, 3, '含2個', '18:00:00', '19:00:00', '2022-01-28 13:21:59', 1),
(269, 49, 7, '鶴氏姥姥水果茶', 'deef6911-564e-417e-9550-04fbd4325e28.jpeg', 35, 3, '含2個', '18:00:00', '19:00:00', '2022-01-28 13:21:59', 1),
(270, 49, 7, '鶴頂紅茶', '3ac2ce85-5341-41bb-b630-41f37f76ea9b.jpeg', 40, 3, '含2個', '18:00:00', '19:00:00', '2022-01-28 13:21:59', 1),
(271, 49, 7, '綺夢珍珠那堤', 'bdd37b6a-89bf-4fa5-b9c0-eae1bb100c53.jpeg', 40, 3, '含2個', '18:00:00', '19:00:00', '2022-01-28 13:21:59', 1),
(272, 50, 7, '日本国抹茶珍珠那堤', 'bb99ea67-ad2d-4ff1-b266-f4bfa87da394.jpeg', 40, 3, '含2個', '18:00:00', '19:00:00', '2022-01-28 13:21:59', 1),
(273, 50, 7, '荔枝鶴頂紅茶', '2904ee53-9077-41bc-830f-303f3aa4a496.jpeg', 40, 3, '含2個', '18:00:00', '19:00:00', '2022-01-28 13:21:59', 1),
(274, 50, 7, '鶴氏姥姥水果茶', 'deef6911-564e-417e-9550-04fbd4325e28.jpeg', 35, 3, '含2個', '18:00:00', '19:00:00', '2022-01-28 13:21:59', 1),
(275, 50, 7, '鶴頂紅茶', '3ac2ce85-5341-41bb-b630-41f37f76ea9b.jpeg', 40, 3, '含2個', '18:00:00', '19:00:00', '2022-01-28 13:21:59', 1),
(276, 50, 7, '綺夢珍珠那堤', 'bdd37b6a-89bf-4fa5-b9c0-eae1bb100c53.jpeg', 40, 3, '含2個', '18:00:00', '19:00:00', '2022-01-28 13:21:59', 1),
(277, 52, 1, '招牌紅燒肉便當', '39207b39-39ae-4553-9ffa-f4d004edb033.jpeg', 40, 3, '含2個', '18:00:00', '19:00:00', '2022-01-28 13:21:59', 1),
(278, 52, 1, '招牌切仔麵', '7201607d-28df-4b7b-918d-4f0a87630dc2.jpeg', 40, 3, '含2個', '18:00:00', '19:00:00', '2022-01-28 13:21:59', 1),
(279, 51, 1, '日式咖哩牛肉飯', '25514016-e6f3-4b1c-822f-1bfffe1b1413.jpeg', 40, 3, '含2個', '18:00:00', '19:00:00', '2022-01-28 13:21:59', 1),
(280, 51, 1, '大腸及蚵仔麵線', 'f556b071-fc12-4bc0-b55f-187d4c95ccbf.jpeg', 40, 3, '含2個', '18:00:00', '19:00:00', '2022-01-28 13:21:59', 1),
(281, 56, 4, '咖哩草蝦', '65b367a3-7fb7-4913-8a98-8df374cb46cc', 40, 3, '', '18:00:00', '19:00:00', '2022-01-28 13:21:59', 1),
(282, 56, 4, '打拋豬肉', '19a9ce12-63ae-4e78-a9d2-72c247651869', 40, 3, '', '18:00:00', '19:00:00', '2022-01-28 13:21:59', 1),
(283, 56, 4, '涼拌海鮮', 'f556b071-fc12-4bc0-b55f-187d4c95ccbf.jpeg', 40, 3, '', '18:00:00', '19:00:00', '2022-01-28 13:21:59', 1),
(284, 57, 4, '咖哩草蝦', '65b367a3-7fb7-4913-8a98-8df374cb46cc', 40, 3, '', '18:00:00', '19:00:00', '2022-01-28 13:21:59', 1),
(285, 57, 4, '打拋豬肉', '19a9ce12-63ae-4e78-a9d2-72c247651869', 40, 3, '', '18:00:00', '19:00:00', '2022-01-28 13:21:59', 1),
(286, 57, 4, '涼拌海鮮', 'f556b071-fc12-4bc0-b55f-187d4c95ccbf.jpeg', 40, 3, '', '18:00:00', '19:00:00', '2022-01-28 13:21:59', 1),
(287, 58, 4, '咖哩草蝦', '65b367a3-7fb7-4913-8a98-8df374cb46cc', 40, 3, '', '18:00:00', '19:00:00', '2022-01-28 13:21:59', 1),
(288, 58, 4, '打拋豬肉', '19a9ce12-63ae-4e78-a9d2-72c247651869', 40, 3, '', '18:00:00', '19:00:00', '2022-01-28 13:21:59', 1),
(289, 58, 4, '涼拌海鮮', 'f556b071-fc12-4bc0-b55f-187d4c95ccbf.jpeg', 40, 3, '', '18:00:00', '19:00:00', '2022-01-28 13:21:59', 1),
(290, 59, 4, '咖哩草蝦', '65b367a3-7fb7-4913-8a98-8df374cb46cc', 40, 3, '', '18:00:00', '19:00:00', '2022-01-28 13:21:59', 1),
(291, 59, 4, '打拋豬肉', '19a9ce12-63ae-4e78-a9d2-72c247651869', 40, 3, '', '18:00:00', '19:00:00', '2022-01-28 13:21:59', 1),
(292, 59, 4, '涼拌海鮮', 'f556b071-fc12-4bc0-b55f-187d4c95ccbf.jpeg', 40, 3, '', '18:00:00', '19:00:00', '2022-01-28 13:21:59', 1),
(293, 60, 4, '咖哩草蝦', '65b367a3-7fb7-4913-8a98-8df374cb46cc', 40, 3, '', '18:00:00', '19:00:00', '2022-01-28 13:21:59', 1),
(294, 60, 4, '打拋豬肉', '19a9ce12-63ae-4e78-a9d2-72c247651869', 40, 3, '', '18:00:00', '19:00:00', '2022-01-28 13:21:59', 1),
(295, 60, 4, '涼拌海鮮', 'f556b071-fc12-4bc0-b55f-187d4c95ccbf.jpeg', 40, 3, '', '18:00:00', '19:00:00', '2022-01-28 13:21:59', 1),
(296, 61, 4, '泰文青咖哩-雞肉', 'e22c4100-4826-495f-8e6c-2866452d7be2.jpeg', 65, 3, '', '18:00:00', '19:00:00', '2022-01-28 13:21:59', 1),
(297, 61, 4, '泰文青咖哩-牛肉', 'eb859284-6765-4940-8338-b6423a300a61.jpeg', 65, 3, '', '18:00:00', '19:00:00', '2022-01-28 13:21:59', 1),
(298, 62, 4, '泰文青咖哩-雞肉', 'eb859284-6765-4940-8338-b6423a300a61.jpeg', 65, 3, '', '18:00:00', '19:00:00', '2022-01-28 13:21:59', 1),
(299, 62, 4, '泰文青咖哩-牛肉', 'eb859284-6765-4940-8338-b6423a300a61.jpeg', 65, 3, '', '18:00:00', '19:00:00', '2022-01-28 13:21:59', 1),
(300, 63, 4, '泰文青咖哩-雞肉', 'eb859284-6765-4940-8338-b6423a300a61.jpeg', 65, 3, '', '18:00:00', '19:00:00', '2022-01-28 13:21:59', 1),
(301, 63, 4, '泰文青咖哩-牛肉', 'eb859284-6765-4940-8338-b6423a300a61.jpeg', 65, 3, '', '18:00:00', '19:00:00', '2022-01-28 13:21:59', 1),
(302, 66, 8, '單片仲夏莓果乳酪蛋糕', '25102571-c905-4407-938b-741040310a44.jpeg', 40, 3, '', '18:00:00', '19:00:00', '2022-01-28 13:21:59', 1),
(303, 66, 8, '單片太妃糖雙層乳酪蛋糕', 'cbb032a5-c710-4cdd-80c9-6bc783431881.jpeg', 40, 3, '', '18:00:00', '19:00:00', '2022-01-28 13:21:59', 1),
(304, 66, 8, '單片貝禮詩香蕉生巧乳酪蛋糕 ', '12bc6394-13cd-4426-a19b-2ad8a4c7479e.jpeg', 40, 3, '', '18:00:00', '19:00:00', '2022-01-28 13:21:59', 1),
(305, 66, 8, '丸久小山園抹茶乳酪泡芙', 'a810634e-4c69-4f6f-90e7-5678842a3ef0.jpeg', 40, 3, '', '18:00:00', '19:00:00', '2022-01-28 13:21:59', 1),
(306, 67, 8, '單片仲夏莓果乳酪蛋糕', '25102571-c905-4407-938b-741040310a44.jpeg', 40, 3, '', '18:00:00', '19:00:00', '2022-01-28 13:21:59', 1),
(307, 67, 8, '單片太妃糖雙層乳酪蛋糕', 'cbb032a5-c710-4cdd-80c9-6bc783431881.jpeg', 40, 3, '', '18:00:00', '19:00:00', '2022-01-28 13:21:59', 1),
(308, 67, 8, '單片貝禮詩香蕉生巧乳酪蛋糕 ', '12bc6394-13cd-4426-a19b-2ad8a4c7479e.jpeg', 40, 3, '', '18:00:00', '19:00:00', '2022-01-28 13:21:59', 1),
(309, 67, 8, '丸久小山園抹茶乳酪泡芙', 'a810634e-4c69-4f6f-90e7-5678842a3ef0.jpeg', 40, 3, '', '18:00:00', '19:00:00', '2022-01-28 13:21:59', 1),
(310, 68, 8, '單片仲夏莓果乳酪蛋糕', '25102571-c905-4407-938b-741040310a44.jpeg', 40, 3, '', '18:00:00', '19:00:00', '2022-01-28 13:21:59', 1),
(311, 68, 8, '單片太妃糖雙層乳酪蛋糕', 'cbb032a5-c710-4cdd-80c9-6bc783431881.jpeg', 40, 3, '', '18:00:00', '19:00:00', '2022-01-28 13:21:59', 1),
(312, 68, 8, '單片貝禮詩香蕉生巧乳酪蛋糕 ', '12bc6394-13cd-4426-a19b-2ad8a4c7479e.jpeg', 40, 3, '', '18:00:00', '19:00:00', '2022-01-28 13:21:59', 1),
(313, 68, 8, '丸久小山園抹茶乳酪泡芙', 'a810634e-4c69-4f6f-90e7-5678842a3ef0.jpeg', 40, 3, '', '18:00:00', '19:00:00', '2022-01-28 13:21:59', 1),
(314, 69, 8, '單片仲夏莓果乳酪蛋糕', '25102571-c905-4407-938b-741040310a44.jpeg', 40, 3, '', '18:00:00', '19:00:00', '2022-01-28 13:21:59', 1),
(315, 69, 8, '單片太妃糖雙層乳酪蛋糕', 'cbb032a5-c710-4cdd-80c9-6bc783431881.jpeg', 40, 3, '', '18:00:00', '19:00:00', '2022-01-28 13:21:59', 1),
(316, 69, 8, '單片貝禮詩香蕉生巧乳酪蛋糕 ', '12bc6394-13cd-4426-a19b-2ad8a4c7479e.jpeg', 40, 3, '', '18:00:00', '19:00:00', '2022-01-28 13:21:59', 1),
(317, 69, 8, '丸久小山園抹茶乳酪泡芙', 'a810634e-4c69-4f6f-90e7-5678842a3ef0.jpeg', 40, 3, '', '18:00:00', '19:00:00', '2022-01-28 13:21:59', 1),
(318, 70, 5, '招牌黑胡椒便當', 'd0ffe5e0-8558-4f81-849f-7cbaed8b372e.jpeg', 50, 3, '白飯或胚芽飯 含6樣菜。', '18:00:00', '19:00:00', '2022-01-28 13:21:59', 1),
(319, 70, 5, '香雞排便當', 'a663c1e7-3a29-4659-b443-36f5cd881d3e.jpeg', 50, 3, '白飯或胚芽飯 含6樣菜。', '18:00:00', '19:00:00', '2022-01-28 13:21:59', 1),
(320, 71, 5, '招牌黑胡椒便當', 'd0ffe5e0-8558-4f81-849f-7cbaed8b372e.jpeg', 50, 3, '白飯或胚芽飯 含6樣菜。', '18:00:00', '19:00:00', '2022-01-28 13:21:59', 1),
(321, 71, 5, '香雞排便當', 'a663c1e7-3a29-4659-b443-36f5cd881d3e.jpeg', 50, 3, '白飯或胚芽飯 含6樣菜。', '18:00:00', '19:00:00', '2022-01-28 13:21:59', 1),
(322, 72, 1, '歐品牛肉咖哩', '4131764a-1fb3-463b-b91e-7ee6cbebd163.jpeg', 65, 3, '', '18:00:00', '19:00:00', '2022-01-28 13:21:59', 1),
(323, 72, 1, '培薰雞肉', '2570e157-ac73-4bc1-a98e-44e25098a985.jpeg', 65, 3, '', '18:00:00', '19:00:00', '2022-01-28 13:21:59', 1),
(324, 73, 1, '歐品牛肉咖哩', '4131764a-1fb3-463b-b91e-7ee6cbebd163.jpeg', 65, 3, '', '18:00:00', '19:00:00', '2022-01-28 13:21:59', 1),
(325, 73, 1, '培薰雞肉', '2570e157-ac73-4bc1-a98e-44e25098a985.jpeg', 65, 3, '以雞高湯為底加上豐富的蔬菜，大量的辛香料和優格調製出的咖哩，口感清爽，偏印度風。', '18:00:00', '19:00:00', '2022-01-28 13:21:59', 1),
(326, 74, 1, '香酥雞腿飯', '12f8a80e-70de-4e7c-a1bb-d4118498f624.jpeg', 55, 3, '', '18:00:00', '19:00:00', '2022-01-28 13:21:59', 1),
(327, 74, 1, '蒜泥白肉便當', '183b7548-32ad-47cd-abb6-f29568e04894.jpeg', 55, 3, '', '18:00:00', '19:00:00', '2022-01-28 13:21:59', 1),
(328, 74, 1, '蜜汁雞腿便當', 'c2c671c5-4cc1-4a85-aed3-18a23a2563c8.jpeg', 55, 3, '', '18:00:00', '19:00:00', '2022-01-28 13:21:59', 1),
(329, 74, 1, '無骨雞排便當', '4173a65e-dedc-4746-9996-bf607db5376b.jpeg', 55, 3, '', '18:00:00', '19:00:00', '2022-01-28 13:21:59', 1),
(330, 75, 1, '辣味雞腿肉飯丸', '9beb8b85-c631-4f56-8596-09b2d3defd9e.jpeg', 45, 3, '含辣味雞腿肉, 魯蛋, 菜脯, 牛蒡絲及油條。', '18:00:00', '19:00:00', '2022-01-28 13:21:59', 1),
(331, 75, 1, '小腸飯丸', '072b3054-fefa-4d83-ba8f-7ff429a6296f.jpeg', 45, 3, '含香腸, 魯蛋, 菜脯, 牛蒡絲及油條。', '18:00:00', '19:00:00', '2022-01-28 13:21:59', 1),
(332, 75, 1, '辣味雞腿肉飯丸', '9beb8b85-c631-4f56-8596-09b2d3defd9e (1).jpeg', 45, 3, '含辣味雞腿肉, 魯蛋, 菜脯, 牛蒡絲及油條。', '18:00:00', '19:00:00', '2022-01-28 13:21:59', 1),
(333, 76, 1, '經濟餐', '92f8f835-55a8-4240-92b7-00e1fe0b8cb1.jpeg', 50, 3, '含 1 份肉及 3 樣配菜。 如遇現場配菜銷售完畢，店家可換取等值商品。', '18:00:00', '19:00:00', '2022-01-28 13:21:59', 1),
(336, 65, 5, '素食便當', '1628946457-2699133406-g_l.jpg', 40, 3, '隨機4樣菜', '18:00:00', '19:00:00', '2022-01-28 13:21:59', 1),
(337, 64, 3, '泡菜燒肉海苔飯卷', '6a6b889e-0018-4468-b203-ee59a9b15341 (1).jpeg', 40, 3, '含泡菜, 燒肉及豆芽。', '18:00:00', '19:00:00', '2022-01-28 13:21:59', 1),
(338, 64, 3, '豬肉泡麵辣炒年糕', '7ef21764-f06e-4c32-b7b9-c281b44a7226.jpeg', 40, 3, '含豬肉, 王子麵, 年糕條, 魚板片, 水煮蛋及高麗菜。', '18:00:00', '19:00:00', '2022-01-28 13:21:59', 1),
(340, 53, 3, '明太子鮪魚', '9453db3c-6cb1-4edd-a04d-0b8c2365e5b4.jpeg', 40, 3, '', '18:00:00', '19:00:00', '2022-01-28 13:21:59', 1),
(341, 53, 3, '起司香檸雞飯卷', '7673b95a-eafd-4821-bc7b-e18fe51f73a3.jpeg', 40, 3, '', '18:00:00', '19:00:00', '2022-01-28 13:21:59', 1),
(342, 53, 3, '龍蝦沙拉', 'e282cf49-2fbf-431c-b8f6-3cce5332fd4e.jpeg', 40, 3, '', '18:00:00', '19:00:00', '2022-01-28 13:21:59', 1),
(343, 54, 3, '明太子鮪魚', '9453db3c-6cb1-4edd-a04d-0b8c2365e5b4.jpeg', 40, 3, '', '18:00:00', '19:00:00', '2022-01-28 13:21:59', 1),
(344, 54, 3, '起司香檸雞飯卷', '7673b95a-eafd-4821-bc7b-e18fe51f73a3.jpeg', 40, 3, '', '18:00:00', '19:00:00', '2022-01-28 13:21:59', 1),
(345, 54, 3, '龍蝦沙拉', 'e282cf49-2fbf-431c-b8f6-3cce5332fd4e.jpeg', 40, 3, '', '18:00:00', '19:00:00', '2022-01-28 13:21:59', 1),
(346, 55, 3, '明太子鮪魚', '9453db3c-6cb1-4edd-a04d-0b8c2365e5b4.jpeg', 40, 3, '', '18:00:00', '19:00:00', '2022-01-28 13:21:59', 1),
(347, 55, 3, '起司香檸雞飯卷', '7673b95a-eafd-4821-bc7b-e18fe51f73a3.jpeg', 40, 3, '', '18:00:00', '19:00:00', '2022-01-28 13:21:59', 1),
(348, 55, 3, '龍蝦沙拉', 'e282cf49-2fbf-431c-b8f6-3cce5332fd4e.jpeg', 40, 3, '', '18:00:00', '19:00:00', '2022-01-28 13:21:59', 1);

-- --------------------------------------------------------

--
-- 資料表結構 `products_category`
--

CREATE TABLE `products_category` (
  `id` int(5) NOT NULL,
  `category` varchar(50) COLLATE utf8mb4_unicode_ci NOT NULL
) ENGINE=InnoDB DEFAULT CHARSET=utf8mb4 COLLATE=utf8mb4_unicode_ci;

--
-- 傾印資料表的資料 `products_category`
--

INSERT INTO `products_category` (`id`, `category`) VALUES
(1, '中式'),
(2, '港式'),
(3, '韓式'),
(4, '泰式'),
(5, '純素'),
(6, '西式'),
(7, '飲料'),
(8, '甜點'),
(9, '麵包');

-- --------------------------------------------------------

--
-- 資料表結構 `products_comment`
--

CREATE TABLE `products_comment` (
  `id` int(5) NOT NULL,
  `user_id` int(5) NOT NULL,
  `products_id` int(5) NOT NULL,
  `store_id` int(5) NOT NULL,
  `comment` text COLLATE utf8mb4_unicode_ci NOT NULL,
  `star` int(5) NOT NULL,
  `create_time` datetime DEFAULT NULL
) ENGINE=InnoDB DEFAULT CHARSET=utf8mb4 COLLATE=utf8mb4_unicode_ci;

--
-- 傾印資料表的資料 `products_comment`
--

INSERT INTO `products_comment` (`id`, `user_id`, `products_id`, `store_id`, `comment`, `star`, `create_time`) VALUES
(1, 1, 1, 1, '超好吃的欸', 5, '2022-02-02 06:02:03'),
(2, 1, 2, 1, '超好吃的欸', 5, '2022-02-02 06:02:03'),
(3, 1, 3, 1, '超好吃的欸', 5, '2022-02-02 06:02:03'),
(4, 1, 4, 1, '超好吃的欸', 5, '2022-02-02 06:02:03'),
(5, 1, 5, 1, '超好吃的欸', 5, '2022-02-02 06:02:03'),
(6, 1, 6, 1, '超好吃的欸', 5, '2022-02-02 06:02:03'),
(7, 2, 1, 1, '很划算', 4, '2022-02-03 07:03:04'),
(8, 2, 2, 1, '很划算', 4, '2022-02-03 07:03:04'),
(9, 2, 3, 1, '很划算', 4, '2022-02-03 07:03:04'),
(10, 2, 4, 1, '很划算', 4, '2022-02-03 07:03:04'),
(11, 2, 5, 1, '很划算', 4, '2022-02-03 07:03:04'),
(12, 2, 6, 1, '很划算', 4, '2022-02-03 07:03:04'),
(13, 3, 1, 1, '每個禮拜都買好幾次東西超好吃', 4, '2022-02-04 08:04:05'),
(14, 3, 2, 1, '每個禮拜都買好幾次東西超好吃', 4, '2022-02-04 08:04:05'),
(15, 3, 3, 1, '每個禮拜都買好幾次東西超好吃', 4, '2022-02-04 08:04:05'),
(16, 3, 4, 1, '每個禮拜都買好幾次東西超好吃', 4, '2022-02-04 08:04:05'),
(17, 3, 5, 1, '每個禮拜都買好幾次東西超好吃', 4, '2022-02-04 08:04:05'),
(18, 3, 6, 1, '每個禮拜都買好幾次東西超好吃', 4, '2022-02-04 08:04:05'),
(19, 4, 1, 1, '還行吧', 3, '2022-02-05 09:05:06'),
(20, 4, 2, 1, '還行吧', 3, '2022-02-05 09:05:06'),
(21, 4, 3, 1, '還行吧', 3, '2022-02-05 09:05:06'),
(22, 4, 4, 1, '還行吧', 3, '2022-02-05 09:05:06'),
(23, 4, 5, 1, '還行吧', 3, '2022-02-05 09:05:06'),
(24, 4, 6, 1, '還行吧', 3, '2022-02-05 09:05:06'),
(25, 5, 1, 1, '老闆態度是在差什麼', 2, '2022-02-06 10:06:07'),
(26, 5, 2, 1, '老闆態度是在差什麼', 2, '2022-02-06 10:06:07'),
(27, 5, 3, 1, '老闆態度是在差什麼', 2, '2022-02-06 10:06:07'),
(28, 5, 4, 1, '老闆態度是在差什麼', 2, '2022-02-06 10:06:07'),
(29, 5, 5, 1, '老闆態度是在差什麼', 2, '2022-02-06 10:06:07'),
(30, 5, 6, 1, '老闆態度是在差什麼', 2, '2022-02-06 10:06:07'),
(31, 6, 1, 1, '有股臭味', 1, '2022-02-07 11:07:08'),
(32, 6, 2, 1, '有股臭味', 1, '2022-02-07 11:07:08'),
(33, 6, 3, 1, '有股臭味', 1, '2022-02-07 11:07:08'),
(34, 6, 4, 1, '有股臭味', 1, '2022-02-07 11:07:08'),
(35, 6, 5, 1, '有股臭味', 1, '2022-02-07 11:07:08'),
(36, 6, 6, 1, '有股臭味', 1, '2022-02-07 11:07:08'),
(37, 7, 1, 1, '不喜歡', 1, '2022-02-08 12:08:09'),
(38, 7, 2, 1, '不喜歡', 1, '2022-02-08 12:08:09'),
(39, 7, 3, 1, '不喜歡', 1, '2022-02-08 12:08:09'),
(40, 7, 4, 1, '不喜歡', 1, '2022-02-08 12:08:09'),
(41, 7, 5, 1, '不喜歡', 1, '2022-02-08 12:08:09'),
(42, 7, 6, 1, '不喜歡', 1, '2022-02-08 12:08:09'),
(43, 8, 1, 1, '少給東西', 2, '2022-02-09 01:09:10'),
(44, 8, 2, 1, '少給東西', 2, '2022-02-09 01:09:10'),
(45, 8, 3, 1, '少給東西', 2, '2022-02-09 01:09:10'),
(46, 8, 4, 1, '少給東西', 2, '2022-02-09 01:09:10'),
(47, 8, 5, 1, '少給東西', 2, '2022-02-09 01:09:10'),
(48, 8, 6, 1, '少給東西', 2, '2022-02-09 01:09:10'),
(49, 9, 1, 1, '老闆人超好~!', 5, '2022-02-10 02:10:11'),
(50, 9, 2, 1, '老闆人超好~!', 5, '2022-02-10 02:10:11'),
(51, 9, 3, 1, '老闆人超好~!', 5, '2022-02-10 02:10:11'),
(52, 9, 4, 1, '老闆人超好~!', 5, '2022-02-10 02:10:11'),
(53, 9, 5, 1, '老闆人超好~!', 5, '2022-02-10 02:10:11'),
(54, 9, 6, 1, '老闆人超好~!', 5, '2022-02-10 02:10:11'),
(55, 10, 1, 1, '這個價格吃到這個東西真的無可挑剔', 5, '2022-02-11 03:11:12'),
(56, 10, 2, 1, '這個價格吃到這個東西真的無可挑剔', 5, '2022-02-11 03:11:12'),
(57, 10, 3, 1, '這個價格吃到這個東西真的無可挑剔', 5, '2022-02-11 03:11:12'),
(58, 10, 4, 1, '這個價格吃到這個東西真的無可挑剔', 5, '2022-02-11 03:11:12'),
(59, 10, 5, 1, '這個價格吃到這個東西真的無可挑剔', 5, '2022-02-11 03:11:12'),
(60, 10, 6, 1, '這個價格吃到這個東西真的無可挑剔', 5, '2022-02-11 03:11:12'),
(61, 1, 7, 2, '超好吃的欸', 5, '2022-02-02 06:02:03'),
(62, 1, 8, 2, '超好吃的欸', 5, '2022-02-02 06:02:03'),
(63, 1, 9, 2, '超好吃的欸', 5, '2022-02-02 06:02:03'),
(64, 1, 10, 2, '超好吃的欸', 5, '2022-02-02 06:02:03'),
(65, 1, 11, 2, '超好吃的欸', 5, '2022-02-02 06:02:03'),
(66, 1, 12, 2, '超好吃的欸', 5, '2022-02-02 06:02:03'),
(67, 2, 7, 2, '很划算', 4, '2022-02-03 07:03:04'),
(68, 2, 8, 2, '很划算', 4, '2022-02-03 07:03:04'),
(69, 2, 9, 2, '很划算', 4, '2022-02-03 07:03:04'),
(70, 2, 10, 2, '很划算', 4, '2022-02-03 07:03:04'),
(71, 2, 11, 2, '很划算', 4, '2022-02-03 07:03:04'),
(72, 2, 12, 2, '很划算', 4, '2022-02-03 07:03:04'),
(73, 3, 7, 2, '每個禮拜都買好幾次東西超好吃', 4, '2022-02-04 08:04:05'),
(74, 3, 8, 2, '每個禮拜都買好幾次東西超好吃', 4, '2022-02-04 08:04:05'),
(75, 3, 9, 2, '每個禮拜都買好幾次東西超好吃', 4, '2022-02-04 08:04:05'),
(76, 3, 10, 2, '每個禮拜都買好幾次東西超好吃', 4, '2022-02-04 08:04:05'),
(77, 3, 11, 2, '每個禮拜都買好幾次東西超好吃', 4, '2022-02-04 08:04:05'),
(78, 3, 12, 2, '每個禮拜都買好幾次東西超好吃', 4, '2022-02-04 08:04:05'),
(79, 4, 7, 2, '還行吧', 3, '2022-02-05 09:05:06'),
(80, 4, 8, 2, '還行吧', 3, '2022-02-05 09:05:06'),
(81, 4, 9, 2, '還行吧', 3, '2022-02-05 09:05:06'),
(82, 4, 10, 2, '還行吧', 3, '2022-02-05 09:05:06'),
(83, 4, 11, 2, '還行吧', 3, '2022-02-05 09:05:06'),
(84, 4, 12, 2, '還行吧', 3, '2022-02-05 09:05:06'),
(85, 5, 7, 2, '老闆態度是在差什麼', 2, '2022-02-06 10:06:07'),
(86, 5, 8, 2, '老闆態度是在差什麼', 2, '2022-02-06 10:06:07'),
(87, 5, 9, 2, '老闆態度是在差什麼', 2, '2022-02-06 10:06:07'),
(88, 5, 10, 2, '老闆態度是在差什麼', 2, '2022-02-06 10:06:07'),
(89, 5, 11, 2, '老闆態度是在差什麼', 2, '2022-02-06 10:06:07'),
(90, 5, 12, 2, '老闆態度是在差什麼', 2, '2022-02-06 10:06:07'),
(91, 6, 7, 2, '有股臭味', 1, '2022-02-07 11:07:08'),
(92, 6, 8, 2, '有股臭味', 1, '2022-02-07 11:07:08'),
(93, 6, 9, 2, '有股臭味', 1, '2022-02-07 11:07:08'),
(94, 6, 10, 2, '有股臭味', 1, '2022-02-07 11:07:08'),
(95, 6, 11, 2, '有股臭味', 1, '2022-02-07 11:07:08'),
(96, 6, 12, 2, '有股臭味', 1, '2022-02-07 11:07:08'),
(97, 7, 7, 2, '不喜歡', 1, '2022-02-08 12:08:09'),
(98, 7, 8, 2, '不喜歡', 1, '2022-02-08 12:08:09'),
(99, 7, 9, 2, '不喜歡', 1, '2022-02-08 12:08:09'),
(100, 7, 10, 2, '不喜歡', 1, '2022-02-08 12:08:09'),
(101, 7, 11, 2, '不喜歡', 1, '2022-02-08 12:08:09'),
(102, 7, 12, 2, '不喜歡', 1, '2022-02-08 12:08:09'),
(103, 8, 7, 2, '少給東西', 2, '2022-02-09 01:09:10'),
(104, 8, 8, 2, '少給東西', 2, '2022-02-09 01:09:10'),
(105, 8, 9, 2, '少給東西', 2, '2022-02-09 01:09:10'),
(106, 8, 10, 2, '少給東西', 2, '2022-02-09 01:09:10'),
(107, 8, 11, 2, '少給東西', 2, '2022-02-09 01:09:10'),
(108, 8, 12, 2, '少給東西', 2, '2022-02-09 01:09:10'),
(109, 9, 7, 2, '老闆人超好~!', 5, '2022-02-10 02:10:11'),
(110, 9, 8, 2, '老闆人超好~!', 5, '2022-02-10 02:10:11'),
(111, 9, 9, 2, '老闆人超好~!', 5, '2022-02-10 02:10:11'),
(112, 9, 10, 2, '老闆人超好~!', 5, '2022-02-10 02:10:11'),
(113, 9, 11, 2, '老闆人超好~!', 5, '2022-02-10 02:10:11'),
(114, 9, 12, 2, '老闆人超好~!', 5, '2022-02-10 02:10:11'),
(115, 10, 7, 2, '這個價格吃到這個東西真的無可挑剔', 5, '2022-02-11 03:11:12'),
(116, 10, 8, 2, '這個價格吃到這個東西真的無可挑剔', 5, '2022-02-11 03:11:12'),
(117, 10, 9, 2, '這個價格吃到這個東西真的無可挑剔', 5, '2022-02-11 03:11:12'),
(118, 10, 10, 2, '這個價格吃到這個東西真的無可挑剔', 5, '2022-02-11 03:11:12'),
(119, 10, 11, 2, '這個價格吃到這個東西真的無可挑剔', 5, '2022-02-11 03:11:12'),
(120, 10, 12, 2, '這個價格吃到這個東西真的無可挑剔', 5, '2022-02-11 03:11:12'),
(121, 1, 7, 2, '超好吃的欸', 5, '2022-02-02 06:02:03'),
(122, 1, 8, 2, '超好吃的欸', 5, '2022-02-02 06:02:03'),
(123, 1, 9, 2, '超好吃的欸', 5, '2022-02-02 06:02:03'),
(124, 1, 10, 2, '超好吃的欸', 5, '2022-02-02 06:02:03'),
(125, 1, 11, 2, '超好吃的欸', 5, '2022-02-02 06:02:03'),
(126, 1, 12, 2, '超好吃的欸', 5, '2022-02-02 06:02:03'),
(127, 2, 7, 2, '很划算', 4, '2022-02-03 07:03:04'),
(128, 2, 8, 2, '很划算', 4, '2022-02-03 07:03:04'),
(129, 2, 9, 2, '很划算', 4, '2022-02-03 07:03:04'),
(130, 2, 10, 2, '很划算', 4, '2022-02-03 07:03:04'),
(131, 2, 11, 2, '很划算', 4, '2022-02-03 07:03:04'),
(132, 2, 12, 2, '很划算', 4, '2022-02-03 07:03:04'),
(133, 3, 7, 2, '每個禮拜都買好幾次東西超好吃', 4, '2022-02-04 08:04:05'),
(134, 3, 8, 2, '每個禮拜都買好幾次東西超好吃', 4, '2022-02-04 08:04:05'),
(135, 3, 9, 2, '每個禮拜都買好幾次東西超好吃', 4, '2022-02-04 08:04:05'),
(136, 3, 10, 2, '每個禮拜都買好幾次東西超好吃', 4, '2022-02-04 08:04:05'),
(137, 3, 11, 2, '每個禮拜都買好幾次東西超好吃', 4, '2022-02-04 08:04:05'),
(138, 3, 12, 2, '每個禮拜都買好幾次東西超好吃', 4, '2022-02-04 08:04:05'),
(139, 4, 7, 2, '還行吧', 3, '2022-02-05 09:05:06'),
(140, 4, 8, 2, '還行吧', 3, '2022-02-05 09:05:06'),
(141, 4, 9, 2, '還行吧', 3, '2022-02-05 09:05:06'),
(142, 4, 10, 2, '還行吧', 3, '2022-02-05 09:05:06'),
(143, 4, 11, 2, '還行吧', 3, '2022-02-05 09:05:06'),
(144, 4, 12, 2, '還行吧', 3, '2022-02-05 09:05:06'),
(145, 5, 7, 2, '老闆態度是在差什麼', 2, '2022-02-06 10:06:07'),
(146, 5, 8, 2, '老闆態度是在差什麼', 2, '2022-02-06 10:06:07'),
(147, 5, 9, 2, '老闆態度是在差什麼', 2, '2022-02-06 10:06:07'),
(148, 5, 10, 2, '老闆態度是在差什麼', 2, '2022-02-06 10:06:07'),
(149, 5, 11, 2, '老闆態度是在差什麼', 2, '2022-02-06 10:06:07'),
(150, 5, 12, 2, '老闆態度是在差什麼', 2, '2022-02-06 10:06:07'),
(151, 6, 7, 2, '有股臭味', 1, '2022-02-07 11:07:08'),
(152, 6, 8, 2, '有股臭味', 1, '2022-02-07 11:07:08'),
(153, 6, 9, 2, '有股臭味', 1, '2022-02-07 11:07:08'),
(154, 6, 10, 2, '有股臭味', 1, '2022-02-07 11:07:08'),
(155, 6, 11, 2, '有股臭味', 1, '2022-02-07 11:07:08'),
(156, 6, 12, 2, '有股臭味', 1, '2022-02-07 11:07:08'),
(157, 7, 7, 2, '不喜歡', 1, '2022-02-08 12:08:09'),
(158, 7, 8, 2, '不喜歡', 1, '2022-02-08 12:08:09'),
(159, 7, 9, 2, '不喜歡', 1, '2022-02-08 12:08:09'),
(160, 7, 10, 2, '不喜歡', 1, '2022-02-08 12:08:09'),
(161, 7, 11, 2, '不喜歡', 1, '2022-02-08 12:08:09'),
(162, 7, 12, 2, '不喜歡', 1, '2022-02-08 12:08:09'),
(163, 8, 7, 2, '少給東西', 2, '2022-02-09 01:09:10'),
(164, 8, 8, 2, '少給東西', 2, '2022-02-09 01:09:10'),
(165, 8, 9, 2, '少給東西', 2, '2022-02-09 01:09:10'),
(166, 8, 10, 2, '少給東西', 2, '2022-02-09 01:09:10'),
(167, 8, 11, 2, '少給東西', 2, '2022-02-09 01:09:10'),
(168, 8, 12, 2, '少給東西', 2, '2022-02-09 01:09:10'),
(169, 9, 7, 2, '老闆人超好~!', 5, '2022-02-10 02:10:11'),
(170, 9, 8, 2, '老闆人超好~!', 5, '2022-02-10 02:10:11'),
(171, 9, 9, 2, '老闆人超好~!', 5, '2022-02-10 02:10:11'),
(172, 9, 10, 2, '老闆人超好~!', 5, '2022-02-10 02:10:11'),
(173, 9, 11, 2, '老闆人超好~!', 5, '2022-02-10 02:10:11'),
(174, 9, 12, 2, '老闆人超好~!', 5, '2022-02-10 02:10:11'),
(175, 10, 7, 2, '這個價格吃到這個東西真的無可挑剔', 5, '2022-02-11 03:11:12'),
(176, 10, 8, 2, '這個價格吃到這個東西真的無可挑剔', 5, '2022-02-11 03:11:12'),
(177, 10, 9, 2, '這個價格吃到這個東西真的無可挑剔', 5, '2022-02-11 03:11:12'),
(178, 10, 10, 2, '這個價格吃到這個東西真的無可挑剔', 5, '2022-02-11 03:11:12'),
(179, 10, 11, 2, '這個價格吃到這個東西真的無可挑剔', 5, '2022-02-11 03:11:12'),
(180, 10, 12, 2, '這個價格吃到這個東西真的無可挑剔', 5, '2022-02-11 03:11:12'),
(181, 1, 13, 3, '超好吃的欸', 5, '2022-02-02 06:02:03'),
(182, 1, 14, 3, '超好吃的欸', 5, '2022-02-02 06:02:03'),
(183, 1, 15, 3, '超好吃的欸', 5, '2022-02-02 06:02:03'),
(184, 1, 16, 3, '超好吃的欸', 5, '2022-02-02 06:02:03'),
(185, 1, 17, 3, '超好吃的欸', 5, '2022-02-02 06:02:03'),
(186, 1, 18, 3, '超好吃的欸', 5, '2022-02-02 06:02:03'),
(187, 2, 13, 3, '很划算', 4, '2022-02-03 07:03:04'),
(188, 2, 14, 3, '很划算', 4, '2022-02-03 07:03:04'),
(189, 2, 15, 3, '很划算', 4, '2022-02-03 07:03:04'),
(190, 2, 16, 3, '很划算', 4, '2022-02-03 07:03:04'),
(191, 2, 17, 3, '很划算', 4, '2022-02-03 07:03:04'),
(192, 2, 18, 3, '很划算', 4, '2022-02-03 07:03:04'),
(193, 3, 13, 3, '每個禮拜都買好幾次東西超好吃', 4, '2022-02-04 08:04:05'),
(194, 3, 14, 3, '每個禮拜都買好幾次東西超好吃', 4, '2022-02-04 08:04:05'),
(195, 3, 15, 3, '每個禮拜都買好幾次東西超好吃', 4, '2022-02-04 08:04:05'),
(196, 3, 16, 3, '每個禮拜都買好幾次東西超好吃', 4, '2022-02-04 08:04:05'),
(197, 3, 17, 3, '每個禮拜都買好幾次東西超好吃', 4, '2022-02-04 08:04:05'),
(198, 3, 18, 3, '每個禮拜都買好幾次東西超好吃', 4, '2022-02-04 08:04:05'),
(199, 4, 13, 3, '還行吧', 3, '2022-02-05 09:05:06'),
(200, 4, 14, 3, '還行吧', 3, '2022-02-05 09:05:06'),
(201, 4, 15, 3, '還行吧', 3, '2022-02-05 09:05:06'),
(202, 4, 16, 3, '還行吧', 3, '2022-02-05 09:05:06'),
(203, 4, 17, 3, '還行吧', 3, '2022-02-05 09:05:06'),
(204, 4, 18, 3, '還行吧', 3, '2022-02-05 09:05:06'),
(205, 5, 13, 3, '老闆態度是在差什麼', 2, '2022-02-06 10:06:07'),
(206, 5, 14, 3, '老闆態度是在差什麼', 2, '2022-02-06 10:06:07'),
(207, 5, 15, 3, '老闆態度是在差什麼', 2, '2022-02-06 10:06:07'),
(208, 5, 16, 3, '老闆態度是在差什麼', 2, '2022-02-06 10:06:07'),
(209, 5, 17, 3, '老闆態度是在差什麼', 2, '2022-02-06 10:06:07'),
(210, 5, 18, 3, '老闆態度是在差什麼', 2, '2022-02-06 10:06:07'),
(211, 6, 13, 3, '有股臭味', 1, '2022-02-07 11:07:08'),
(212, 6, 14, 3, '有股臭味', 1, '2022-02-07 11:07:08'),
(213, 6, 15, 3, '有股臭味', 1, '2022-02-07 11:07:08'),
(214, 6, 16, 3, '有股臭味', 1, '2022-02-07 11:07:08'),
(215, 6, 17, 3, '有股臭味', 1, '2022-02-07 11:07:08'),
(216, 6, 18, 3, '有股臭味', 1, '2022-02-07 11:07:08'),
(217, 7, 13, 3, '不喜歡', 1, '2022-02-08 12:08:09'),
(218, 7, 14, 3, '不喜歡', 1, '2022-02-08 12:08:09'),
(219, 7, 15, 3, '不喜歡', 1, '2022-02-08 12:08:09'),
(220, 7, 16, 3, '不喜歡', 1, '2022-02-08 12:08:09'),
(221, 7, 17, 3, '不喜歡', 1, '2022-02-08 12:08:09'),
(222, 7, 18, 3, '不喜歡', 1, '2022-02-08 12:08:09'),
(223, 8, 13, 3, '少給東西', 2, '2022-02-09 01:09:10'),
(224, 8, 14, 3, '少給東西', 2, '2022-02-09 01:09:10'),
(225, 8, 15, 3, '少給東西', 2, '2022-02-09 01:09:10'),
(226, 8, 16, 3, '少給東西', 2, '2022-02-09 01:09:10'),
(227, 8, 17, 3, '少給東西', 2, '2022-02-09 01:09:10'),
(228, 8, 18, 3, '少給東西', 2, '2022-02-09 01:09:10'),
(229, 9, 13, 3, '老闆人超好~!', 5, '2022-02-10 02:10:11'),
(230, 9, 14, 3, '老闆人超好~!', 5, '2022-02-10 02:10:11'),
(231, 9, 15, 3, '老闆人超好~!', 5, '2022-02-10 02:10:11'),
(232, 9, 16, 3, '老闆人超好~!', 5, '2022-02-10 02:10:11'),
(233, 9, 17, 3, '老闆人超好~!', 5, '2022-02-10 02:10:11'),
(234, 9, 18, 3, '老闆人超好~!', 5, '2022-02-10 02:10:11'),
(235, 10, 13, 3, '這個價格吃到這個東西真的無可挑剔', 5, '2022-02-11 03:11:12'),
(236, 10, 14, 3, '這個價格吃到這個東西真的無可挑剔', 5, '2022-02-11 03:11:12'),
(237, 10, 15, 3, '這個價格吃到這個東西真的無可挑剔', 5, '2022-02-11 03:11:12'),
(238, 10, 16, 3, '這個價格吃到這個東西真的無可挑剔', 5, '2022-02-11 03:11:12'),
(239, 10, 17, 3, '這個價格吃到這個東西真的無可挑剔', 5, '2022-02-11 03:11:12'),
(240, 10, 18, 3, '這個價格吃到這個東西真的無可挑剔', 5, '2022-02-11 03:11:12'),
(241, 1, 13, 3, '超好吃的欸', 5, '2022-02-02 06:02:03'),
(242, 1, 14, 3, '超好吃的欸', 5, '2022-02-02 06:02:03'),
(243, 1, 15, 3, '超好吃的欸', 5, '2022-02-02 06:02:03'),
(244, 1, 16, 3, '超好吃的欸', 5, '2022-02-02 06:02:03'),
(245, 1, 17, 3, '超好吃的欸', 5, '2022-02-02 06:02:03'),
(246, 1, 18, 3, '超好吃的欸', 5, '2022-02-02 06:02:03'),
(247, 2, 13, 3, '很划算', 4, '2022-02-03 07:03:04'),
(248, 2, 14, 3, '很划算', 4, '2022-02-03 07:03:04'),
(249, 2, 15, 3, '很划算', 4, '2022-02-03 07:03:04'),
(250, 2, 16, 3, '很划算', 4, '2022-02-03 07:03:04'),
(251, 2, 17, 3, '很划算', 4, '2022-02-03 07:03:04'),
(252, 2, 18, 3, '很划算', 4, '2022-02-03 07:03:04'),
(253, 3, 13, 3, '每個禮拜都買好幾次東西超好吃', 4, '2022-02-04 08:04:05'),
(254, 3, 14, 3, '每個禮拜都買好幾次東西超好吃', 4, '2022-02-04 08:04:05'),
(255, 3, 15, 3, '每個禮拜都買好幾次東西超好吃', 4, '2022-02-04 08:04:05'),
(256, 3, 16, 3, '每個禮拜都買好幾次東西超好吃', 4, '2022-02-04 08:04:05'),
(257, 3, 17, 3, '每個禮拜都買好幾次東西超好吃', 4, '2022-02-04 08:04:05'),
(258, 3, 18, 3, '每個禮拜都買好幾次東西超好吃', 4, '2022-02-04 08:04:05'),
(259, 4, 13, 3, '還行吧', 3, '2022-02-05 09:05:06'),
(260, 4, 14, 3, '還行吧', 3, '2022-02-05 09:05:06'),
(261, 4, 15, 3, '還行吧', 3, '2022-02-05 09:05:06'),
(262, 4, 16, 3, '還行吧', 3, '2022-02-05 09:05:06'),
(263, 4, 17, 3, '還行吧', 3, '2022-02-05 09:05:06'),
(264, 4, 18, 3, '還行吧', 3, '2022-02-05 09:05:06'),
(265, 5, 13, 3, '老闆態度是在差什麼', 2, '2022-02-06 10:06:07'),
(266, 5, 14, 3, '老闆態度是在差什麼', 2, '2022-02-06 10:06:07'),
(267, 5, 15, 3, '老闆態度是在差什麼', 2, '2022-02-06 10:06:07'),
(268, 5, 16, 3, '老闆態度是在差什麼', 2, '2022-02-06 10:06:07'),
(269, 5, 17, 3, '老闆態度是在差什麼', 2, '2022-02-06 10:06:07'),
(270, 5, 18, 3, '老闆態度是在差什麼', 2, '2022-02-06 10:06:07'),
(271, 6, 13, 3, '有股臭味', 1, '2022-02-07 11:07:08'),
(272, 6, 14, 3, '有股臭味', 1, '2022-02-07 11:07:08'),
(273, 6, 15, 3, '有股臭味', 1, '2022-02-07 11:07:08'),
(274, 6, 16, 3, '有股臭味', 1, '2022-02-07 11:07:08'),
(275, 6, 17, 3, '有股臭味', 1, '2022-02-07 11:07:08'),
(276, 6, 18, 3, '有股臭味', 1, '2022-02-07 11:07:08'),
(277, 7, 13, 3, '不喜歡', 1, '2022-02-08 12:08:09'),
(278, 7, 14, 3, '不喜歡', 1, '2022-02-08 12:08:09'),
(279, 7, 15, 3, '不喜歡', 1, '2022-02-08 12:08:09'),
(280, 7, 16, 3, '不喜歡', 1, '2022-02-08 12:08:09'),
(281, 7, 17, 3, '不喜歡', 1, '2022-02-08 12:08:09'),
(282, 7, 18, 3, '不喜歡', 1, '2022-02-08 12:08:09'),
(283, 8, 13, 3, '少給東西', 2, '2022-02-09 01:09:10'),
(284, 8, 14, 3, '少給東西', 2, '2022-02-09 01:09:10'),
(285, 8, 15, 3, '少給東西', 2, '2022-02-09 01:09:10'),
(286, 8, 16, 3, '少給東西', 2, '2022-02-09 01:09:10'),
(287, 8, 17, 3, '少給東西', 2, '2022-02-09 01:09:10'),
(288, 8, 18, 3, '少給東西', 2, '2022-02-09 01:09:10'),
(289, 9, 13, 3, '老闆人超好~!', 5, '2022-02-10 02:10:11'),
(290, 9, 14, 3, '老闆人超好~!', 5, '2022-02-10 02:10:11'),
(291, 9, 15, 3, '老闆人超好~!', 5, '2022-02-10 02:10:11'),
(292, 9, 16, 3, '老闆人超好~!', 5, '2022-02-10 02:10:11'),
(293, 9, 17, 3, '老闆人超好~!', 5, '2022-02-10 02:10:11'),
(294, 9, 18, 3, '老闆人超好~!', 5, '2022-02-10 02:10:11'),
(295, 10, 13, 3, '這個價格吃到這個東西真的無可挑剔', 5, '2022-02-11 03:11:12'),
(296, 10, 14, 3, '這個價格吃到這個東西真的無可挑剔', 5, '2022-02-11 03:11:12'),
(297, 10, 15, 3, '這個價格吃到這個東西真的無可挑剔', 5, '2022-02-11 03:11:12'),
(298, 10, 16, 3, '這個價格吃到這個東西真的無可挑剔', 5, '2022-02-11 03:11:12'),
(299, 10, 17, 3, '這個價格吃到這個東西真的無可挑剔', 5, '2022-02-11 03:11:12'),
(300, 10, 18, 3, '這個價格吃到這個東西真的無可挑剔', 5, '2022-02-11 03:11:12'),
(301, 1, 19, 4, '超好吃的欸', 4, '2022-02-02 06:02:03'),
(302, 1, 20, 4, '超好吃的欸', 4, '2022-02-02 06:02:03'),
(303, 1, 21, 4, '超好吃的欸', 4, '2022-02-02 06:02:03'),
(304, 1, 22, 4, '超好吃的欸', 4, '2022-02-02 06:02:03'),
(305, 1, 23, 4, '超好吃的欸', 4, '2022-02-02 06:02:03'),
(306, 1, 24, 4, '超好吃的欸', 4, '2022-02-02 06:02:03'),
(307, 2, 19, 4, '很划算', 4, '2022-02-03 07:03:04'),
(308, 2, 20, 4, '很划算', 4, '2022-02-03 07:03:04'),
(309, 2, 21, 4, '很划算', 4, '2022-02-03 07:03:04'),
(310, 2, 22, 4, '很划算', 4, '2022-02-03 07:03:04'),
(311, 2, 23, 4, '很划算', 4, '2022-02-03 07:03:04'),
(312, 2, 24, 4, '很划算', 4, '2022-02-03 07:03:04'),
(313, 3, 19, 4, '每個禮拜都買好幾次東西超好吃', 4, '2022-02-04 08:04:05'),
(314, 3, 20, 4, '每個禮拜都買好幾次東西超好吃', 4, '2022-02-04 08:04:05'),
(315, 3, 21, 4, '每個禮拜都買好幾次東西超好吃', 4, '2022-02-04 08:04:05'),
(316, 3, 22, 4, '每個禮拜都買好幾次東西超好吃', 4, '2022-02-04 08:04:05'),
(317, 3, 23, 4, '每個禮拜都買好幾次東西超好吃', 4, '2022-02-04 08:04:05'),
(318, 3, 24, 4, '每個禮拜都買好幾次東西超好吃', 4, '2022-02-04 08:04:05'),
(319, 4, 19, 4, '還行吧', 1, '2022-02-05 09:05:06'),
(320, 4, 20, 4, '還行吧', 1, '2022-02-05 09:05:06'),
(321, 4, 21, 4, '還行吧', 1, '2022-02-05 09:05:06'),
(322, 4, 22, 4, '還行吧', 1, '2022-02-05 09:05:06'),
(323, 4, 23, 4, '還行吧', 1, '2022-02-05 09:05:06'),
(324, 4, 24, 4, '還行吧', 1, '2022-02-05 09:05:06'),
(325, 5, 19, 4, '老闆態度是在差什麼', 1, '2022-02-06 10:06:07'),
(326, 5, 20, 4, '老闆態度是在差什麼', 1, '2022-02-06 10:06:07'),
(327, 5, 21, 4, '老闆態度是在差什麼', 1, '2022-02-06 10:06:07'),
(328, 5, 22, 4, '老闆態度是在差什麼', 1, '2022-02-06 10:06:07'),
(329, 5, 23, 4, '老闆態度是在差什麼', 1, '2022-02-06 10:06:07'),
(330, 5, 24, 4, '老闆態度是在差什麼', 1, '2022-02-06 10:06:07'),
(331, 6, 19, 4, '有股臭味', 1, '2022-02-07 11:07:08'),
(332, 6, 20, 4, '有股臭味', 1, '2022-02-07 11:07:08'),
(333, 6, 21, 4, '有股臭味', 1, '2022-02-07 11:07:08'),
(334, 6, 22, 4, '有股臭味', 1, '2022-02-07 11:07:08'),
(335, 6, 23, 4, '有股臭味', 1, '2022-02-07 11:07:08'),
(336, 6, 24, 4, '有股臭味', 1, '2022-02-07 11:07:08'),
(337, 7, 19, 4, '不喜歡', 1, '2022-02-08 12:08:09'),
(338, 7, 20, 4, '不喜歡', 1, '2022-02-08 12:08:09'),
(339, 7, 21, 4, '不喜歡', 1, '2022-02-08 12:08:09'),
(340, 7, 22, 4, '不喜歡', 1, '2022-02-08 12:08:09'),
(341, 7, 23, 4, '不喜歡', 1, '2022-02-08 12:08:09'),
(342, 7, 24, 4, '不喜歡', 1, '2022-02-08 12:08:09'),
(343, 8, 19, 4, '少給東西', 1, '2022-02-09 01:09:10'),
(344, 8, 20, 4, '少給東西', 1, '2022-02-09 01:09:10'),
(345, 8, 21, 4, '少給東西', 1, '2022-02-09 01:09:10'),
(346, 8, 22, 4, '少給東西', 1, '2022-02-09 01:09:10'),
(347, 8, 23, 4, '少給東西', 1, '2022-02-09 01:09:10'),
(348, 8, 24, 4, '少給東西', 1, '2022-02-09 01:09:10'),
(349, 9, 19, 4, '老闆人超好~!', 1, '2022-02-10 02:10:11'),
(350, 9, 20, 4, '老闆人超好~!', 1, '2022-02-10 02:10:11'),
(351, 9, 21, 4, '老闆人超好~!', 1, '2022-02-10 02:10:11'),
(352, 9, 22, 4, '老闆人超好~!', 1, '2022-02-10 02:10:11'),
(353, 9, 23, 4, '老闆人超好~!', 1, '2022-02-10 02:10:11'),
(354, 9, 24, 4, '老闆人超好~!', 1, '2022-02-10 02:10:11'),
(355, 10, 19, 4, '這個價格吃到這個東西真的無可挑剔', 1, '2022-02-11 03:11:12'),
(356, 10, 20, 4, '這個價格吃到這個東西真的無可挑剔', 1, '2022-02-11 03:11:12'),
(357, 10, 21, 4, '這個價格吃到這個東西真的無可挑剔', 1, '2022-02-11 03:11:12'),
(358, 10, 22, 4, '這個價格吃到這個東西真的無可挑剔', 1, '2022-02-11 03:11:12'),
(359, 10, 23, 4, '這個價格吃到這個東西真的無可挑剔', 1, '2022-02-11 03:11:12'),
(360, 10, 24, 4, '這個價格吃到這個東西真的無可挑剔', 1, '2022-02-11 03:11:12'),
(361, 1, 25, 5, '超好吃的欸', 5, '2022-02-02 06:02:03'),
(362, 1, 26, 5, '超好吃的欸', 5, '2022-02-02 06:02:03'),
(363, 1, 27, 5, '超好吃的欸', 5, '2022-02-02 06:02:03'),
(364, 1, 28, 5, '超好吃的欸', 5, '2022-02-02 06:02:03'),
(365, 1, 29, 5, '超好吃的欸', 5, '2022-02-02 06:02:03'),
(366, 1, 30, 5, '超好吃的欸', 5, '2022-02-02 06:02:03'),
(367, 2, 25, 5, '很划算', 5, '2022-02-03 07:03:04'),
(368, 2, 26, 5, '很划算', 5, '2022-02-03 07:03:04'),
(369, 2, 27, 5, '很划算', 5, '2022-02-03 07:03:04'),
(370, 2, 28, 5, '很划算', 5, '2022-02-03 07:03:04'),
(371, 2, 29, 5, '很划算', 5, '2022-02-03 07:03:04'),
(372, 2, 30, 5, '很划算', 5, '2022-02-03 07:03:04'),
(373, 3, 25, 5, '每個禮拜都買好幾次東西超好吃', 5, '2022-02-04 08:04:05'),
(374, 3, 26, 5, '每個禮拜都買好幾次東西超好吃', 5, '2022-02-04 08:04:05'),
(375, 3, 27, 5, '每個禮拜都買好幾次東西超好吃', 5, '2022-02-04 08:04:05'),
(376, 3, 28, 5, '每個禮拜都買好幾次東西超好吃', 5, '2022-02-04 08:04:05'),
(377, 3, 29, 5, '每個禮拜都買好幾次東西超好吃', 5, '2022-02-04 08:04:05'),
(378, 3, 30, 5, '每個禮拜都買好幾次東西超好吃', 5, '2022-02-04 08:04:05'),
(379, 4, 25, 5, '還行吧', 5, '2022-02-05 09:05:06'),
(380, 4, 26, 5, '還行吧', 5, '2022-02-05 09:05:06'),
(381, 4, 27, 5, '還行吧', 5, '2022-02-05 09:05:06'),
(382, 4, 28, 5, '還行吧', 5, '2022-02-05 09:05:06'),
(383, 4, 29, 5, '還行吧', 5, '2022-02-05 09:05:06'),
(384, 4, 30, 5, '還行吧', 5, '2022-02-05 09:05:06'),
(385, 5, 25, 5, '老闆態度是在差什麼', 3, '2022-02-06 10:06:07'),
(386, 5, 26, 5, '老闆態度是在差什麼', 3, '2022-02-06 10:06:07'),
(387, 5, 27, 5, '老闆態度是在差什麼', 3, '2022-02-06 10:06:07'),
(388, 5, 28, 5, '老闆態度是在差什麼', 3, '2022-02-06 10:06:07'),
(389, 5, 29, 5, '老闆態度是在差什麼', 3, '2022-02-06 10:06:07'),
(390, 5, 30, 5, '老闆態度是在差什麼', 3, '2022-02-06 10:06:07'),
(391, 6, 25, 5, '有股臭味', 3, '2022-02-07 11:07:08'),
(392, 6, 26, 5, '有股臭味', 3, '2022-02-07 11:07:08'),
(393, 6, 27, 5, '有股臭味', 3, '2022-02-07 11:07:08'),
(394, 6, 28, 5, '有股臭味', 3, '2022-02-07 11:07:08'),
(395, 6, 29, 5, '有股臭味', 3, '2022-02-07 11:07:08'),
(396, 6, 30, 5, '有股臭味', 3, '2022-02-07 11:07:08'),
(397, 7, 25, 5, '不喜歡', 3, '2022-02-08 12:08:09'),
(398, 7, 26, 5, '不喜歡', 3, '2022-02-08 12:08:09'),
(399, 7, 27, 5, '不喜歡', 3, '2022-02-08 12:08:09'),
(400, 7, 28, 5, '不喜歡', 3, '2022-02-08 12:08:09'),
(401, 7, 29, 5, '不喜歡', 3, '2022-02-08 12:08:09'),
(402, 7, 30, 5, '不喜歡', 3, '2022-02-08 12:08:09'),
(403, 8, 25, 5, '少給東西', 1, '2022-02-09 01:09:10'),
(404, 8, 26, 5, '少給東西', 1, '2022-02-09 01:09:10'),
(405, 8, 27, 5, '少給東西', 1, '2022-02-09 01:09:10'),
(406, 8, 28, 5, '少給東西', 1, '2022-02-09 01:09:10'),
(407, 8, 29, 5, '少給東西', 1, '2022-02-09 01:09:10'),
(408, 8, 30, 5, '少給東西', 1, '2022-02-09 01:09:10'),
(409, 9, 25, 5, '老闆人超好~!', 1, '2022-02-10 02:10:11'),
(410, 9, 26, 5, '老闆人超好~!', 1, '2022-02-10 02:10:11'),
(411, 9, 27, 5, '老闆人超好~!', 1, '2022-02-10 02:10:11'),
(412, 9, 28, 5, '老闆人超好~!', 1, '2022-02-10 02:10:11'),
(413, 9, 29, 5, '老闆人超好~!', 1, '2022-02-10 02:10:11'),
(414, 9, 30, 5, '老闆人超好~!', 1, '2022-02-10 02:10:11'),
(415, 10, 25, 5, '這個價格吃到這個東西真的無可挑剔', 1, '2022-02-11 03:11:12'),
(416, 10, 26, 5, '這個價格吃到這個東西真的無可挑剔', 1, '2022-02-11 03:11:12'),
(417, 10, 27, 5, '這個價格吃到這個東西真的無可挑剔', 1, '2022-02-11 03:11:12'),
(418, 10, 28, 5, '這個價格吃到這個東西真的無可挑剔', 1, '2022-02-11 03:11:12'),
(419, 10, 29, 5, '這個價格吃到這個東西真的無可挑剔', 1, '2022-02-11 03:11:12'),
(420, 10, 30, 5, '這個價格吃到這個東西真的無可挑剔', 1, '2022-02-11 03:11:12'),
(421, 1, 37, 6, '超好吃的欸', 5, '2022-02-02 06:02:03'),
(422, 1, 38, 6, '超好吃的欸', 5, '2022-02-02 06:02:03'),
(423, 1, 39, 6, '超好吃的欸', 5, '2022-02-02 06:02:03'),
(424, 1, 40, 6, '超好吃的欸', 5, '2022-02-02 06:02:03'),
(425, 1, 41, 6, '超好吃的欸', 5, '2022-02-02 06:02:03'),
(426, 1, 42, 6, '超好吃的欸', 5, '2022-02-02 06:02:03'),
(427, 2, 37, 6, '很划算', 5, '2022-02-03 07:03:04'),
(428, 2, 38, 6, '很划算', 5, '2022-02-03 07:03:04'),
(429, 2, 39, 6, '很划算', 5, '2022-02-03 07:03:04'),
(430, 2, 40, 6, '很划算', 5, '2022-02-03 07:03:04'),
(431, 2, 41, 6, '很划算', 5, '2022-02-03 07:03:04'),
(432, 2, 42, 6, '很划算', 5, '2022-02-03 07:03:04'),
(433, 3, 37, 6, '每個禮拜都買好幾次東西超好吃', 5, '2022-02-04 08:04:05'),
(434, 3, 38, 6, '每個禮拜都買好幾次東西超好吃', 5, '2022-02-04 08:04:05'),
(435, 3, 39, 6, '每個禮拜都買好幾次東西超好吃', 5, '2022-02-04 08:04:05'),
(436, 3, 40, 6, '每個禮拜都買好幾次東西超好吃', 5, '2022-02-04 08:04:05'),
(437, 3, 41, 6, '每個禮拜都買好幾次東西超好吃', 5, '2022-02-04 08:04:05'),
(438, 3, 42, 6, '每個禮拜都買好幾次東西超好吃', 5, '2022-02-04 08:04:05'),
(439, 4, 37, 6, '還行吧', 5, '2022-02-05 09:05:06'),
(440, 4, 38, 6, '還行吧', 5, '2022-02-05 09:05:06'),
(441, 4, 39, 6, '還行吧', 5, '2022-02-05 09:05:06'),
(442, 4, 40, 6, '還行吧', 5, '2022-02-05 09:05:06'),
(443, 4, 41, 6, '還行吧', 5, '2022-02-05 09:05:06'),
(444, 4, 42, 6, '還行吧', 5, '2022-02-05 09:05:06'),
(445, 5, 37, 6, '老闆態度是在差什麼', 3, '2022-02-06 10:06:07'),
(446, 5, 38, 6, '老闆態度是在差什麼', 3, '2022-02-06 10:06:07'),
(447, 5, 39, 6, '老闆態度是在差什麼', 3, '2022-02-06 10:06:07'),
(448, 5, 40, 6, '老闆態度是在差什麼', 3, '2022-02-06 10:06:07'),
(449, 5, 41, 6, '老闆態度是在差什麼', 3, '2022-02-06 10:06:07'),
(450, 5, 42, 6, '老闆態度是在差什麼', 3, '2022-02-06 10:06:07'),
(451, 6, 37, 6, '有股臭味', 3, '2022-02-07 11:07:08'),
(452, 6, 38, 6, '有股臭味', 3, '2022-02-07 11:07:08'),
(453, 6, 39, 6, '有股臭味', 3, '2022-02-07 11:07:08'),
(454, 6, 40, 6, '有股臭味', 3, '2022-02-07 11:07:08'),
(455, 6, 41, 6, '有股臭味', 3, '2022-02-07 11:07:08'),
(456, 6, 42, 6, '有股臭味', 3, '2022-02-07 11:07:08'),
(457, 7, 37, 6, '不喜歡', 3, '2022-02-08 12:08:09'),
(458, 7, 38, 6, '不喜歡', 3, '2022-02-08 12:08:09'),
(459, 7, 39, 6, '不喜歡', 3, '2022-02-08 12:08:09'),
(460, 7, 40, 6, '不喜歡', 3, '2022-02-08 12:08:09'),
(461, 7, 41, 6, '不喜歡', 3, '2022-02-08 12:08:09'),
(462, 7, 42, 6, '不喜歡', 3, '2022-02-08 12:08:09'),
(463, 8, 37, 6, '少給東西', 1, '2022-02-09 01:09:10'),
(464, 8, 38, 6, '少給東西', 1, '2022-02-09 01:09:10'),
(465, 8, 39, 6, '少給東西', 1, '2022-02-09 01:09:10'),
(466, 8, 40, 6, '少給東西', 1, '2022-02-09 01:09:10'),
(467, 8, 41, 6, '少給東西', 1, '2022-02-09 01:09:10'),
(468, 8, 42, 6, '少給東西', 1, '2022-02-09 01:09:10'),
(469, 9, 37, 6, '老闆人超好~!', 1, '2022-02-10 02:10:11'),
(470, 9, 38, 6, '老闆人超好~!', 1, '2022-02-10 02:10:11'),
(471, 9, 39, 6, '老闆人超好~!', 1, '2022-02-10 02:10:11'),
(472, 9, 40, 6, '老闆人超好~!', 1, '2022-02-10 02:10:11'),
(473, 9, 41, 6, '老闆人超好~!', 1, '2022-02-10 02:10:11'),
(474, 9, 42, 6, '老闆人超好~!', 1, '2022-02-10 02:10:11'),
(475, 10, 37, 6, '這個價格吃到這個東西真的無可挑剔', 1, '2022-02-11 03:11:12'),
(476, 10, 38, 6, '這個價格吃到這個東西真的無可挑剔', 1, '2022-02-11 03:11:12'),
(477, 10, 39, 6, '這個價格吃到這個東西真的無可挑剔', 1, '2022-02-11 03:11:12'),
(478, 10, 40, 6, '這個價格吃到這個東西真的無可挑剔', 1, '2022-02-11 03:11:12'),
(479, 10, 41, 6, '這個價格吃到這個東西真的無可挑剔', 1, '2022-02-11 03:11:12'),
(480, 10, 42, 6, '這個價格吃到這個東西真的無可挑剔', 1, '2022-02-11 03:11:12'),
(481, 1, 31, 7, '超好吃的欸', 5, '2022-02-02 06:02:03'),
(482, 1, 32, 7, '超好吃的欸', 5, '2022-02-02 06:02:03'),
(483, 1, 33, 7, '超好吃的欸', 5, '2022-02-02 06:02:03'),
(484, 1, 34, 7, '超好吃的欸', 5, '2022-02-02 06:02:03'),
(485, 1, 35, 7, '超好吃的欸', 5, '2022-02-02 06:02:03'),
(486, 1, 36, 7, '超好吃的欸', 5, '2022-02-02 06:02:03'),
(487, 2, 31, 7, '很划算', 5, '2022-02-03 07:03:04'),
(488, 2, 32, 7, '很划算', 5, '2022-02-03 07:03:04'),
(489, 2, 33, 7, '很划算', 5, '2022-02-03 07:03:04'),
(490, 2, 34, 7, '很划算', 5, '2022-02-03 07:03:04'),
(491, 2, 35, 7, '很划算', 5, '2022-02-03 07:03:04'),
(492, 2, 36, 7, '很划算', 5, '2022-02-03 07:03:04'),
(493, 3, 31, 7, '每個禮拜都買好幾次東西超好吃', 5, '2022-02-04 08:04:05'),
(494, 3, 32, 7, '每個禮拜都買好幾次東西超好吃', 5, '2022-02-04 08:04:05'),
(495, 3, 33, 7, '每個禮拜都買好幾次東西超好吃', 5, '2022-02-04 08:04:05'),
(496, 3, 34, 7, '每個禮拜都買好幾次東西超好吃', 5, '2022-02-04 08:04:05'),
(497, 3, 35, 7, '每個禮拜都買好幾次東西超好吃', 5, '2022-02-04 08:04:05'),
(498, 3, 36, 7, '每個禮拜都買好幾次東西超好吃', 5, '2022-02-04 08:04:05'),
(499, 4, 31, 7, '還行吧', 5, '2022-02-05 09:05:06'),
(500, 4, 32, 7, '還行吧', 5, '2022-02-05 09:05:06'),
(501, 4, 33, 7, '還行吧', 5, '2022-02-05 09:05:06'),
(502, 4, 34, 7, '還行吧', 5, '2022-02-05 09:05:06'),
(503, 4, 35, 7, '還行吧', 5, '2022-02-05 09:05:06'),
(504, 4, 36, 7, '還行吧', 5, '2022-02-05 09:05:06'),
(505, 5, 31, 7, '老闆態度是在差什麼', 3, '2022-02-06 10:06:07'),
(506, 5, 32, 7, '老闆態度是在差什麼', 3, '2022-02-06 10:06:07'),
(507, 5, 33, 7, '老闆態度是在差什麼', 3, '2022-02-06 10:06:07'),
(508, 5, 34, 7, '老闆態度是在差什麼', 3, '2022-02-06 10:06:07'),
(509, 5, 35, 7, '老闆態度是在差什麼', 3, '2022-02-06 10:06:07'),
(510, 5, 36, 7, '老闆態度是在差什麼', 3, '2022-02-06 10:06:07'),
(511, 6, 31, 7, '有股臭味', 3, '2022-02-07 11:07:08'),
(512, 6, 32, 7, '有股臭味', 3, '2022-02-07 11:07:08'),
(513, 6, 33, 7, '有股臭味', 3, '2022-02-07 11:07:08'),
(514, 6, 34, 7, '有股臭味', 3, '2022-02-07 11:07:08'),
(515, 6, 35, 7, '有股臭味', 3, '2022-02-07 11:07:08'),
(516, 6, 36, 7, '有股臭味', 3, '2022-02-07 11:07:08'),
(517, 7, 31, 7, '不喜歡', 3, '2022-02-08 12:08:09'),
(518, 7, 32, 7, '不喜歡', 3, '2022-02-08 12:08:09'),
(519, 7, 33, 7, '不喜歡', 3, '2022-02-08 12:08:09'),
(520, 7, 34, 7, '不喜歡', 3, '2022-02-08 12:08:09'),
(521, 7, 35, 7, '不喜歡', 3, '2022-02-08 12:08:09'),
(522, 7, 36, 7, '不喜歡', 3, '2022-02-08 12:08:09'),
(523, 8, 31, 7, '少給東西', 1, '2022-02-09 01:09:10'),
(524, 8, 32, 7, '少給東西', 1, '2022-02-09 01:09:10'),
(525, 8, 33, 7, '少給東西', 1, '2022-02-09 01:09:10'),
(526, 8, 34, 7, '少給東西', 1, '2022-02-09 01:09:10'),
(527, 8, 35, 7, '少給東西', 1, '2022-02-09 01:09:10'),
(528, 8, 36, 7, '少給東西', 1, '2022-02-09 01:09:10'),
(529, 9, 31, 7, '老闆人超好~!', 1, '2022-02-10 02:10:11'),
(530, 9, 32, 7, '老闆人超好~!', 1, '2022-02-10 02:10:11'),
(531, 9, 33, 7, '老闆人超好~!', 1, '2022-02-10 02:10:11'),
(532, 9, 34, 7, '老闆人超好~!', 1, '2022-02-10 02:10:11'),
(533, 9, 35, 7, '老闆人超好~!', 1, '2022-02-10 02:10:11'),
(534, 9, 36, 7, '老闆人超好~!', 1, '2022-02-10 02:10:11'),
(535, 10, 31, 7, '這個價格吃到這個東西真的無可挑剔', 1, '2022-02-11 03:11:12'),
(536, 10, 32, 7, '這個價格吃到這個東西真的無可挑剔', 1, '2022-02-11 03:11:12'),
(537, 10, 33, 7, '這個價格吃到這個東西真的無可挑剔', 1, '2022-02-11 03:11:12'),
(538, 10, 34, 7, '這個價格吃到這個東西真的無可挑剔', 1, '2022-02-11 03:11:12'),
(539, 10, 35, 7, '這個價格吃到這個東西真的無可挑剔', 1, '2022-02-11 03:11:12'),
(540, 10, 36, 7, '這個價格吃到這個東西真的無可挑剔', 1, '2022-02-11 03:11:12'),
(541, 1, 43, 8, '超好吃的欸', 5, '2022-02-02 06:02:03'),
(542, 1, 44, 8, '超好吃的欸', 5, '2022-02-02 06:02:03'),
(543, 1, 45, 8, '超好吃的欸', 5, '2022-02-02 06:02:03'),
(544, 1, 46, 8, '超好吃的欸', 5, '2022-02-02 06:02:03'),
(545, 1, 47, 8, '超好吃的欸', 5, '2022-02-02 06:02:03'),
(546, 1, 48, 8, '超好吃的欸', 5, '2022-02-02 06:02:03'),
(547, 2, 43, 8, '很划算', 5, '2022-02-03 07:03:04'),
(548, 2, 44, 8, '很划算', 5, '2022-02-03 07:03:04'),
(549, 2, 45, 8, '很划算', 5, '2022-02-03 07:03:04'),
(550, 2, 46, 8, '很划算', 5, '2022-02-03 07:03:04'),
(551, 2, 47, 8, '很划算', 5, '2022-02-03 07:03:04'),
(552, 2, 48, 8, '很划算', 5, '2022-02-03 07:03:04'),
(553, 3, 43, 8, '每個禮拜都買好幾次東西超好吃', 5, '2022-02-04 08:04:05'),
(554, 3, 44, 8, '每個禮拜都買好幾次東西超好吃', 5, '2022-02-04 08:04:05'),
(555, 3, 45, 8, '每個禮拜都買好幾次東西超好吃', 5, '2022-02-04 08:04:05'),
(556, 3, 46, 8, '每個禮拜都買好幾次東西超好吃', 5, '2022-02-04 08:04:05'),
(557, 3, 47, 8, '每個禮拜都買好幾次東西超好吃', 5, '2022-02-04 08:04:05'),
(558, 3, 48, 8, '每個禮拜都買好幾次東西超好吃', 5, '2022-02-04 08:04:05'),
(559, 4, 43, 8, '還行吧', 5, '2022-02-05 09:05:06'),
(560, 4, 44, 8, '還行吧', 5, '2022-02-05 09:05:06'),
(561, 4, 45, 8, '還行吧', 5, '2022-02-05 09:05:06'),
(562, 4, 46, 8, '還行吧', 5, '2022-02-05 09:05:06'),
(563, 4, 47, 8, '還行吧', 5, '2022-02-05 09:05:06'),
(564, 4, 48, 8, '還行吧', 5, '2022-02-05 09:05:06'),
(565, 5, 43, 8, '老闆態度是在差什麼', 3, '2022-02-06 10:06:07'),
(566, 5, 44, 8, '老闆態度是在差什麼', 3, '2022-02-06 10:06:07'),
(567, 5, 45, 8, '老闆態度是在差什麼', 3, '2022-02-06 10:06:07'),
(568, 5, 46, 8, '老闆態度是在差什麼', 3, '2022-02-06 10:06:07'),
(569, 5, 47, 8, '老闆態度是在差什麼', 3, '2022-02-06 10:06:07'),
(570, 5, 48, 8, '老闆態度是在差什麼', 3, '2022-02-06 10:06:07'),
(571, 6, 43, 8, '有股臭味', 3, '2022-02-07 11:07:08'),
(572, 6, 44, 8, '有股臭味', 3, '2022-02-07 11:07:08'),
(573, 6, 45, 8, '有股臭味', 3, '2022-02-07 11:07:08'),
(574, 6, 46, 8, '有股臭味', 3, '2022-02-07 11:07:08'),
(575, 6, 47, 8, '有股臭味', 3, '2022-02-07 11:07:08'),
(576, 6, 48, 8, '有股臭味', 3, '2022-02-07 11:07:08'),
(577, 7, 43, 8, '不喜歡', 3, '2022-02-08 12:08:09'),
(578, 7, 44, 8, '不喜歡', 3, '2022-02-08 12:08:09'),
(579, 7, 45, 8, '不喜歡', 3, '2022-02-08 12:08:09'),
(580, 7, 46, 8, '不喜歡', 3, '2022-02-08 12:08:09'),
(581, 7, 47, 8, '不喜歡', 3, '2022-02-08 12:08:09'),
(582, 7, 48, 8, '不喜歡', 3, '2022-02-08 12:08:09'),
(583, 8, 43, 8, '少給東西', 1, '2022-02-09 01:09:10'),
(584, 8, 44, 8, '少給東西', 1, '2022-02-09 01:09:10'),
(585, 8, 45, 8, '少給東西', 1, '2022-02-09 01:09:10'),
(586, 8, 46, 8, '少給東西', 1, '2022-02-09 01:09:10'),
(587, 8, 47, 8, '少給東西', 1, '2022-02-09 01:09:10'),
(588, 8, 48, 8, '少給東西', 1, '2022-02-09 01:09:10'),
(589, 9, 43, 8, '老闆人超好~!', 1, '2022-02-10 02:10:11'),
(590, 9, 44, 8, '老闆人超好~!', 1, '2022-02-10 02:10:11'),
(591, 9, 45, 8, '老闆人超好~!', 1, '2022-02-10 02:10:11'),
(592, 9, 46, 8, '老闆人超好~!', 1, '2022-02-10 02:10:11'),
(593, 9, 47, 8, '老闆人超好~!', 1, '2022-02-10 02:10:11'),
(594, 9, 48, 8, '老闆人超好~!', 1, '2022-02-10 02:10:11'),
(595, 10, 43, 8, '這個價格吃到這個東西真的無可挑剔', 1, '2022-02-11 03:11:12'),
(596, 10, 44, 8, '這個價格吃到這個東西真的無可挑剔', 1, '2022-02-11 03:11:12'),
(597, 10, 45, 8, '這個價格吃到這個東西真的無可挑剔', 1, '2022-02-11 03:11:12'),
(598, 10, 46, 8, '這個價格吃到這個東西真的無可挑剔', 1, '2022-02-11 03:11:12'),
(599, 10, 47, 8, '這個價格吃到這個東西真的無可挑剔', 1, '2022-02-11 03:11:12'),
(600, 10, 48, 8, '這個價格吃到這個東西真的無可挑剔', 1, '2022-02-11 03:11:12'),
(601, 1, 49, 9, '超好吃的欸', 5, '2022-02-02 06:02:03'),
(602, 1, 50, 9, '超好吃的欸', 5, '2022-02-02 06:02:03'),
(603, 1, 51, 9, '超好吃的欸', 5, '2022-02-02 06:02:03'),
(604, 1, 52, 9, '超好吃的欸', 5, '2022-02-02 06:02:03'),
(605, 1, 53, 9, '超好吃的欸', 5, '2022-02-02 06:02:03'),
(606, 1, 54, 9, '超好吃的欸', 5, '2022-02-02 06:02:03'),
(607, 2, 49, 9, '很划算', 5, '2022-02-03 07:03:04'),
(608, 2, 50, 9, '很划算', 5, '2022-02-03 07:03:04'),
(609, 2, 51, 9, '很划算', 5, '2022-02-03 07:03:04'),
(610, 2, 52, 9, '很划算', 5, '2022-02-03 07:03:04'),
(611, 2, 53, 9, '很划算', 5, '2022-02-03 07:03:04'),
(612, 2, 54, 9, '很划算', 5, '2022-02-03 07:03:04'),
(613, 3, 49, 9, '每個禮拜都買好幾次東西超好吃', 5, '2022-02-04 08:04:05'),
(614, 3, 50, 9, '每個禮拜都買好幾次東西超好吃', 5, '2022-02-04 08:04:05'),
(615, 3, 51, 9, '每個禮拜都買好幾次東西超好吃', 5, '2022-02-04 08:04:05'),
(616, 3, 52, 9, '每個禮拜都買好幾次東西超好吃', 5, '2022-02-04 08:04:05'),
(617, 3, 53, 9, '每個禮拜都買好幾次東西超好吃', 5, '2022-02-04 08:04:05'),
(618, 3, 54, 9, '每個禮拜都買好幾次東西超好吃', 5, '2022-02-04 08:04:05'),
(619, 4, 49, 9, '還行吧', 5, '2022-02-05 09:05:06'),
(620, 4, 50, 9, '還行吧', 5, '2022-02-05 09:05:06'),
(621, 4, 51, 9, '還行吧', 5, '2022-02-05 09:05:06'),
(622, 4, 52, 9, '還行吧', 5, '2022-02-05 09:05:06'),
(623, 4, 53, 9, '還行吧', 5, '2022-02-05 09:05:06'),
(624, 4, 54, 9, '還行吧', 5, '2022-02-05 09:05:06'),
(625, 5, 49, 9, '老闆態度是在差什麼', 3, '2022-02-06 10:06:07'),
(626, 5, 50, 9, '老闆態度是在差什麼', 3, '2022-02-06 10:06:07'),
(627, 5, 51, 9, '老闆態度是在差什麼', 3, '2022-02-06 10:06:07'),
(628, 5, 52, 9, '老闆態度是在差什麼', 3, '2022-02-06 10:06:07'),
(629, 5, 53, 9, '老闆態度是在差什麼', 3, '2022-02-06 10:06:07'),
(630, 5, 54, 9, '老闆態度是在差什麼', 3, '2022-02-06 10:06:07'),
(631, 6, 49, 9, '有股臭味', 3, '2022-02-07 11:07:08'),
(632, 6, 50, 9, '有股臭味', 3, '2022-02-07 11:07:08'),
(633, 6, 51, 9, '有股臭味', 3, '2022-02-07 11:07:08'),
(634, 6, 52, 9, '有股臭味', 3, '2022-02-07 11:07:08'),
(635, 6, 53, 9, '有股臭味', 3, '2022-02-07 11:07:08'),
(636, 6, 54, 9, '有股臭味', 3, '2022-02-07 11:07:08'),
(637, 7, 49, 9, '不喜歡', 3, '2022-02-08 12:08:09'),
(638, 7, 50, 9, '不喜歡', 3, '2022-02-08 12:08:09'),
(639, 7, 51, 9, '不喜歡', 3, '2022-02-08 12:08:09'),
(640, 7, 52, 9, '不喜歡', 3, '2022-02-08 12:08:09'),
(641, 7, 53, 9, '不喜歡', 3, '2022-02-08 12:08:09'),
(642, 7, 54, 9, '不喜歡', 3, '2022-02-08 12:08:09'),
(643, 8, 49, 9, '少給東西', 1, '2022-02-09 01:09:10'),
(644, 8, 50, 9, '少給東西', 1, '2022-02-09 01:09:10'),
(645, 8, 51, 9, '少給東西', 1, '2022-02-09 01:09:10'),
(646, 8, 52, 9, '少給東西', 1, '2022-02-09 01:09:10'),
(647, 8, 53, 9, '少給東西', 1, '2022-02-09 01:09:10'),
(648, 8, 54, 9, '少給東西', 1, '2022-02-09 01:09:10'),
(649, 9, 49, 9, '老闆人超好~!', 1, '2022-02-10 02:10:11'),
(650, 9, 50, 9, '老闆人超好~!', 1, '2022-02-10 02:10:11'),
(651, 9, 51, 9, '老闆人超好~!', 1, '2022-02-10 02:10:11'),
(652, 9, 52, 9, '老闆人超好~!', 1, '2022-02-10 02:10:11'),
(653, 9, 53, 9, '老闆人超好~!', 1, '2022-02-10 02:10:11'),
(654, 9, 54, 9, '老闆人超好~!', 1, '2022-02-10 02:10:11'),
(655, 10, 49, 9, '這個價格吃到這個東西真的無可挑剔', 1, '2022-02-11 03:11:12'),
(656, 10, 50, 9, '這個價格吃到這個東西真的無可挑剔', 1, '2022-02-11 03:11:12'),
(657, 10, 51, 9, '這個價格吃到這個東西真的無可挑剔', 1, '2022-02-11 03:11:12'),
(658, 10, 52, 9, '這個價格吃到這個東西真的無可挑剔', 1, '2022-02-11 03:11:12'),
(659, 10, 53, 9, '這個價格吃到這個東西真的無可挑剔', 1, '2022-02-11 03:11:12'),
(660, 10, 54, 9, '這個價格吃到這個東西真的無可挑剔', 1, '2022-02-11 03:11:12'),
(661, 1, 55, 10, '超好吃的欸', 5, '2022-02-02 06:02:03'),
(662, 1, 56, 10, '超好吃的欸', 5, '2022-02-02 06:02:03'),
(663, 1, 57, 10, '超好吃的欸', 5, '2022-02-02 06:02:03'),
(664, 1, 58, 10, '超好吃的欸', 5, '2022-02-02 06:02:03'),
(665, 1, 59, 10, '超好吃的欸', 5, '2022-02-02 06:02:03'),
(666, 1, 60, 10, '超好吃的欸', 5, '2022-02-02 06:02:03'),
(667, 2, 55, 10, '很划算', 5, '2022-02-03 07:03:04'),
(668, 2, 56, 10, '很划算', 5, '2022-02-03 07:03:04'),
(669, 2, 57, 10, '很划算', 5, '2022-02-03 07:03:04'),
(670, 2, 58, 10, '很划算', 5, '2022-02-03 07:03:04'),
(671, 2, 59, 10, '很划算', 5, '2022-02-03 07:03:04'),
(672, 2, 60, 10, '很划算', 5, '2022-02-03 07:03:04'),
(673, 3, 55, 10, '每個禮拜都買好幾次東西超好吃', 5, '2022-02-04 08:04:05'),
(674, 3, 56, 10, '每個禮拜都買好幾次東西超好吃', 5, '2022-02-04 08:04:05'),
(675, 3, 57, 10, '每個禮拜都買好幾次東西超好吃', 5, '2022-02-04 08:04:05'),
(676, 3, 58, 10, '每個禮拜都買好幾次東西超好吃', 5, '2022-02-04 08:04:05'),
(677, 3, 59, 10, '每個禮拜都買好幾次東西超好吃', 5, '2022-02-04 08:04:05'),
(678, 3, 60, 10, '每個禮拜都買好幾次東西超好吃', 5, '2022-02-04 08:04:05'),
(679, 4, 55, 10, '還行吧', 5, '2022-02-05 09:05:06'),
(680, 4, 56, 10, '還行吧', 5, '2022-02-05 09:05:06'),
(681, 4, 57, 10, '還行吧', 5, '2022-02-05 09:05:06'),
(682, 4, 58, 10, '還行吧', 5, '2022-02-05 09:05:06'),
(683, 4, 59, 10, '還行吧', 5, '2022-02-05 09:05:06'),
(684, 4, 60, 10, '還行吧', 5, '2022-02-05 09:05:06'),
(685, 5, 55, 10, '老闆態度是在差什麼', 3, '2022-02-06 10:06:07'),
(686, 5, 56, 10, '老闆態度是在差什麼', 3, '2022-02-06 10:06:07'),
(687, 5, 57, 10, '老闆態度是在差什麼', 3, '2022-02-06 10:06:07'),
(688, 5, 58, 10, '老闆態度是在差什麼', 3, '2022-02-06 10:06:07'),
(689, 5, 59, 10, '老闆態度是在差什麼', 3, '2022-02-06 10:06:07'),
(690, 5, 60, 10, '老闆態度是在差什麼', 3, '2022-02-06 10:06:07'),
(691, 6, 55, 10, '有股臭味', 3, '2022-02-07 11:07:08'),
(692, 6, 56, 10, '有股臭味', 3, '2022-02-07 11:07:08'),
(693, 6, 57, 10, '有股臭味', 3, '2022-02-07 11:07:08'),
(694, 6, 58, 10, '有股臭味', 3, '2022-02-07 11:07:08'),
(695, 6, 59, 10, '有股臭味', 3, '2022-02-07 11:07:08'),
(696, 6, 60, 10, '有股臭味', 3, '2022-02-07 11:07:08'),
(697, 7, 55, 10, '不喜歡', 3, '2022-02-08 12:08:09'),
(698, 7, 56, 10, '不喜歡', 3, '2022-02-08 12:08:09'),
(699, 7, 57, 10, '不喜歡', 3, '2022-02-08 12:08:09'),
(700, 7, 58, 10, '不喜歡', 3, '2022-02-08 12:08:09'),
(701, 7, 59, 10, '不喜歡', 3, '2022-02-08 12:08:09'),
(702, 7, 60, 10, '不喜歡', 3, '2022-02-08 12:08:09'),
(703, 8, 55, 10, '少給東西', 1, '2022-02-09 01:09:10'),
(704, 8, 56, 10, '少給東西', 1, '2022-02-09 01:09:10'),
(705, 8, 57, 10, '少給東西', 1, '2022-02-09 01:09:10'),
(706, 8, 58, 10, '少給東西', 1, '2022-02-09 01:09:10'),
(707, 8, 59, 10, '少給東西', 1, '2022-02-09 01:09:10'),
(708, 8, 60, 10, '少給東西', 1, '2022-02-09 01:09:10'),
(709, 9, 55, 10, '老闆人超好~!', 1, '2022-02-10 02:10:11'),
(710, 9, 56, 10, '老闆人超好~!', 1, '2022-02-10 02:10:11'),
(711, 9, 57, 10, '老闆人超好~!', 1, '2022-02-10 02:10:11'),
(712, 9, 58, 10, '老闆人超好~!', 1, '2022-02-10 02:10:11'),
(713, 9, 59, 10, '老闆人超好~!', 1, '2022-02-10 02:10:11'),
(714, 9, 60, 10, '老闆人超好~!', 1, '2022-02-10 02:10:11'),
(715, 10, 55, 10, '這個價格吃到這個東西真的無可挑剔', 1, '2022-02-11 03:11:12'),
(716, 10, 56, 10, '這個價格吃到這個東西真的無可挑剔', 1, '2022-02-11 03:11:12'),
(717, 10, 57, 10, '這個價格吃到這個東西真的無可挑剔', 1, '2022-02-11 03:11:12'),
(718, 10, 58, 10, '這個價格吃到這個東西真的無可挑剔', 1, '2022-02-11 03:11:12'),
(719, 10, 59, 10, '這個價格吃到這個東西真的無可挑剔', 1, '2022-02-11 03:11:12'),
(720, 10, 60, 10, '這個價格吃到這個東西真的無可挑剔', 1, '2022-02-11 03:11:12'),
(721, 1, 67, 11, '超好吃的欸', 5, '2022-02-02 06:02:03'),
(722, 1, 68, 11, '超好吃的欸', 5, '2022-02-02 06:02:03'),
(723, 1, 69, 11, '超好吃的欸', 5, '2022-02-02 06:02:03'),
(724, 1, 70, 11, '超好吃的欸', 5, '2022-02-02 06:02:03'),
(725, 1, 71, 11, '超好吃的欸', 5, '2022-02-02 06:02:03'),
(726, 1, 72, 11, '超好吃的欸', 5, '2022-02-02 06:02:03'),
(727, 2, 67, 11, '很划算', 5, '2022-02-03 07:03:04'),
(728, 2, 68, 11, '很划算', 5, '2022-02-03 07:03:04'),
(729, 2, 69, 11, '很划算', 5, '2022-02-03 07:03:04'),
(730, 2, 70, 11, '很划算', 5, '2022-02-03 07:03:04'),
(731, 2, 71, 11, '很划算', 5, '2022-02-03 07:03:04'),
(732, 2, 72, 11, '很划算', 5, '2022-02-03 07:03:04'),
(733, 3, 67, 11, '每個禮拜都買好幾次東西超好吃', 5, '2022-02-04 08:04:05'),
(734, 3, 68, 11, '每個禮拜都買好幾次東西超好吃', 5, '2022-02-04 08:04:05'),
(735, 3, 69, 11, '每個禮拜都買好幾次東西超好吃', 5, '2022-02-04 08:04:05'),
(736, 3, 70, 11, '每個禮拜都買好幾次東西超好吃', 5, '2022-02-04 08:04:05'),
(737, 3, 71, 11, '每個禮拜都買好幾次東西超好吃', 5, '2022-02-04 08:04:05'),
(738, 3, 72, 11, '每個禮拜都買好幾次東西超好吃', 5, '2022-02-04 08:04:05'),
(739, 4, 67, 11, '還行吧', 5, '2022-02-05 09:05:06'),
(740, 4, 68, 11, '還行吧', 5, '2022-02-05 09:05:06'),
(741, 4, 69, 11, '還行吧', 5, '2022-02-05 09:05:06'),
(742, 4, 70, 11, '還行吧', 5, '2022-02-05 09:05:06'),
(743, 4, 71, 11, '還行吧', 5, '2022-02-05 09:05:06'),
(744, 4, 72, 11, '還行吧', 5, '2022-02-05 09:05:06'),
(745, 5, 67, 11, '老闆態度是在差什麼', 3, '2022-02-06 10:06:07'),
(746, 5, 68, 11, '老闆態度是在差什麼', 3, '2022-02-06 10:06:07'),
(747, 5, 69, 11, '老闆態度是在差什麼', 3, '2022-02-06 10:06:07'),
(748, 5, 70, 11, '老闆態度是在差什麼', 3, '2022-02-06 10:06:07'),
(749, 5, 71, 11, '老闆態度是在差什麼', 3, '2022-02-06 10:06:07'),
(750, 5, 72, 11, '老闆態度是在差什麼', 3, '2022-02-06 10:06:07'),
(751, 6, 67, 11, '有股臭味', 3, '2022-02-07 11:07:08'),
(752, 6, 68, 11, '有股臭味', 3, '2022-02-07 11:07:08'),
(753, 6, 69, 11, '有股臭味', 3, '2022-02-07 11:07:08'),
(754, 6, 70, 11, '有股臭味', 3, '2022-02-07 11:07:08'),
(755, 6, 71, 11, '有股臭味', 3, '2022-02-07 11:07:08'),
(756, 6, 72, 11, '有股臭味', 3, '2022-02-07 11:07:08'),
(757, 7, 67, 11, '不喜歡', 3, '2022-02-08 12:08:09'),
(758, 7, 68, 11, '不喜歡', 3, '2022-02-08 12:08:09'),
(759, 7, 69, 11, '不喜歡', 3, '2022-02-08 12:08:09'),
(760, 7, 70, 11, '不喜歡', 3, '2022-02-08 12:08:09'),
(761, 7, 71, 11, '不喜歡', 3, '2022-02-08 12:08:09'),
(762, 7, 72, 11, '不喜歡', 3, '2022-02-08 12:08:09'),
(763, 8, 67, 11, '少給東西', 1, '2022-02-09 01:09:10'),
(764, 8, 68, 11, '少給東西', 1, '2022-02-09 01:09:10'),
(765, 8, 69, 11, '少給東西', 1, '2022-02-09 01:09:10'),
(766, 8, 70, 11, '少給東西', 1, '2022-02-09 01:09:10'),
(767, 8, 71, 11, '少給東西', 1, '2022-02-09 01:09:10'),
(768, 8, 72, 11, '少給東西', 1, '2022-02-09 01:09:10'),
(769, 9, 67, 11, '老闆人超好~!', 1, '2022-02-10 02:10:11'),
(770, 9, 68, 11, '老闆人超好~!', 1, '2022-02-10 02:10:11'),
(771, 9, 69, 11, '老闆人超好~!', 1, '2022-02-10 02:10:11'),
(772, 9, 70, 11, '老闆人超好~!', 1, '2022-02-10 02:10:11'),
(773, 9, 71, 11, '老闆人超好~!', 1, '2022-02-10 02:10:11'),
(774, 9, 72, 11, '老闆人超好~!', 1, '2022-02-10 02:10:11'),
(775, 10, 67, 11, '這個價格吃到這個東西真的無可挑剔', 1, '2022-02-11 03:11:12'),
(776, 10, 68, 11, '這個價格吃到這個東西真的無可挑剔', 1, '2022-02-11 03:11:12'),
(777, 10, 69, 11, '這個價格吃到這個東西真的無可挑剔', 1, '2022-02-11 03:11:12'),
(778, 10, 70, 11, '這個價格吃到這個東西真的無可挑剔', 1, '2022-02-11 03:11:12'),
(779, 10, 71, 11, '這個價格吃到這個東西真的無可挑剔', 1, '2022-02-11 03:11:12'),
(780, 10, 72, 11, '這個價格吃到這個東西真的無可挑剔', 1, '2022-02-11 03:11:12'),
(781, 1, 61, 12, '超好吃的欸', 5, '2022-02-02 06:02:03'),
(782, 1, 62, 12, '超好吃的欸', 5, '2022-02-02 06:02:03'),
(783, 1, 63, 12, '超好吃的欸', 5, '2022-02-02 06:02:03'),
(784, 1, 64, 12, '超好吃的欸', 5, '2022-02-02 06:02:03'),
(785, 1, 65, 12, '超好吃的欸', 5, '2022-02-02 06:02:03'),
(786, 2, 61, 12, '很划算', 5, '2022-02-03 07:03:04'),
(787, 2, 62, 12, '很划算', 5, '2022-02-03 07:03:04'),
(788, 2, 63, 12, '很划算', 5, '2022-02-03 07:03:04'),
(789, 2, 64, 12, '很划算', 5, '2022-02-03 07:03:04'),
(790, 2, 65, 12, '很划算', 5, '2022-02-03 07:03:04'),
(791, 3, 61, 12, '每個禮拜都買好幾次東西超好吃', 4, '2022-02-04 08:04:05'),
(792, 3, 62, 12, '每個禮拜都買好幾次東西超好吃', 4, '2022-02-04 08:04:05'),
(793, 3, 63, 12, '每個禮拜都買好幾次東西超好吃', 4, '2022-02-04 08:04:05'),
(794, 3, 64, 12, '每個禮拜都買好幾次東西超好吃', 4, '2022-02-04 08:04:05'),
(795, 3, 65, 12, '每個禮拜都買好幾次東西超好吃', 4, '2022-02-04 08:04:05'),
(796, 4, 61, 12, '還行吧', 1, '2022-02-05 09:05:06'),
(797, 4, 62, 12, '還行吧', 1, '2022-02-05 09:05:06'),
(798, 4, 63, 12, '還行吧', 1, '2022-02-05 09:05:06'),
(799, 4, 64, 12, '還行吧', 1, '2022-02-05 09:05:06'),
(800, 4, 65, 12, '還行吧', 1, '2022-02-05 09:05:06'),
(801, 5, 61, 12, '老闆態度是在差什麼', 3, '2022-02-06 10:06:07'),
(802, 5, 62, 12, '老闆態度是在差什麼', 3, '2022-02-06 10:06:07'),
(803, 5, 63, 12, '老闆態度是在差什麼', 3, '2022-02-06 10:06:07'),
(804, 5, 64, 12, '老闆態度是在差什麼', 3, '2022-02-06 10:06:07'),
(805, 5, 65, 12, '老闆態度是在差什麼', 3, '2022-02-06 10:06:07'),
(806, 6, 61, 12, '有股臭味', 4, '2022-02-07 11:07:08'),
(807, 6, 62, 12, '有股臭味', 4, '2022-02-07 11:07:08'),
(808, 6, 63, 12, '有股臭味', 4, '2022-02-07 11:07:08'),
(809, 6, 64, 12, '有股臭味', 4, '2022-02-07 11:07:08'),
(810, 6, 65, 12, '有股臭味', 4, '2022-02-07 11:07:08'),
(811, 7, 61, 12, '不喜歡', 2, '2022-02-08 12:08:09'),
(812, 7, 62, 12, '不喜歡', 2, '2022-02-08 12:08:09'),
(813, 7, 63, 12, '不喜歡', 2, '2022-02-08 12:08:09'),
(814, 7, 64, 12, '不喜歡', 2, '2022-02-08 12:08:09'),
(815, 7, 65, 12, '不喜歡', 2, '2022-02-08 12:08:09'),
(816, 8, 61, 12, '少給東西', 3, '2022-02-09 01:09:10'),
(817, 8, 62, 12, '少給東西', 3, '2022-02-09 01:09:10'),
(818, 8, 63, 12, '少給東西', 3, '2022-02-09 01:09:10'),
(819, 8, 64, 12, '少給東西', 3, '2022-02-09 01:09:10'),
(820, 8, 65, 12, '少給東西', 3, '2022-02-09 01:09:10'),
(821, 9, 61, 12, '老闆人超好~!', 2, '2022-02-10 02:10:11'),
(822, 9, 62, 12, '老闆人超好~!', 2, '2022-02-10 02:10:11'),
(823, 9, 63, 12, '老闆人超好~!', 2, '2022-02-10 02:10:11'),
(824, 9, 64, 12, '老闆人超好~!', 2, '2022-02-10 02:10:11'),
(825, 9, 65, 12, '老闆人超好~!', 2, '2022-02-10 02:10:11'),
(826, 10, 61, 12, '這個價格吃到這個東西真的無可挑剔', 4, '2022-02-11 03:11:12'),
(827, 10, 62, 12, '這個價格吃到這個東西真的無可挑剔', 4, '2022-02-11 03:11:12'),
(828, 10, 63, 12, '這個價格吃到這個東西真的無可挑剔', 4, '2022-02-11 03:11:12'),
(829, 10, 64, 12, '這個價格吃到這個東西真的無可挑剔', 4, '2022-02-11 03:11:12'),
(830, 10, 65, 12, '這個價格吃到這個東西真的無可挑剔', 4, '2022-02-11 03:11:12'),
(831, 1, 73, 13, '超好吃的欸', 5, '2022-02-02 06:02:03'),
(832, 1, 74, 13, '超好吃的欸', 5, '2022-02-02 06:02:03'),
(833, 1, 75, 13, '超好吃的欸', 5, '2022-02-02 06:02:03'),
(834, 1, 76, 13, '超好吃的欸', 5, '2022-02-02 06:02:03'),
(835, 1, 77, 13, '超好吃的欸', 5, '2022-02-02 06:02:03'),
(836, 2, 73, 13, '很划算', 5, '2022-02-03 07:03:04'),
(837, 2, 74, 13, '很划算', 5, '2022-02-03 07:03:04'),
(838, 2, 75, 13, '很划算', 5, '2022-02-03 07:03:04'),
(839, 2, 76, 13, '很划算', 5, '2022-02-03 07:03:04'),
(840, 2, 77, 13, '很划算', 5, '2022-02-03 07:03:04'),
(841, 3, 73, 13, '每個禮拜都買好幾次東西超好吃', 4, '2022-02-04 08:04:05'),
(842, 3, 74, 13, '每個禮拜都買好幾次東西超好吃', 4, '2022-02-04 08:04:05'),
(843, 3, 75, 13, '每個禮拜都買好幾次東西超好吃', 4, '2022-02-04 08:04:05'),
(844, 3, 76, 13, '每個禮拜都買好幾次東西超好吃', 4, '2022-02-04 08:04:05'),
(845, 3, 77, 13, '每個禮拜都買好幾次東西超好吃', 4, '2022-02-04 08:04:05'),
(846, 4, 73, 13, '還行吧', 1, '2022-02-05 09:05:06'),
(847, 4, 74, 13, '還行吧', 1, '2022-02-05 09:05:06'),
(848, 4, 75, 13, '還行吧', 1, '2022-02-05 09:05:06'),
(849, 4, 76, 13, '還行吧', 1, '2022-02-05 09:05:06'),
(850, 4, 77, 13, '還行吧', 1, '2022-02-05 09:05:06'),
(851, 5, 73, 13, '老闆態度是在差什麼', 3, '2022-02-06 10:06:07'),
(852, 5, 74, 13, '老闆態度是在差什麼', 3, '2022-02-06 10:06:07'),
(853, 5, 75, 13, '老闆態度是在差什麼', 3, '2022-02-06 10:06:07'),
(854, 5, 76, 13, '老闆態度是在差什麼', 3, '2022-02-06 10:06:07'),
(855, 5, 77, 13, '老闆態度是在差什麼', 3, '2022-02-06 10:06:07'),
(856, 6, 73, 13, '有股臭味', 4, '2022-02-07 11:07:08'),
(857, 6, 74, 13, '有股臭味', 4, '2022-02-07 11:07:08'),
(858, 6, 75, 13, '有股臭味', 4, '2022-02-07 11:07:08'),
(859, 6, 76, 13, '有股臭味', 4, '2022-02-07 11:07:08'),
(860, 6, 77, 13, '有股臭味', 4, '2022-02-07 11:07:08'),
(861, 7, 73, 13, '不喜歡', 2, '2022-02-08 12:08:09'),
(862, 7, 74, 13, '不喜歡', 2, '2022-02-08 12:08:09'),
(863, 7, 75, 13, '不喜歡', 2, '2022-02-08 12:08:09'),
(864, 7, 76, 13, '不喜歡', 2, '2022-02-08 12:08:09'),
(865, 7, 77, 13, '不喜歡', 2, '2022-02-08 12:08:09'),
(866, 8, 73, 13, '少給東西', 3, '2022-02-09 01:09:10'),
(867, 8, 74, 13, '少給東西', 3, '2022-02-09 01:09:10'),
(868, 8, 75, 13, '少給東西', 3, '2022-02-09 01:09:10'),
(869, 8, 76, 13, '少給東西', 3, '2022-02-09 01:09:10'),
(870, 8, 77, 13, '少給東西', 3, '2022-02-09 01:09:10'),
(871, 9, 73, 13, '老闆人超好~!', 2, '2022-02-10 02:10:11'),
(872, 9, 74, 13, '老闆人超好~!', 2, '2022-02-10 02:10:11'),
(873, 9, 75, 13, '老闆人超好~!', 2, '2022-02-10 02:10:11'),
(874, 9, 76, 13, '老闆人超好~!', 2, '2022-02-10 02:10:11'),
(875, 9, 77, 13, '老闆人超好~!', 2, '2022-02-10 02:10:11'),
(876, 10, 73, 13, '這個價格吃到這個東西真的無可挑剔', 4, '2022-02-11 03:11:12'),
(877, 10, 74, 13, '這個價格吃到這個東西真的無可挑剔', 4, '2022-02-11 03:11:12'),
(878, 10, 75, 13, '這個價格吃到這個東西真的無可挑剔', 4, '2022-02-11 03:11:12'),
(879, 10, 76, 13, '這個價格吃到這個東西真的無可挑剔', 4, '2022-02-11 03:11:12'),
(880, 10, 77, 13, '這個價格吃到這個東西真的無可挑剔', 4, '2022-02-11 03:11:12'),
(881, 1, 78, 14, '超好吃的欸', 5, '2022-02-02 06:02:03'),
(882, 1, 79, 14, '超好吃的欸', 5, '2022-02-02 06:02:03'),
(883, 1, 80, 14, '超好吃的欸', 5, '2022-02-02 06:02:03'),
(884, 1, 81, 14, '超好吃的欸', 5, '2022-02-02 06:02:03'),
(885, 1, 82, 14, '超好吃的欸', 5, '2022-02-02 06:02:03'),
(886, 2, 78, 14, '很划算', 5, '2022-02-03 07:03:04'),
(887, 2, 79, 14, '很划算', 5, '2022-02-03 07:03:04'),
(888, 2, 80, 14, '很划算', 5, '2022-02-03 07:03:04'),
(889, 2, 81, 14, '很划算', 5, '2022-02-03 07:03:04'),
(890, 2, 82, 14, '很划算', 5, '2022-02-03 07:03:04'),
(891, 3, 78, 14, '每個禮拜都買好幾次東西超好吃', 4, '2022-02-04 08:04:05'),
(892, 3, 79, 14, '每個禮拜都買好幾次東西超好吃', 4, '2022-02-04 08:04:05'),
(893, 3, 80, 14, '每個禮拜都買好幾次東西超好吃', 4, '2022-02-04 08:04:05'),
(894, 3, 81, 14, '每個禮拜都買好幾次東西超好吃', 4, '2022-02-04 08:04:05'),
(895, 3, 82, 14, '每個禮拜都買好幾次東西超好吃', 4, '2022-02-04 08:04:05'),
(896, 4, 78, 14, '還行吧', 1, '2022-02-05 09:05:06'),
(897, 4, 79, 14, '還行吧', 1, '2022-02-05 09:05:06'),
(898, 4, 80, 14, '還行吧', 1, '2022-02-05 09:05:06'),
(899, 4, 81, 14, '還行吧', 1, '2022-02-05 09:05:06'),
(900, 4, 82, 14, '還行吧', 1, '2022-02-05 09:05:06'),
(901, 5, 78, 14, '老闆態度是在差什麼', 3, '2022-02-06 10:06:07'),
(902, 5, 79, 14, '老闆態度是在差什麼', 3, '2022-02-06 10:06:07'),
(903, 5, 80, 14, '老闆態度是在差什麼', 3, '2022-02-06 10:06:07'),
(904, 5, 81, 14, '老闆態度是在差什麼', 3, '2022-02-06 10:06:07'),
(905, 5, 82, 14, '老闆態度是在差什麼', 3, '2022-02-06 10:06:07'),
(906, 6, 78, 14, '有股臭味', 4, '2022-02-07 11:07:08'),
(907, 6, 79, 14, '有股臭味', 4, '2022-02-07 11:07:08'),
(908, 6, 80, 14, '有股臭味', 4, '2022-02-07 11:07:08'),
(909, 6, 81, 14, '有股臭味', 4, '2022-02-07 11:07:08'),
(910, 6, 82, 14, '有股臭味', 4, '2022-02-07 11:07:08'),
(911, 7, 78, 14, '不喜歡', 2, '2022-02-08 12:08:09'),
(912, 7, 79, 14, '不喜歡', 2, '2022-02-08 12:08:09'),
(913, 7, 80, 14, '不喜歡', 2, '2022-02-08 12:08:09'),
(914, 7, 81, 14, '不喜歡', 2, '2022-02-08 12:08:09'),
(915, 7, 82, 14, '不喜歡', 2, '2022-02-08 12:08:09'),
(916, 8, 78, 14, '少給東西', 3, '2022-02-09 01:09:10'),
(917, 8, 79, 14, '少給東西', 3, '2022-02-09 01:09:10'),
(918, 8, 80, 14, '少給東西', 3, '2022-02-09 01:09:10'),
(919, 8, 81, 14, '少給東西', 3, '2022-02-09 01:09:10'),
(920, 8, 82, 14, '少給東西', 3, '2022-02-09 01:09:10'),
(921, 9, 78, 14, '老闆人超好~!', 2, '2022-02-10 02:10:11'),
(922, 9, 79, 14, '老闆人超好~!', 2, '2022-02-10 02:10:11'),
(923, 9, 80, 14, '老闆人超好~!', 2, '2022-02-10 02:10:11'),
(924, 9, 81, 14, '老闆人超好~!', 2, '2022-02-10 02:10:11'),
(925, 9, 82, 14, '老闆人超好~!', 2, '2022-02-10 02:10:11'),
(926, 10, 78, 14, '這個價格吃到這個東西真的無可挑剔', 4, '2022-02-11 03:11:12'),
(927, 10, 79, 14, '這個價格吃到這個東西真的無可挑剔', 4, '2022-02-11 03:11:12'),
(928, 10, 80, 14, '這個價格吃到這個東西真的無可挑剔', 4, '2022-02-11 03:11:12'),
(929, 10, 81, 14, '這個價格吃到這個東西真的無可挑剔', 4, '2022-02-11 03:11:12'),
(930, 10, 82, 14, '這個價格吃到這個東西真的無可挑剔', 4, '2022-02-11 03:11:12'),
(931, 1, 83, 15, '超好吃的欸', 5, '2022-02-02 06:02:03'),
(932, 1, 84, 15, '超好吃的欸', 5, '2022-02-02 06:02:03'),
(933, 1, 85, 15, '超好吃的欸', 5, '2022-02-02 06:02:03'),
(934, 1, 86, 15, '超好吃的欸', 5, '2022-02-02 06:02:03'),
(935, 1, 87, 15, '超好吃的欸', 5, '2022-02-02 06:02:03'),
(936, 2, 83, 15, '很划算', 5, '2022-02-03 07:03:04'),
(937, 2, 84, 15, '很划算', 5, '2022-02-03 07:03:04'),
(938, 2, 85, 15, '很划算', 5, '2022-02-03 07:03:04'),
(939, 2, 86, 15, '很划算', 5, '2022-02-03 07:03:04'),
(940, 2, 87, 15, '很划算', 5, '2022-02-03 07:03:04'),
(941, 3, 83, 15, '每個禮拜都買好幾次東西超好吃', 4, '2022-02-04 08:04:05'),
(942, 3, 84, 15, '每個禮拜都買好幾次東西超好吃', 4, '2022-02-04 08:04:05'),
(943, 3, 85, 15, '每個禮拜都買好幾次東西超好吃', 4, '2022-02-04 08:04:05'),
(944, 3, 86, 15, '每個禮拜都買好幾次東西超好吃', 4, '2022-02-04 08:04:05'),
(945, 3, 87, 15, '每個禮拜都買好幾次東西超好吃', 4, '2022-02-04 08:04:05'),
(946, 4, 83, 15, '還行吧', 1, '2022-02-05 09:05:06'),
(947, 4, 84, 15, '還行吧', 1, '2022-02-05 09:05:06'),
(948, 4, 85, 15, '還行吧', 1, '2022-02-05 09:05:06'),
(949, 4, 86, 15, '還行吧', 1, '2022-02-05 09:05:06'),
(950, 4, 87, 15, '還行吧', 1, '2022-02-05 09:05:06'),
(951, 5, 83, 15, '老闆態度是在差什麼', 3, '2022-02-06 10:06:07'),
(952, 5, 84, 15, '老闆態度是在差什麼', 3, '2022-02-06 10:06:07'),
(953, 5, 85, 15, '老闆態度是在差什麼', 3, '2022-02-06 10:06:07'),
(954, 5, 86, 15, '老闆態度是在差什麼', 3, '2022-02-06 10:06:07'),
(955, 5, 87, 15, '老闆態度是在差什麼', 3, '2022-02-06 10:06:07'),
(956, 6, 83, 15, '有股臭味', 4, '2022-02-07 11:07:08'),
(957, 6, 84, 15, '有股臭味', 4, '2022-02-07 11:07:08'),
(958, 6, 85, 15, '有股臭味', 4, '2022-02-07 11:07:08'),
(959, 6, 86, 15, '有股臭味', 4, '2022-02-07 11:07:08'),
(960, 6, 87, 15, '有股臭味', 4, '2022-02-07 11:07:08');
INSERT INTO `products_comment` (`id`, `user_id`, `products_id`, `store_id`, `comment`, `star`, `create_time`) VALUES
(961, 7, 83, 15, '不喜歡', 2, '2022-02-08 12:08:09'),
(962, 7, 84, 15, '不喜歡', 2, '2022-02-08 12:08:09'),
(963, 7, 85, 15, '不喜歡', 2, '2022-02-08 12:08:09'),
(964, 7, 86, 15, '不喜歡', 2, '2022-02-08 12:08:09'),
(965, 7, 87, 15, '不喜歡', 2, '2022-02-08 12:08:09'),
(966, 8, 83, 15, '少給東西', 3, '2022-02-09 01:09:10'),
(967, 8, 84, 15, '少給東西', 3, '2022-02-09 01:09:10'),
(968, 8, 85, 15, '少給東西', 3, '2022-02-09 01:09:10'),
(969, 8, 86, 15, '少給東西', 3, '2022-02-09 01:09:10'),
(970, 8, 87, 15, '少給東西', 3, '2022-02-09 01:09:10'),
(971, 9, 83, 15, '老闆人超好~!', 2, '2022-02-10 02:10:11'),
(972, 9, 84, 15, '老闆人超好~!', 2, '2022-02-10 02:10:11'),
(973, 9, 85, 15, '老闆人超好~!', 2, '2022-02-10 02:10:11'),
(974, 9, 86, 15, '老闆人超好~!', 2, '2022-02-10 02:10:11'),
(975, 9, 87, 15, '老闆人超好~!', 2, '2022-02-10 02:10:11'),
(976, 10, 83, 15, '這個價格吃到這個東西真的無可挑剔', 4, '2022-02-11 03:11:12'),
(977, 10, 84, 15, '這個價格吃到這個東西真的無可挑剔', 4, '2022-02-11 03:11:12'),
(978, 10, 85, 15, '這個價格吃到這個東西真的無可挑剔', 4, '2022-02-11 03:11:12'),
(979, 10, 86, 15, '這個價格吃到這個東西真的無可挑剔', 4, '2022-02-11 03:11:12'),
(980, 10, 87, 15, '這個價格吃到這個東西真的無可挑剔', 4, '2022-02-11 03:11:12'),
(981, 1, 88, 16, '超好吃的欸', 5, '2022-02-02 06:02:03'),
(982, 1, 89, 16, '超好吃的欸', 5, '2022-02-02 06:02:03'),
(983, 1, 90, 16, '超好吃的欸', 5, '2022-02-02 06:02:03'),
(984, 1, 91, 16, '超好吃的欸', 5, '2022-02-02 06:02:03'),
(985, 1, 92, 16, '超好吃的欸', 5, '2022-02-02 06:02:03'),
(986, 2, 88, 16, '很划算', 5, '2022-02-03 07:03:04'),
(987, 2, 89, 16, '很划算', 5, '2022-02-03 07:03:04'),
(988, 2, 90, 16, '很划算', 5, '2022-02-03 07:03:04'),
(989, 2, 91, 16, '很划算', 5, '2022-02-03 07:03:04'),
(990, 2, 92, 16, '很划算', 5, '2022-02-03 07:03:04'),
(991, 3, 88, 16, '每個禮拜都買好幾次東西超好吃', 5, '2022-02-04 08:04:05'),
(992, 3, 89, 16, '每個禮拜都買好幾次東西超好吃', 5, '2022-02-04 08:04:05'),
(993, 3, 90, 16, '每個禮拜都買好幾次東西超好吃', 5, '2022-02-04 08:04:05'),
(994, 3, 91, 16, '每個禮拜都買好幾次東西超好吃', 5, '2022-02-04 08:04:05'),
(995, 3, 92, 16, '每個禮拜都買好幾次東西超好吃', 5, '2022-02-04 08:04:05'),
(996, 4, 88, 16, '還行吧', 5, '2022-02-05 09:05:06'),
(997, 4, 89, 16, '還行吧', 5, '2022-02-05 09:05:06'),
(998, 4, 90, 16, '還行吧', 5, '2022-02-05 09:05:06'),
(999, 4, 91, 16, '還行吧', 5, '2022-02-05 09:05:06'),
(1000, 4, 92, 16, '還行吧', 5, '2022-02-05 09:05:06'),
(1001, 5, 88, 16, '老闆態度是在差什麼', 5, '2022-02-06 10:06:07'),
(1002, 5, 89, 16, '老闆態度是在差什麼', 5, '2022-02-06 10:06:07'),
(1003, 5, 90, 16, '老闆態度是在差什麼', 5, '2022-02-06 10:06:07'),
(1004, 5, 91, 16, '老闆態度是在差什麼', 5, '2022-02-06 10:06:07'),
(1005, 5, 92, 16, '老闆態度是在差什麼', 5, '2022-02-06 10:06:07'),
(1006, 6, 88, 16, '有股臭味', 5, '2022-02-07 11:07:08'),
(1007, 6, 89, 16, '有股臭味', 5, '2022-02-07 11:07:08'),
(1008, 6, 90, 16, '有股臭味', 5, '2022-02-07 11:07:08'),
(1009, 6, 91, 16, '有股臭味', 5, '2022-02-07 11:07:08'),
(1010, 6, 92, 16, '有股臭味', 5, '2022-02-07 11:07:08'),
(1011, 7, 88, 16, '不喜歡', 5, '2022-02-08 12:08:09'),
(1012, 7, 89, 16, '不喜歡', 5, '2022-02-08 12:08:09'),
(1013, 7, 90, 16, '不喜歡', 5, '2022-02-08 12:08:09'),
(1014, 7, 91, 16, '不喜歡', 5, '2022-02-08 12:08:09'),
(1015, 7, 92, 16, '不喜歡', 5, '2022-02-08 12:08:09'),
(1016, 8, 88, 16, '少給東西', 5, '2022-02-09 01:09:10'),
(1017, 8, 89, 16, '少給東西', 5, '2022-02-09 01:09:10'),
(1018, 8, 90, 16, '少給東西', 5, '2022-02-09 01:09:10'),
(1019, 8, 91, 16, '少給東西', 5, '2022-02-09 01:09:10'),
(1020, 8, 92, 16, '少給東西', 5, '2022-02-09 01:09:10'),
(1021, 9, 88, 16, '老闆人超好~!', 2, '2022-02-10 02:10:11'),
(1022, 9, 89, 16, '老闆人超好~!', 2, '2022-02-10 02:10:11'),
(1023, 9, 90, 16, '老闆人超好~!', 2, '2022-02-10 02:10:11'),
(1024, 9, 91, 16, '老闆人超好~!', 2, '2022-02-10 02:10:11'),
(1025, 9, 92, 16, '老闆人超好~!', 2, '2022-02-10 02:10:11'),
(1026, 10, 88, 16, '這個價格吃到這個東西真的無可挑剔', 4, '2022-02-11 03:11:12'),
(1027, 10, 89, 16, '這個價格吃到這個東西真的無可挑剔', 4, '2022-02-11 03:11:12'),
(1028, 10, 90, 16, '這個價格吃到這個東西真的無可挑剔', 4, '2022-02-11 03:11:12'),
(1029, 10, 91, 16, '這個價格吃到這個東西真的無可挑剔', 4, '2022-02-11 03:11:12'),
(1030, 10, 92, 16, '這個價格吃到這個東西真的無可挑剔', 4, '2022-02-11 03:11:12'),
(1031, 1, 93, 17, '超好吃的欸', 5, '2022-02-02 06:02:03'),
(1032, 1, 94, 17, '超好吃的欸', 5, '2022-02-02 06:02:03'),
(1033, 1, 95, 17, '超好吃的欸', 5, '2022-02-02 06:02:03'),
(1034, 1, 96, 17, '超好吃的欸', 5, '2022-02-02 06:02:03'),
(1035, 1, 97, 17, '超好吃的欸', 5, '2022-02-02 06:02:03'),
(1036, 2, 93, 17, '很划算', 5, '2022-02-03 07:03:04'),
(1037, 2, 94, 17, '很划算', 5, '2022-02-03 07:03:04'),
(1038, 2, 95, 17, '很划算', 5, '2022-02-03 07:03:04'),
(1039, 2, 96, 17, '很划算', 5, '2022-02-03 07:03:04'),
(1040, 2, 97, 17, '很划算', 5, '2022-02-03 07:03:04'),
(1041, 3, 93, 17, '每個禮拜都買好幾次東西超好吃', 5, '2022-02-04 08:04:05'),
(1042, 3, 94, 17, '每個禮拜都買好幾次東西超好吃', 5, '2022-02-04 08:04:05'),
(1043, 3, 95, 17, '每個禮拜都買好幾次東西超好吃', 5, '2022-02-04 08:04:05'),
(1044, 3, 96, 17, '每個禮拜都買好幾次東西超好吃', 5, '2022-02-04 08:04:05'),
(1045, 3, 97, 17, '每個禮拜都買好幾次東西超好吃', 5, '2022-02-04 08:04:05'),
(1046, 4, 93, 17, '還行吧', 5, '2022-02-05 09:05:06'),
(1047, 4, 94, 17, '還行吧', 5, '2022-02-05 09:05:06'),
(1048, 4, 95, 17, '還行吧', 5, '2022-02-05 09:05:06'),
(1049, 4, 96, 17, '還行吧', 5, '2022-02-05 09:05:06'),
(1050, 4, 97, 17, '還行吧', 5, '2022-02-05 09:05:06'),
(1051, 5, 93, 17, '老闆態度是在差什麼', 5, '2022-02-06 10:06:07'),
(1052, 5, 94, 17, '老闆態度是在差什麼', 5, '2022-02-06 10:06:07'),
(1053, 5, 95, 17, '老闆態度是在差什麼', 5, '2022-02-06 10:06:07'),
(1054, 5, 96, 17, '老闆態度是在差什麼', 5, '2022-02-06 10:06:07'),
(1055, 5, 97, 17, '老闆態度是在差什麼', 5, '2022-02-06 10:06:07'),
(1056, 6, 93, 17, '有股臭味', 5, '2022-02-07 11:07:08'),
(1057, 6, 94, 17, '有股臭味', 5, '2022-02-07 11:07:08'),
(1058, 6, 95, 17, '有股臭味', 5, '2022-02-07 11:07:08'),
(1059, 6, 96, 17, '有股臭味', 5, '2022-02-07 11:07:08'),
(1060, 6, 97, 17, '有股臭味', 5, '2022-02-07 11:07:08'),
(1061, 7, 93, 17, '不喜歡', 5, '2022-02-08 12:08:09'),
(1062, 7, 94, 17, '不喜歡', 5, '2022-02-08 12:08:09'),
(1063, 7, 95, 17, '不喜歡', 5, '2022-02-08 12:08:09'),
(1064, 7, 96, 17, '不喜歡', 5, '2022-02-08 12:08:09'),
(1065, 7, 97, 17, '不喜歡', 5, '2022-02-08 12:08:09'),
(1066, 8, 93, 17, '少給東西', 5, '2022-02-09 01:09:10'),
(1067, 8, 94, 17, '少給東西', 5, '2022-02-09 01:09:10'),
(1068, 8, 95, 17, '少給東西', 5, '2022-02-09 01:09:10'),
(1069, 8, 96, 17, '少給東西', 5, '2022-02-09 01:09:10'),
(1070, 8, 97, 17, '少給東西', 5, '2022-02-09 01:09:10'),
(1071, 9, 93, 17, '老闆人超好~!', 2, '2022-02-10 02:10:11'),
(1072, 9, 94, 17, '老闆人超好~!', 2, '2022-02-10 02:10:11'),
(1073, 9, 95, 17, '老闆人超好~!', 2, '2022-02-10 02:10:11'),
(1074, 9, 96, 17, '老闆人超好~!', 2, '2022-02-10 02:10:11'),
(1075, 9, 97, 17, '老闆人超好~!', 2, '2022-02-10 02:10:11'),
(1076, 10, 93, 17, '這個價格吃到這個東西真的無可挑剔', 4, '2022-02-11 03:11:12'),
(1077, 10, 94, 17, '這個價格吃到這個東西真的無可挑剔', 4, '2022-02-11 03:11:12'),
(1078, 10, 95, 17, '這個價格吃到這個東西真的無可挑剔', 4, '2022-02-11 03:11:12'),
(1079, 10, 96, 17, '這個價格吃到這個東西真的無可挑剔', 4, '2022-02-11 03:11:12'),
(1080, 10, 97, 17, '這個價格吃到這個東西真的無可挑剔', 4, '2022-02-11 03:11:12'),
(1081, 1, 98, 18, '超好吃的欸', 5, '2022-02-02 06:02:03'),
(1082, 1, 99, 18, '超好吃的欸', 5, '2022-02-02 06:02:03'),
(1083, 1, 100, 18, '超好吃的欸', 5, '2022-02-02 06:02:03'),
(1084, 1, 101, 18, '超好吃的欸', 5, '2022-02-02 06:02:03'),
(1085, 2, 98, 18, '很划算', 5, '2022-02-03 07:03:04'),
(1086, 2, 99, 18, '很划算', 5, '2022-02-03 07:03:04'),
(1087, 2, 100, 18, '很划算', 5, '2022-02-03 07:03:04'),
(1088, 2, 101, 18, '很划算', 5, '2022-02-03 07:03:04'),
(1089, 3, 98, 18, '每個禮拜都買好幾次東西超好吃', 5, '2022-02-04 08:04:05'),
(1090, 3, 99, 18, '每個禮拜都買好幾次東西超好吃', 5, '2022-02-04 08:04:05'),
(1091, 3, 100, 18, '每個禮拜都買好幾次東西超好吃', 5, '2022-02-04 08:04:05'),
(1092, 3, 101, 18, '每個禮拜都買好幾次東西超好吃', 5, '2022-02-04 08:04:05'),
(1093, 4, 98, 18, '還行吧', 5, '2022-02-05 09:05:06'),
(1094, 4, 99, 18, '還行吧', 5, '2022-02-05 09:05:06'),
(1095, 4, 100, 18, '還行吧', 5, '2022-02-05 09:05:06'),
(1096, 4, 101, 18, '還行吧', 5, '2022-02-05 09:05:06'),
(1097, 5, 98, 18, '老闆態度是在差什麼', 5, '2022-02-06 10:06:07'),
(1098, 5, 99, 18, '老闆態度是在差什麼', 5, '2022-02-06 10:06:07'),
(1099, 5, 100, 18, '老闆態度是在差什麼', 5, '2022-02-06 10:06:07'),
(1100, 5, 101, 18, '老闆態度是在差什麼', 5, '2022-02-06 10:06:07'),
(1101, 6, 98, 18, '有股臭味', 5, '2022-02-07 11:07:08'),
(1102, 6, 99, 18, '有股臭味', 5, '2022-02-07 11:07:08'),
(1103, 6, 100, 18, '有股臭味', 5, '2022-02-07 11:07:08'),
(1104, 6, 101, 18, '有股臭味', 5, '2022-02-07 11:07:08'),
(1105, 7, 98, 18, '不喜歡', 5, '2022-02-08 12:08:09'),
(1106, 7, 99, 18, '不喜歡', 5, '2022-02-08 12:08:09'),
(1107, 7, 100, 18, '不喜歡', 5, '2022-02-08 12:08:09'),
(1108, 7, 101, 18, '不喜歡', 5, '2022-02-08 12:08:09'),
(1109, 8, 98, 18, '少給東西', 5, '2022-02-09 01:09:10'),
(1110, 8, 99, 18, '少給東西', 5, '2022-02-09 01:09:10'),
(1111, 8, 100, 18, '少給東西', 5, '2022-02-09 01:09:10'),
(1112, 8, 101, 18, '少給東西', 5, '2022-02-09 01:09:10'),
(1113, 9, 98, 18, '老闆人超好~!', 2, '2022-02-10 02:10:11'),
(1114, 9, 99, 18, '老闆人超好~!', 2, '2022-02-10 02:10:11'),
(1115, 9, 100, 18, '老闆人超好~!', 2, '2022-02-10 02:10:11'),
(1116, 9, 101, 18, '老闆人超好~!', 2, '2022-02-10 02:10:11'),
(1117, 10, 98, 18, '這個價格吃到這個東西真的無可挑剔', 4, '2022-02-11 03:11:12'),
(1118, 10, 99, 18, '這個價格吃到這個東西真的無可挑剔', 4, '2022-02-11 03:11:12'),
(1119, 10, 100, 18, '這個價格吃到這個東西真的無可挑剔', 4, '2022-02-11 03:11:12'),
(1120, 10, 101, 18, '這個價格吃到這個東西真的無可挑剔', 4, '2022-02-11 03:11:12'),
(1121, 1, 103, 19, '超好吃的欸', 5, '2022-02-02 06:02:03'),
(1122, 1, 104, 19, '超好吃的欸', 5, '2022-02-02 06:02:03'),
(1123, 1, 105, 19, '超好吃的欸', 5, '2022-02-02 06:02:03'),
(1124, 1, 106, 19, '超好吃的欸', 5, '2022-02-02 06:02:03'),
(1125, 1, 107, 19, '超好吃的欸', 5, '2022-02-02 06:02:03'),
(1126, 2, 103, 19, '很划算', 5, '2022-02-03 07:03:04'),
(1127, 2, 104, 19, '很划算', 5, '2022-02-03 07:03:04'),
(1128, 2, 105, 19, '很划算', 5, '2022-02-03 07:03:04'),
(1129, 2, 106, 19, '很划算', 5, '2022-02-03 07:03:04'),
(1130, 2, 107, 19, '很划算', 5, '2022-02-03 07:03:04'),
(1131, 3, 103, 19, '每個禮拜都買好幾次東西超好吃', 5, '2022-02-04 08:04:05'),
(1132, 3, 104, 19, '每個禮拜都買好幾次東西超好吃', 5, '2022-02-04 08:04:05'),
(1133, 3, 105, 19, '每個禮拜都買好幾次東西超好吃', 5, '2022-02-04 08:04:05'),
(1134, 3, 106, 19, '每個禮拜都買好幾次東西超好吃', 5, '2022-02-04 08:04:05'),
(1135, 3, 107, 19, '每個禮拜都買好幾次東西超好吃', 5, '2022-02-04 08:04:05'),
(1136, 4, 103, 19, '還行吧', 5, '2022-02-05 09:05:06'),
(1137, 4, 104, 19, '還行吧', 5, '2022-02-05 09:05:06'),
(1138, 4, 105, 19, '還行吧', 5, '2022-02-05 09:05:06'),
(1139, 4, 106, 19, '還行吧', 5, '2022-02-05 09:05:06'),
(1140, 4, 107, 19, '還行吧', 5, '2022-02-05 09:05:06'),
(1141, 5, 103, 19, '老闆態度是在差什麼', 5, '2022-02-06 10:06:07'),
(1142, 5, 104, 19, '老闆態度是在差什麼', 5, '2022-02-06 10:06:07'),
(1143, 5, 105, 19, '老闆態度是在差什麼', 5, '2022-02-06 10:06:07'),
(1144, 5, 106, 19, '老闆態度是在差什麼', 5, '2022-02-06 10:06:07'),
(1145, 5, 107, 19, '老闆態度是在差什麼', 5, '2022-02-06 10:06:07'),
(1146, 6, 103, 19, '有股臭味', 5, '2022-02-07 11:07:08'),
(1147, 6, 104, 19, '有股臭味', 5, '2022-02-07 11:07:08'),
(1148, 6, 105, 19, '有股臭味', 5, '2022-02-07 11:07:08'),
(1149, 6, 106, 19, '有股臭味', 5, '2022-02-07 11:07:08'),
(1150, 6, 107, 19, '有股臭味', 5, '2022-02-07 11:07:08'),
(1151, 7, 103, 19, '不喜歡', 5, '2022-02-08 12:08:09'),
(1152, 7, 104, 19, '不喜歡', 5, '2022-02-08 12:08:09'),
(1153, 7, 105, 19, '不喜歡', 5, '2022-02-08 12:08:09'),
(1154, 7, 106, 19, '不喜歡', 5, '2022-02-08 12:08:09'),
(1155, 7, 107, 19, '不喜歡', 5, '2022-02-08 12:08:09'),
(1156, 8, 103, 19, '少給東西', 5, '2022-02-09 01:09:10'),
(1157, 8, 104, 19, '少給東西', 5, '2022-02-09 01:09:10'),
(1158, 8, 105, 19, '少給東西', 5, '2022-02-09 01:09:10'),
(1159, 8, 106, 19, '少給東西', 5, '2022-02-09 01:09:10'),
(1160, 8, 107, 19, '少給東西', 5, '2022-02-09 01:09:10'),
(1161, 9, 103, 19, '老闆人超好~!', 2, '2022-02-10 02:10:11'),
(1162, 9, 104, 19, '老闆人超好~!', 2, '2022-02-10 02:10:11'),
(1163, 9, 105, 19, '老闆人超好~!', 2, '2022-02-10 02:10:11'),
(1164, 9, 106, 19, '老闆人超好~!', 2, '2022-02-10 02:10:11'),
(1165, 9, 107, 19, '老闆人超好~!', 2, '2022-02-10 02:10:11'),
(1166, 10, 103, 19, '這個價格吃到這個東西真的無可挑剔', 4, '2022-02-11 03:11:12'),
(1167, 10, 104, 19, '這個價格吃到這個東西真的無可挑剔', 4, '2022-02-11 03:11:12'),
(1168, 10, 105, 19, '這個價格吃到這個東西真的無可挑剔', 4, '2022-02-11 03:11:12'),
(1169, 10, 106, 19, '這個價格吃到這個東西真的無可挑剔', 4, '2022-02-11 03:11:12'),
(1170, 10, 107, 19, '這個價格吃到這個東西真的無可挑剔', 4, '2022-02-11 03:11:12'),
(1171, 1, 108, 20, '超好吃的欸', 5, '2022-02-02 06:02:03'),
(1172, 1, 109, 20, '超好吃的欸', 5, '2022-02-02 06:02:03'),
(1173, 1, 110, 20, '超好吃的欸', 5, '2022-02-02 06:02:03'),
(1174, 1, 111, 20, '超好吃的欸', 5, '2022-02-02 06:02:03'),
(1175, 1, 112, 20, '超好吃的欸', 5, '2022-02-02 06:02:03'),
(1176, 2, 108, 20, '很划算', 5, '2022-02-03 07:03:04'),
(1177, 2, 109, 20, '很划算', 5, '2022-02-03 07:03:04'),
(1178, 2, 110, 20, '很划算', 5, '2022-02-03 07:03:04'),
(1179, 2, 111, 20, '很划算', 5, '2022-02-03 07:03:04'),
(1180, 2, 112, 20, '很划算', 5, '2022-02-03 07:03:04'),
(1181, 3, 108, 20, '每個禮拜都買好幾次東西超好吃', 5, '2022-02-04 08:04:05'),
(1182, 3, 109, 20, '每個禮拜都買好幾次東西超好吃', 5, '2022-02-04 08:04:05'),
(1183, 3, 110, 20, '每個禮拜都買好幾次東西超好吃', 5, '2022-02-04 08:04:05'),
(1184, 3, 111, 20, '每個禮拜都買好幾次東西超好吃', 5, '2022-02-04 08:04:05'),
(1185, 3, 112, 20, '每個禮拜都買好幾次東西超好吃', 5, '2022-02-04 08:04:05'),
(1186, 4, 108, 20, '還行吧', 5, '2022-02-05 09:05:06'),
(1187, 4, 109, 20, '還行吧', 5, '2022-02-05 09:05:06'),
(1188, 4, 110, 20, '還行吧', 5, '2022-02-05 09:05:06'),
(1189, 4, 111, 20, '還行吧', 5, '2022-02-05 09:05:06'),
(1190, 4, 112, 20, '還行吧', 5, '2022-02-05 09:05:06'),
(1191, 5, 108, 20, '老闆態度是在差什麼', 5, '2022-02-06 10:06:07'),
(1192, 5, 109, 20, '老闆態度是在差什麼', 5, '2022-02-06 10:06:07'),
(1193, 5, 110, 20, '老闆態度是在差什麼', 5, '2022-02-06 10:06:07'),
(1194, 5, 111, 20, '老闆態度是在差什麼', 5, '2022-02-06 10:06:07'),
(1195, 5, 112, 20, '老闆態度是在差什麼', 5, '2022-02-06 10:06:07'),
(1196, 6, 108, 20, '有股臭味', 5, '2022-02-07 11:07:08'),
(1197, 6, 109, 20, '有股臭味', 5, '2022-02-07 11:07:08'),
(1198, 6, 110, 20, '有股臭味', 5, '2022-02-07 11:07:08'),
(1199, 6, 111, 20, '有股臭味', 5, '2022-02-07 11:07:08'),
(1200, 6, 112, 20, '有股臭味', 5, '2022-02-07 11:07:08'),
(1201, 7, 108, 20, '不喜歡', 5, '2022-02-08 12:08:09'),
(1202, 7, 109, 20, '不喜歡', 5, '2022-02-08 12:08:09'),
(1203, 7, 110, 20, '不喜歡', 5, '2022-02-08 12:08:09'),
(1204, 7, 111, 20, '不喜歡', 5, '2022-02-08 12:08:09'),
(1205, 7, 112, 20, '不喜歡', 5, '2022-02-08 12:08:09'),
(1206, 8, 108, 20, '少給東西', 5, '2022-02-09 01:09:10'),
(1207, 8, 109, 20, '少給東西', 5, '2022-02-09 01:09:10'),
(1208, 8, 110, 20, '少給東西', 5, '2022-02-09 01:09:10'),
(1209, 8, 111, 20, '少給東西', 5, '2022-02-09 01:09:10'),
(1210, 8, 112, 20, '少給東西', 5, '2022-02-09 01:09:10'),
(1211, 9, 108, 20, '老闆人超好~!', 2, '2022-02-10 02:10:11'),
(1212, 9, 109, 20, '老闆人超好~!', 2, '2022-02-10 02:10:11'),
(1213, 9, 110, 20, '老闆人超好~!', 2, '2022-02-10 02:10:11'),
(1214, 9, 111, 20, '老闆人超好~!', 2, '2022-02-10 02:10:11'),
(1215, 9, 112, 20, '老闆人超好~!', 2, '2022-02-10 02:10:11'),
(1216, 10, 108, 20, '這個價格吃到這個東西真的無可挑剔', 4, '2022-02-11 03:11:12'),
(1217, 10, 109, 20, '這個價格吃到這個東西真的無可挑剔', 4, '2022-02-11 03:11:12'),
(1218, 10, 110, 20, '這個價格吃到這個東西真的無可挑剔', 4, '2022-02-11 03:11:12'),
(1219, 10, 111, 20, '這個價格吃到這個東西真的無可挑剔', 4, '2022-02-11 03:11:12'),
(1220, 10, 112, 20, '這個價格吃到這個東西真的無可挑剔', 4, '2022-02-11 03:11:12'),
(1221, 1, 113, 21, '超好吃的欸', 5, '2022-02-02 06:02:03'),
(1222, 1, 114, 21, '超好吃的欸', 5, '2022-02-02 06:02:03'),
(1223, 1, 115, 21, '超好吃的欸', 5, '2022-02-02 06:02:03'),
(1224, 1, 116, 21, '超好吃的欸', 5, '2022-02-02 06:02:03'),
(1225, 1, 117, 21, '超好吃的欸', 5, '2022-02-02 06:02:03'),
(1226, 2, 113, 21, '很划算', 5, '2022-02-03 07:03:04'),
(1227, 2, 114, 21, '很划算', 5, '2022-02-03 07:03:04'),
(1228, 2, 115, 21, '很划算', 5, '2022-02-03 07:03:04'),
(1229, 2, 116, 21, '很划算', 5, '2022-02-03 07:03:04'),
(1230, 2, 117, 21, '很划算', 5, '2022-02-03 07:03:04'),
(1231, 3, 113, 21, '每個禮拜都買好幾次東西超好吃', 5, '2022-02-04 08:04:05'),
(1232, 3, 114, 21, '每個禮拜都買好幾次東西超好吃', 5, '2022-02-04 08:04:05'),
(1233, 3, 115, 21, '每個禮拜都買好幾次東西超好吃', 5, '2022-02-04 08:04:05'),
(1234, 3, 116, 21, '每個禮拜都買好幾次東西超好吃', 5, '2022-02-04 08:04:05'),
(1235, 3, 117, 21, '每個禮拜都買好幾次東西超好吃', 5, '2022-02-04 08:04:05'),
(1236, 4, 113, 21, '還行吧', 5, '2022-02-05 09:05:06'),
(1237, 4, 114, 21, '還行吧', 5, '2022-02-05 09:05:06'),
(1238, 4, 115, 21, '還行吧', 5, '2022-02-05 09:05:06'),
(1239, 4, 116, 21, '還行吧', 5, '2022-02-05 09:05:06'),
(1240, 4, 117, 21, '還行吧', 5, '2022-02-05 09:05:06'),
(1241, 5, 113, 21, '老闆態度是在差什麼', 5, '2022-02-06 10:06:07'),
(1242, 5, 114, 21, '老闆態度是在差什麼', 5, '2022-02-06 10:06:07'),
(1243, 5, 115, 21, '老闆態度是在差什麼', 5, '2022-02-06 10:06:07'),
(1244, 5, 116, 21, '老闆態度是在差什麼', 5, '2022-02-06 10:06:07'),
(1245, 5, 117, 21, '老闆態度是在差什麼', 5, '2022-02-06 10:06:07'),
(1246, 6, 113, 21, '有股臭味', 5, '2022-02-07 11:07:08'),
(1247, 6, 114, 21, '有股臭味', 5, '2022-02-07 11:07:08'),
(1248, 6, 115, 21, '有股臭味', 5, '2022-02-07 11:07:08'),
(1249, 6, 116, 21, '有股臭味', 5, '2022-02-07 11:07:08'),
(1250, 6, 117, 21, '有股臭味', 5, '2022-02-07 11:07:08'),
(1251, 7, 113, 21, '不喜歡', 5, '2022-02-08 12:08:09'),
(1252, 7, 114, 21, '不喜歡', 5, '2022-02-08 12:08:09'),
(1253, 7, 115, 21, '不喜歡', 5, '2022-02-08 12:08:09'),
(1254, 7, 116, 21, '不喜歡', 5, '2022-02-08 12:08:09'),
(1255, 7, 117, 21, '不喜歡', 5, '2022-02-08 12:08:09'),
(1256, 8, 113, 21, '少給東西', 5, '2022-02-09 01:09:10'),
(1257, 8, 114, 21, '少給東西', 5, '2022-02-09 01:09:10'),
(1258, 8, 115, 21, '少給東西', 5, '2022-02-09 01:09:10'),
(1259, 8, 116, 21, '少給東西', 5, '2022-02-09 01:09:10'),
(1260, 8, 117, 21, '少給東西', 5, '2022-02-09 01:09:10'),
(1261, 9, 113, 21, '老闆人超好~!', 2, '2022-02-10 02:10:11'),
(1262, 9, 114, 21, '老闆人超好~!', 2, '2022-02-10 02:10:11'),
(1263, 9, 115, 21, '老闆人超好~!', 2, '2022-02-10 02:10:11'),
(1264, 9, 116, 21, '老闆人超好~!', 2, '2022-02-10 02:10:11'),
(1265, 9, 117, 21, '老闆人超好~!', 2, '2022-02-10 02:10:11'),
(1266, 10, 113, 21, '這個價格吃到這個東西真的無可挑剔', 4, '2022-02-11 03:11:12'),
(1267, 10, 114, 21, '這個價格吃到這個東西真的無可挑剔', 4, '2022-02-11 03:11:12'),
(1268, 10, 115, 21, '這個價格吃到這個東西真的無可挑剔', 4, '2022-02-11 03:11:12'),
(1269, 10, 116, 21, '這個價格吃到這個東西真的無可挑剔', 4, '2022-02-11 03:11:12'),
(1270, 10, 117, 21, '這個價格吃到這個東西真的無可挑剔', 4, '2022-02-11 03:11:12'),
(1271, 1, 118, 22, '超好吃的欸', 5, '2022-02-02 06:02:03'),
(1272, 1, 119, 22, '超好吃的欸', 5, '2022-02-02 06:02:03'),
(1273, 1, 120, 22, '超好吃的欸', 5, '2022-02-02 06:02:03'),
(1274, 1, 121, 22, '超好吃的欸', 5, '2022-02-02 06:02:03'),
(1275, 1, 122, 22, '超好吃的欸', 5, '2022-02-02 06:02:03'),
(1276, 2, 118, 22, '很划算', 5, '2022-02-03 07:03:04'),
(1277, 2, 119, 22, '很划算', 5, '2022-02-03 07:03:04'),
(1278, 2, 120, 22, '很划算', 5, '2022-02-03 07:03:04'),
(1279, 2, 121, 22, '很划算', 5, '2022-02-03 07:03:04'),
(1280, 2, 122, 22, '很划算', 5, '2022-02-03 07:03:04'),
(1281, 3, 118, 22, '每個禮拜都買好幾次東西超好吃', 5, '2022-02-04 08:04:05'),
(1282, 3, 119, 22, '每個禮拜都買好幾次東西超好吃', 5, '2022-02-04 08:04:05'),
(1283, 3, 120, 22, '每個禮拜都買好幾次東西超好吃', 5, '2022-02-04 08:04:05'),
(1284, 3, 121, 22, '每個禮拜都買好幾次東西超好吃', 5, '2022-02-04 08:04:05'),
(1285, 3, 122, 22, '每個禮拜都買好幾次東西超好吃', 5, '2022-02-04 08:04:05'),
(1286, 4, 118, 22, '還行吧', 5, '2022-02-05 09:05:06'),
(1287, 4, 119, 22, '還行吧', 5, '2022-02-05 09:05:06'),
(1288, 4, 120, 22, '還行吧', 5, '2022-02-05 09:05:06'),
(1289, 4, 121, 22, '還行吧', 5, '2022-02-05 09:05:06'),
(1290, 4, 122, 22, '還行吧', 5, '2022-02-05 09:05:06'),
(1291, 5, 118, 22, '老闆態度是在差什麼', 5, '2022-02-06 10:06:07'),
(1292, 5, 119, 22, '老闆態度是在差什麼', 5, '2022-02-06 10:06:07'),
(1293, 5, 120, 22, '老闆態度是在差什麼', 5, '2022-02-06 10:06:07'),
(1294, 5, 121, 22, '老闆態度是在差什麼', 5, '2022-02-06 10:06:07'),
(1295, 5, 122, 22, '老闆態度是在差什麼', 5, '2022-02-06 10:06:07'),
(1296, 6, 118, 22, '有股臭味', 5, '2022-02-07 11:07:08'),
(1297, 6, 119, 22, '有股臭味', 5, '2022-02-07 11:07:08'),
(1298, 6, 120, 22, '有股臭味', 5, '2022-02-07 11:07:08'),
(1299, 6, 121, 22, '有股臭味', 5, '2022-02-07 11:07:08'),
(1300, 6, 122, 22, '有股臭味', 5, '2022-02-07 11:07:08'),
(1301, 7, 118, 22, '不喜歡', 5, '2022-02-08 12:08:09'),
(1302, 7, 119, 22, '不喜歡', 5, '2022-02-08 12:08:09'),
(1303, 7, 120, 22, '不喜歡', 5, '2022-02-08 12:08:09'),
(1304, 7, 121, 22, '不喜歡', 5, '2022-02-08 12:08:09'),
(1305, 7, 122, 22, '不喜歡', 5, '2022-02-08 12:08:09'),
(1306, 8, 118, 22, '少給東西', 5, '2022-02-09 01:09:10'),
(1307, 8, 119, 22, '少給東西', 5, '2022-02-09 01:09:10'),
(1308, 8, 120, 22, '少給東西', 5, '2022-02-09 01:09:10'),
(1309, 8, 121, 22, '少給東西', 5, '2022-02-09 01:09:10'),
(1310, 8, 122, 22, '少給東西', 5, '2022-02-09 01:09:10'),
(1311, 1, 123, 23, '超好吃的欸', 5, '2022-02-02 06:02:03'),
(1312, 1, 124, 23, '超好吃的欸', 5, '2022-02-02 06:02:03'),
(1313, 1, 125, 23, '超好吃的欸', 5, '2022-02-02 06:02:03'),
(1314, 1, 126, 23, '超好吃的欸', 5, '2022-02-02 06:02:03'),
(1315, 1, 127, 23, '超好吃的欸', 5, '2022-02-02 06:02:03'),
(1316, 2, 123, 23, '很划算', 5, '2022-02-03 07:03:04'),
(1317, 2, 124, 23, '很划算', 5, '2022-02-03 07:03:04'),
(1318, 2, 125, 23, '很划算', 5, '2022-02-03 07:03:04'),
(1319, 2, 126, 23, '很划算', 5, '2022-02-03 07:03:04'),
(1320, 2, 127, 23, '很划算', 5, '2022-02-03 07:03:04'),
(1321, 3, 123, 23, '每個禮拜都買好幾次東西超好吃', 5, '2022-02-04 08:04:05'),
(1322, 3, 124, 23, '每個禮拜都買好幾次東西超好吃', 5, '2022-02-04 08:04:05'),
(1323, 3, 125, 23, '每個禮拜都買好幾次東西超好吃', 5, '2022-02-04 08:04:05'),
(1324, 3, 126, 23, '每個禮拜都買好幾次東西超好吃', 5, '2022-02-04 08:04:05'),
(1325, 3, 127, 23, '每個禮拜都買好幾次東西超好吃', 5, '2022-02-04 08:04:05'),
(1326, 4, 123, 23, '還行吧', 5, '2022-02-05 09:05:06'),
(1327, 4, 124, 23, '還行吧', 5, '2022-02-05 09:05:06'),
(1328, 4, 125, 23, '還行吧', 5, '2022-02-05 09:05:06'),
(1329, 4, 126, 23, '還行吧', 5, '2022-02-05 09:05:06'),
(1330, 4, 127, 23, '還行吧', 5, '2022-02-05 09:05:06'),
(1331, 5, 123, 23, '老闆態度是在差什麼', 5, '2022-02-06 10:06:07'),
(1332, 5, 124, 23, '老闆態度是在差什麼', 5, '2022-02-06 10:06:07'),
(1333, 5, 125, 23, '老闆態度是在差什麼', 5, '2022-02-06 10:06:07'),
(1334, 5, 126, 23, '老闆態度是在差什麼', 5, '2022-02-06 10:06:07'),
(1335, 5, 127, 23, '老闆態度是在差什麼', 5, '2022-02-06 10:06:07'),
(1336, 6, 123, 23, '有股臭味', 5, '2022-02-07 11:07:08'),
(1337, 6, 124, 23, '有股臭味', 5, '2022-02-07 11:07:08'),
(1338, 6, 125, 23, '有股臭味', 5, '2022-02-07 11:07:08'),
(1339, 6, 126, 23, '有股臭味', 5, '2022-02-07 11:07:08'),
(1340, 6, 127, 23, '有股臭味', 5, '2022-02-07 11:07:08'),
(1341, 7, 123, 23, '不喜歡', 5, '2022-02-08 12:08:09'),
(1342, 7, 124, 23, '不喜歡', 5, '2022-02-08 12:08:09'),
(1343, 7, 125, 23, '不喜歡', 5, '2022-02-08 12:08:09'),
(1344, 7, 126, 23, '不喜歡', 5, '2022-02-08 12:08:09'),
(1345, 7, 127, 23, '不喜歡', 5, '2022-02-08 12:08:09'),
(1346, 1, 128, 24, '超好吃的欸', 5, '2022-02-02 06:02:03'),
(1347, 1, 129, 24, '超好吃的欸', 5, '2022-02-02 06:02:03'),
(1348, 1, 130, 24, '超好吃的欸', 5, '2022-02-02 06:02:03'),
(1349, 1, 131, 24, '超好吃的欸', 5, '2022-02-02 06:02:03'),
(1350, 1, 132, 24, '超好吃的欸', 5, '2022-02-02 06:02:03'),
(1351, 2, 128, 24, '很划算', 5, '2022-02-03 07:03:04'),
(1352, 2, 129, 24, '很划算', 5, '2022-02-03 07:03:04'),
(1353, 2, 130, 24, '很划算', 5, '2022-02-03 07:03:04'),
(1354, 2, 131, 24, '很划算', 5, '2022-02-03 07:03:04'),
(1355, 2, 132, 24, '很划算', 5, '2022-02-03 07:03:04'),
(1356, 3, 128, 24, '每個禮拜都買好幾次東西超好吃', 5, '2022-02-04 08:04:05'),
(1357, 3, 129, 24, '每個禮拜都買好幾次東西超好吃', 5, '2022-02-04 08:04:05'),
(1358, 3, 130, 24, '每個禮拜都買好幾次東西超好吃', 5, '2022-02-04 08:04:05'),
(1359, 3, 131, 24, '每個禮拜都買好幾次東西超好吃', 5, '2022-02-04 08:04:05'),
(1360, 3, 132, 24, '每個禮拜都買好幾次東西超好吃', 5, '2022-02-04 08:04:05'),
(1361, 4, 128, 24, '還行吧', 5, '2022-02-05 09:05:06'),
(1362, 4, 129, 24, '還行吧', 5, '2022-02-05 09:05:06'),
(1363, 4, 130, 24, '還行吧', 5, '2022-02-05 09:05:06'),
(1364, 4, 131, 24, '還行吧', 5, '2022-02-05 09:05:06'),
(1365, 4, 132, 24, '還行吧', 5, '2022-02-05 09:05:06'),
(1366, 5, 128, 24, '老闆態度是在差什麼', 5, '2022-02-06 10:06:07'),
(1367, 5, 129, 24, '老闆態度是在差什麼', 5, '2022-02-06 10:06:07'),
(1368, 5, 130, 24, '老闆態度是在差什麼', 5, '2022-02-06 10:06:07'),
(1369, 5, 131, 24, '老闆態度是在差什麼', 5, '2022-02-06 10:06:07'),
(1370, 5, 132, 24, '老闆態度是在差什麼', 5, '2022-02-06 10:06:07'),
(1371, 6, 128, 24, '有股臭味', 5, '2022-02-07 11:07:08'),
(1372, 6, 129, 24, '有股臭味', 5, '2022-02-07 11:07:08'),
(1373, 6, 130, 24, '有股臭味', 5, '2022-02-07 11:07:08'),
(1374, 6, 131, 24, '有股臭味', 5, '2022-02-07 11:07:08'),
(1375, 6, 132, 24, '有股臭味', 5, '2022-02-07 11:07:08'),
(1376, 1, 133, 25, '超好吃的欸', 5, '2022-02-02 06:02:03'),
(1377, 1, 134, 25, '超好吃的欸', 5, '2022-02-02 06:02:03'),
(1378, 1, 135, 25, '超好吃的欸', 5, '2022-02-02 06:02:03'),
(1379, 1, 136, 25, '超好吃的欸', 5, '2022-02-02 06:02:03'),
(1380, 1, 137, 25, '超好吃的欸', 5, '2022-02-02 06:02:03'),
(1381, 1, 138, 25, '超好吃的欸', 5, '2022-02-02 06:02:03'),
(1382, 2, 133, 25, '很划算', 5, '2022-02-03 07:03:04'),
(1383, 2, 134, 25, '很划算', 5, '2022-02-03 07:03:04'),
(1384, 2, 135, 25, '很划算', 5, '2022-02-03 07:03:04'),
(1385, 2, 136, 25, '很划算', 5, '2022-02-03 07:03:04'),
(1386, 2, 137, 25, '很划算', 5, '2022-02-03 07:03:04'),
(1387, 2, 138, 25, '很划算', 5, '2022-02-03 07:03:04'),
(1388, 3, 133, 25, '每個禮拜都買好幾次東西超好吃', 5, '2022-02-04 08:04:05'),
(1389, 3, 134, 25, '每個禮拜都買好幾次東西超好吃', 5, '2022-02-04 08:04:05'),
(1390, 3, 135, 25, '每個禮拜都買好幾次東西超好吃', 5, '2022-02-04 08:04:05'),
(1391, 3, 136, 25, '每個禮拜都買好幾次東西超好吃', 5, '2022-02-04 08:04:05'),
(1392, 3, 137, 25, '每個禮拜都買好幾次東西超好吃', 5, '2022-02-04 08:04:05'),
(1393, 3, 138, 25, '每個禮拜都買好幾次東西超好吃', 5, '2022-02-04 08:04:05'),
(1394, 4, 133, 25, '還行吧', 5, '2022-02-05 09:05:06'),
(1395, 4, 134, 25, '還行吧', 5, '2022-02-05 09:05:06'),
(1396, 4, 135, 25, '還行吧', 5, '2022-02-05 09:05:06'),
(1397, 4, 136, 25, '還行吧', 5, '2022-02-05 09:05:06'),
(1398, 4, 137, 25, '還行吧', 5, '2022-02-05 09:05:06'),
(1399, 4, 138, 25, '還行吧', 5, '2022-02-05 09:05:06'),
(1400, 5, 133, 25, '老闆態度是在差什麼', 5, '2022-02-06 10:06:07'),
(1401, 5, 134, 25, '老闆態度是在差什麼', 5, '2022-02-06 10:06:07'),
(1402, 5, 135, 25, '老闆態度是在差什麼', 5, '2022-02-06 10:06:07'),
(1403, 5, 136, 25, '老闆態度是在差什麼', 5, '2022-02-06 10:06:07'),
(1404, 5, 137, 25, '老闆態度是在差什麼', 5, '2022-02-06 10:06:07'),
(1405, 5, 138, 25, '老闆態度是在差什麼', 5, '2022-02-06 10:06:07'),
(1406, 6, 133, 25, '有股臭味', 5, '2022-02-07 11:07:08'),
(1407, 6, 134, 25, '有股臭味', 5, '2022-02-07 11:07:08'),
(1408, 6, 135, 25, '有股臭味', 5, '2022-02-07 11:07:08'),
(1409, 6, 136, 25, '有股臭味', 5, '2022-02-07 11:07:08'),
(1410, 6, 137, 25, '有股臭味', 5, '2022-02-07 11:07:08'),
(1411, 6, 138, 25, '有股臭味', 5, '2022-02-07 11:07:08'),
(1412, 1, 139, 26, '超好吃的欸', 5, '2022-02-02 06:02:03'),
(1413, 1, 140, 26, '超好吃的欸', 5, '2022-02-02 06:02:03'),
(1414, 1, 141, 26, '超好吃的欸', 5, '2022-02-02 06:02:03'),
(1415, 1, 142, 26, '超好吃的欸', 5, '2022-02-02 06:02:03'),
(1416, 1, 143, 26, '超好吃的欸', 5, '2022-02-02 06:02:03'),
(1417, 1, 144, 26, '超好吃的欸', 5, '2022-02-02 06:02:03'),
(1418, 2, 139, 26, '很划算', 5, '2022-02-03 07:03:04'),
(1419, 2, 140, 26, '很划算', 5, '2022-02-03 07:03:04'),
(1420, 2, 141, 26, '很划算', 5, '2022-02-03 07:03:04'),
(1421, 2, 142, 26, '很划算', 5, '2022-02-03 07:03:04'),
(1422, 2, 143, 26, '很划算', 5, '2022-02-03 07:03:04'),
(1423, 2, 144, 26, '很划算', 5, '2022-02-03 07:03:04'),
(1424, 3, 139, 26, '每個禮拜都買好幾次東西超好吃', 5, '2022-02-04 08:04:05'),
(1425, 3, 140, 26, '每個禮拜都買好幾次東西超好吃', 5, '2022-02-04 08:04:05'),
(1426, 3, 141, 26, '每個禮拜都買好幾次東西超好吃', 5, '2022-02-04 08:04:05'),
(1427, 3, 142, 26, '每個禮拜都買好幾次東西超好吃', 5, '2022-02-04 08:04:05'),
(1428, 3, 143, 26, '每個禮拜都買好幾次東西超好吃', 5, '2022-02-04 08:04:05'),
(1429, 3, 144, 26, '每個禮拜都買好幾次東西超好吃', 5, '2022-02-04 08:04:05'),
(1430, 4, 139, 26, '還行吧', 5, '2022-02-05 09:05:06'),
(1431, 4, 140, 26, '還行吧', 5, '2022-02-05 09:05:06'),
(1432, 4, 141, 26, '還行吧', 5, '2022-02-05 09:05:06'),
(1433, 4, 142, 26, '還行吧', 5, '2022-02-05 09:05:06'),
(1434, 4, 143, 26, '還行吧', 5, '2022-02-05 09:05:06'),
(1435, 4, 144, 26, '還行吧', 5, '2022-02-05 09:05:06'),
(1436, 5, 139, 26, '老闆態度是在差什麼', 5, '2022-02-06 10:06:07'),
(1437, 5, 140, 26, '老闆態度是在差什麼', 5, '2022-02-06 10:06:07'),
(1438, 5, 141, 26, '老闆態度是在差什麼', 5, '2022-02-06 10:06:07'),
(1439, 5, 142, 26, '老闆態度是在差什麼', 5, '2022-02-06 10:06:07'),
(1440, 5, 143, 26, '老闆態度是在差什麼', 5, '2022-02-06 10:06:07'),
(1441, 5, 144, 26, '老闆態度是在差什麼', 5, '2022-02-06 10:06:07'),
(1442, 1, 145, 27, '超好吃的欸', 5, '2022-02-02 06:02:03'),
(1443, 1, 146, 27, '超好吃的欸', 5, '2022-02-02 06:02:03'),
(1444, 1, 147, 27, '超好吃的欸', 5, '2022-02-02 06:02:03'),
(1445, 1, 148, 27, '超好吃的欸', 5, '2022-02-02 06:02:03'),
(1446, 1, 149, 27, '超好吃的欸', 5, '2022-02-02 06:02:03'),
(1447, 1, 150, 27, '超好吃的欸', 5, '2022-02-02 06:02:03'),
(1448, 2, 145, 27, '很划算', 5, '2022-02-03 07:03:04'),
(1449, 2, 146, 27, '很划算', 5, '2022-02-03 07:03:04'),
(1450, 2, 147, 27, '很划算', 5, '2022-02-03 07:03:04'),
(1451, 2, 148, 27, '很划算', 5, '2022-02-03 07:03:04'),
(1452, 2, 149, 27, '很划算', 5, '2022-02-03 07:03:04'),
(1453, 2, 150, 27, '很划算', 5, '2022-02-03 07:03:04'),
(1454, 3, 145, 27, '每個禮拜都買好幾次東西超好吃', 5, '2022-02-04 08:04:05'),
(1455, 3, 146, 27, '每個禮拜都買好幾次東西超好吃', 5, '2022-02-04 08:04:05'),
(1456, 3, 147, 27, '每個禮拜都買好幾次東西超好吃', 5, '2022-02-04 08:04:05'),
(1457, 3, 148, 27, '每個禮拜都買好幾次東西超好吃', 5, '2022-02-04 08:04:05'),
(1458, 3, 149, 27, '每個禮拜都買好幾次東西超好吃', 5, '2022-02-04 08:04:05'),
(1459, 3, 150, 27, '每個禮拜都買好幾次東西超好吃', 5, '2022-02-04 08:04:05'),
(1460, 4, 145, 27, '還行吧', 5, '2022-02-05 09:05:06'),
(1461, 4, 146, 27, '還行吧', 5, '2022-02-05 09:05:06'),
(1462, 4, 147, 27, '還行吧', 5, '2022-02-05 09:05:06'),
(1463, 4, 148, 27, '還行吧', 5, '2022-02-05 09:05:06'),
(1464, 4, 149, 27, '還行吧', 5, '2022-02-05 09:05:06'),
(1465, 4, 150, 27, '還行吧', 5, '2022-02-05 09:05:06'),
(1466, 5, 145, 27, '老闆態度是在差什麼', 5, '2022-02-06 10:06:07'),
(1467, 5, 146, 27, '老闆態度是在差什麼', 5, '2022-02-06 10:06:07'),
(1468, 5, 147, 27, '老闆態度是在差什麼', 5, '2022-02-06 10:06:07'),
(1469, 5, 148, 27, '老闆態度是在差什麼', 5, '2022-02-06 10:06:07'),
(1470, 5, 149, 27, '老闆態度是在差什麼', 5, '2022-02-06 10:06:07'),
(1471, 5, 150, 27, '老闆態度是在差什麼', 5, '2022-02-06 10:06:07'),
(1472, 6, 145, 27, '有股臭味', 5, '2022-02-07 11:07:08'),
(1473, 6, 146, 27, '有股臭味', 5, '2022-02-07 11:07:08'),
(1474, 6, 147, 27, '有股臭味', 5, '2022-02-07 11:07:08'),
(1475, 6, 148, 27, '有股臭味', 5, '2022-02-07 11:07:08'),
(1476, 6, 149, 27, '有股臭味', 5, '2022-02-07 11:07:08'),
(1477, 6, 150, 27, '有股臭味', 5, '2022-02-07 11:07:08'),
(1478, 7, 145, 27, '不喜歡', 5, '2022-02-08 12:08:09'),
(1479, 7, 146, 27, '不喜歡', 5, '2022-02-08 12:08:09'),
(1480, 7, 147, 27, '不喜歡', 5, '2022-02-08 12:08:09'),
(1481, 7, 148, 27, '不喜歡', 5, '2022-02-08 12:08:09'),
(1482, 7, 149, 27, '不喜歡', 5, '2022-02-08 12:08:09'),
(1483, 7, 150, 27, '不喜歡', 5, '2022-02-08 12:08:09'),
(1484, 8, 145, 27, '少給東西', 5, '2022-02-09 01:09:10'),
(1485, 8, 146, 27, '少給東西', 5, '2022-02-09 01:09:10'),
(1486, 8, 147, 27, '少給東西', 5, '2022-02-09 01:09:10'),
(1487, 8, 148, 27, '少給東西', 5, '2022-02-09 01:09:10'),
(1488, 8, 149, 27, '少給東西', 5, '2022-02-09 01:09:10'),
(1489, 8, 150, 27, '少給東西', 5, '2022-02-09 01:09:10'),
(1490, 9, 145, 27, '老闆人超好~!', 2, '2022-02-10 02:10:11'),
(1491, 9, 146, 27, '老闆人超好~!', 2, '2022-02-10 02:10:11'),
(1492, 9, 147, 27, '老闆人超好~!', 2, '2022-02-10 02:10:11'),
(1493, 9, 148, 27, '老闆人超好~!', 2, '2022-02-10 02:10:11'),
(1494, 9, 149, 27, '老闆人超好~!', 2, '2022-02-10 02:10:11'),
(1495, 9, 150, 27, '老闆人超好~!', 2, '2022-02-10 02:10:11'),
(1496, 1, 151, 28, '超好吃的欸', 5, '2022-02-02 06:02:03'),
(1497, 1, 152, 28, '超好吃的欸', 5, '2022-02-02 06:02:03'),
(1498, 1, 153, 28, '超好吃的欸', 5, '2022-02-02 06:02:03'),
(1499, 1, 154, 28, '超好吃的欸', 5, '2022-02-02 06:02:03'),
(1500, 1, 155, 28, '超好吃的欸', 5, '2022-02-02 06:02:03'),
(1501, 1, 156, 28, '超好吃的欸', 5, '2022-02-02 06:02:03'),
(1502, 2, 151, 28, '很划算', 5, '2022-02-03 07:03:04'),
(1503, 2, 152, 28, '很划算', 5, '2022-02-03 07:03:04'),
(1504, 2, 153, 28, '很划算', 5, '2022-02-03 07:03:04'),
(1505, 2, 154, 28, '很划算', 5, '2022-02-03 07:03:04'),
(1506, 2, 155, 28, '很划算', 5, '2022-02-03 07:03:04'),
(1507, 2, 156, 28, '很划算', 5, '2022-02-03 07:03:04'),
(1508, 3, 151, 28, '每個禮拜都買好幾次東西超好吃', 5, '2022-02-04 08:04:05'),
(1509, 3, 152, 28, '每個禮拜都買好幾次東西超好吃', 5, '2022-02-04 08:04:05'),
(1510, 3, 153, 28, '每個禮拜都買好幾次東西超好吃', 5, '2022-02-04 08:04:05'),
(1511, 3, 154, 28, '每個禮拜都買好幾次東西超好吃', 5, '2022-02-04 08:04:05'),
(1512, 3, 155, 28, '每個禮拜都買好幾次東西超好吃', 5, '2022-02-04 08:04:05'),
(1513, 3, 156, 28, '每個禮拜都買好幾次東西超好吃', 5, '2022-02-04 08:04:05'),
(1514, 4, 151, 28, '還行吧', 5, '2022-02-05 09:05:06'),
(1515, 4, 152, 28, '還行吧', 5, '2022-02-05 09:05:06'),
(1516, 4, 153, 28, '還行吧', 5, '2022-02-05 09:05:06'),
(1517, 4, 154, 28, '還行吧', 5, '2022-02-05 09:05:06'),
(1518, 4, 155, 28, '還行吧', 5, '2022-02-05 09:05:06'),
(1519, 4, 156, 28, '還行吧', 5, '2022-02-05 09:05:06'),
(1520, 5, 151, 28, '老闆態度是在差什麼', 5, '2022-02-06 10:06:07'),
(1521, 5, 152, 28, '老闆態度是在差什麼', 5, '2022-02-06 10:06:07'),
(1522, 5, 153, 28, '老闆態度是在差什麼', 5, '2022-02-06 10:06:07'),
(1523, 5, 154, 28, '老闆態度是在差什麼', 5, '2022-02-06 10:06:07'),
(1524, 5, 155, 28, '老闆態度是在差什麼', 5, '2022-02-06 10:06:07'),
(1525, 5, 156, 28, '老闆態度是在差什麼', 5, '2022-02-06 10:06:07'),
(1526, 1, 157, 29, '超好吃的欸', 5, '2022-02-02 06:02:03'),
(1527, 1, 158, 29, '超好吃的欸', 5, '2022-02-02 06:02:03'),
(1528, 1, 159, 29, '超好吃的欸', 5, '2022-02-02 06:02:03'),
(1529, 1, 160, 29, '超好吃的欸', 5, '2022-02-02 06:02:03'),
(1530, 1, 161, 29, '超好吃的欸', 5, '2022-02-02 06:02:03'),
(1531, 1, 162, 29, '超好吃的欸', 5, '2022-02-02 06:02:03'),
(1532, 2, 157, 29, '很划算', 5, '2022-02-03 07:03:04'),
(1533, 2, 158, 29, '很划算', 5, '2022-02-03 07:03:04'),
(1534, 2, 159, 29, '很划算', 5, '2022-02-03 07:03:04'),
(1535, 2, 160, 29, '很划算', 5, '2022-02-03 07:03:04'),
(1536, 2, 161, 29, '很划算', 5, '2022-02-03 07:03:04'),
(1537, 2, 162, 29, '很划算', 5, '2022-02-03 07:03:04'),
(1538, 3, 157, 29, '每個禮拜都買好幾次東西超好吃', 5, '2022-02-04 08:04:05'),
(1539, 3, 158, 29, '每個禮拜都買好幾次東西超好吃', 5, '2022-02-04 08:04:05'),
(1540, 3, 159, 29, '每個禮拜都買好幾次東西超好吃', 5, '2022-02-04 08:04:05'),
(1541, 3, 160, 29, '每個禮拜都買好幾次東西超好吃', 5, '2022-02-04 08:04:05'),
(1542, 3, 161, 29, '每個禮拜都買好幾次東西超好吃', 5, '2022-02-04 08:04:05'),
(1543, 3, 162, 29, '每個禮拜都買好幾次東西超好吃', 5, '2022-02-04 08:04:05'),
(1544, 4, 157, 29, '還行吧', 5, '2022-02-05 09:05:06'),
(1545, 4, 158, 29, '還行吧', 5, '2022-02-05 09:05:06'),
(1546, 4, 159, 29, '還行吧', 5, '2022-02-05 09:05:06'),
(1547, 4, 160, 29, '還行吧', 5, '2022-02-05 09:05:06'),
(1548, 4, 161, 29, '還行吧', 5, '2022-02-05 09:05:06'),
(1549, 4, 162, 29, '還行吧', 5, '2022-02-05 09:05:06'),
(1550, 5, 157, 29, '老闆態度是在差什麼', 5, '2022-02-06 10:06:07'),
(1551, 5, 158, 29, '老闆態度是在差什麼', 5, '2022-02-06 10:06:07'),
(1552, 5, 159, 29, '老闆態度是在差什麼', 5, '2022-02-06 10:06:07'),
(1553, 5, 160, 29, '老闆態度是在差什麼', 5, '2022-02-06 10:06:07'),
(1554, 5, 161, 29, '老闆態度是在差什麼', 5, '2022-02-06 10:06:07'),
(1555, 5, 162, 29, '老闆態度是在差什麼', 5, '2022-02-06 10:06:07'),
(1556, 1, 163, 30, '超好吃的欸', 5, '2022-02-02 06:02:03'),
(1557, 1, 164, 30, '超好吃的欸', 5, '2022-02-02 06:02:03'),
(1558, 1, 165, 30, '超好吃的欸', 5, '2022-02-02 06:02:03'),
(1559, 1, 166, 30, '超好吃的欸', 5, '2022-02-02 06:02:03'),
(1560, 1, 167, 30, '超好吃的欸', 5, '2022-02-02 06:02:03'),
(1561, 1, 168, 30, '超好吃的欸', 5, '2022-02-02 06:02:03'),
(1562, 2, 163, 30, '很划算', 5, '2022-02-03 07:03:04'),
(1563, 2, 164, 30, '很划算', 5, '2022-02-03 07:03:04'),
(1564, 2, 165, 30, '很划算', 5, '2022-02-03 07:03:04'),
(1565, 2, 166, 30, '很划算', 5, '2022-02-03 07:03:04'),
(1566, 2, 167, 30, '很划算', 5, '2022-02-03 07:03:04'),
(1567, 2, 168, 30, '很划算', 5, '2022-02-03 07:03:04'),
(1568, 3, 163, 30, '每個禮拜都買好幾次東西超好吃', 5, '2022-02-04 08:04:05'),
(1569, 3, 164, 30, '每個禮拜都買好幾次東西超好吃', 5, '2022-02-04 08:04:05'),
(1570, 3, 165, 30, '每個禮拜都買好幾次東西超好吃', 5, '2022-02-04 08:04:05'),
(1571, 3, 166, 30, '每個禮拜都買好幾次東西超好吃', 5, '2022-02-04 08:04:05'),
(1572, 3, 167, 30, '每個禮拜都買好幾次東西超好吃', 5, '2022-02-04 08:04:05'),
(1573, 3, 168, 30, '每個禮拜都買好幾次東西超好吃', 5, '2022-02-04 08:04:05'),
(1574, 4, 163, 30, '還行吧', 5, '2022-02-05 09:05:06'),
(1575, 4, 164, 30, '還行吧', 5, '2022-02-05 09:05:06'),
(1576, 4, 165, 30, '還行吧', 5, '2022-02-05 09:05:06'),
(1577, 4, 166, 30, '還行吧', 5, '2022-02-05 09:05:06'),
(1578, 4, 167, 30, '還行吧', 5, '2022-02-05 09:05:06'),
(1579, 4, 168, 30, '還行吧', 5, '2022-02-05 09:05:06'),
(1580, 5, 163, 30, '老闆態度是在差什麼', 5, '2022-02-06 10:06:07'),
(1581, 5, 164, 30, '老闆態度是在差什麼', 5, '2022-02-06 10:06:07'),
(1582, 5, 165, 30, '老闆態度是在差什麼', 5, '2022-02-06 10:06:07'),
(1583, 5, 166, 30, '老闆態度是在差什麼', 5, '2022-02-06 10:06:07'),
(1584, 5, 167, 30, '老闆態度是在差什麼', 5, '2022-02-06 10:06:07'),
(1585, 5, 168, 30, '老闆態度是在差什麼', 5, '2022-02-06 10:06:07'),
(1586, 1, 169, 31, '超好吃的欸', 5, '2022-02-02 06:02:03'),
(1587, 1, 170, 31, '超好吃的欸', 5, '2022-02-02 06:02:03'),
(1588, 1, 171, 31, '超好吃的欸', 5, '2022-02-02 06:02:03'),
(1589, 1, 172, 31, '超好吃的欸', 5, '2022-02-02 06:02:03'),
(1590, 1, 173, 31, '超好吃的欸', 5, '2022-02-02 06:02:03'),
(1591, 1, 174, 31, '超好吃的欸', 5, '2022-02-02 06:02:03'),
(1592, 2, 169, 31, '很划算', 4, '2022-02-03 07:03:04'),
(1593, 2, 170, 31, '很划算', 4, '2022-02-03 07:03:04'),
(1594, 2, 171, 31, '很划算', 4, '2022-02-03 07:03:04'),
(1595, 2, 172, 31, '很划算', 4, '2022-02-03 07:03:04'),
(1596, 2, 173, 31, '很划算', 4, '2022-02-03 07:03:04'),
(1597, 2, 174, 31, '很划算', 4, '2022-02-03 07:03:04'),
(1598, 3, 169, 31, '每個禮拜都買好幾次東西超好吃', 3, '2022-02-04 08:04:05'),
(1599, 3, 170, 31, '每個禮拜都買好幾次東西超好吃', 3, '2022-02-04 08:04:05'),
(1600, 3, 171, 31, '每個禮拜都買好幾次東西超好吃', 3, '2022-02-04 08:04:05'),
(1601, 3, 172, 31, '每個禮拜都買好幾次東西超好吃', 3, '2022-02-04 08:04:05'),
(1602, 3, 173, 31, '每個禮拜都買好幾次東西超好吃', 3, '2022-02-04 08:04:05'),
(1603, 3, 174, 31, '每個禮拜都買好幾次東西超好吃', 3, '2022-02-04 08:04:05'),
(1604, 4, 169, 31, '還行吧', 1, '2022-02-05 09:05:06'),
(1605, 4, 170, 31, '還行吧', 1, '2022-02-05 09:05:06'),
(1606, 4, 171, 31, '還行吧', 1, '2022-02-05 09:05:06'),
(1607, 4, 172, 31, '還行吧', 1, '2022-02-05 09:05:06'),
(1608, 4, 173, 31, '還行吧', 1, '2022-02-05 09:05:06'),
(1609, 4, 174, 31, '還行吧', 1, '2022-02-05 09:05:06'),
(1610, 5, 169, 31, '老闆態度是在差什麼', 2, '2022-02-06 10:06:07'),
(1611, 5, 170, 31, '老闆態度是在差什麼', 2, '2022-02-06 10:06:07'),
(1612, 5, 171, 31, '老闆態度是在差什麼', 2, '2022-02-06 10:06:07'),
(1613, 5, 172, 31, '老闆態度是在差什麼', 2, '2022-02-06 10:06:07'),
(1614, 5, 173, 31, '老闆態度是在差什麼', 2, '2022-02-06 10:06:07'),
(1615, 5, 174, 31, '老闆態度是在差什麼', 2, '2022-02-06 10:06:07'),
(1616, 1, 175, 32, '超好吃的欸', 5, '2022-02-02 06:02:03'),
(1617, 1, 176, 32, '超好吃的欸', 5, '2022-02-02 06:02:03'),
(1618, 1, 177, 32, '超好吃的欸', 5, '2022-02-02 06:02:03'),
(1619, 1, 178, 32, '超好吃的欸', 5, '2022-02-02 06:02:03'),
(1620, 1, 179, 32, '超好吃的欸', 5, '2022-02-02 06:02:03'),
(1621, 2, 175, 32, '很划算', 4, '2022-02-03 07:03:04'),
(1622, 2, 176, 32, '很划算', 4, '2022-02-03 07:03:04'),
(1623, 2, 177, 32, '很划算', 4, '2022-02-03 07:03:04'),
(1624, 2, 178, 32, '很划算', 4, '2022-02-03 07:03:04'),
(1625, 2, 179, 32, '很划算', 4, '2022-02-03 07:03:04'),
(1626, 3, 175, 32, '每個禮拜都買好幾次東西超好吃', 3, '2022-02-04 08:04:05'),
(1627, 3, 176, 32, '每個禮拜都買好幾次東西超好吃', 3, '2022-02-04 08:04:05'),
(1628, 3, 177, 32, '每個禮拜都買好幾次東西超好吃', 3, '2022-02-04 08:04:05'),
(1629, 3, 178, 32, '每個禮拜都買好幾次東西超好吃', 3, '2022-02-04 08:04:05'),
(1630, 3, 179, 32, '每個禮拜都買好幾次東西超好吃', 3, '2022-02-04 08:04:05'),
(1631, 4, 175, 32, '還行吧', 1, '2022-02-05 09:05:06'),
(1632, 4, 176, 32, '還行吧', 1, '2022-02-05 09:05:06'),
(1633, 4, 177, 32, '還行吧', 1, '2022-02-05 09:05:06'),
(1634, 4, 178, 32, '還行吧', 1, '2022-02-05 09:05:06'),
(1635, 4, 179, 32, '還行吧', 1, '2022-02-05 09:05:06'),
(1636, 5, 175, 32, '老闆態度是在差什麼', 2, '2022-02-06 10:06:07'),
(1637, 5, 176, 32, '老闆態度是在差什麼', 2, '2022-02-06 10:06:07'),
(1638, 5, 177, 32, '老闆態度是在差什麼', 2, '2022-02-06 10:06:07'),
(1639, 5, 178, 32, '老闆態度是在差什麼', 2, '2022-02-06 10:06:07'),
(1640, 5, 179, 32, '老闆態度是在差什麼', 2, '2022-02-06 10:06:07'),
(1641, 6, 175, 32, '有股臭味', 3, '2022-02-07 11:07:08'),
(1642, 6, 176, 32, '有股臭味', 3, '2022-02-07 11:07:08'),
(1643, 6, 177, 32, '有股臭味', 3, '2022-02-07 11:07:08'),
(1644, 6, 178, 32, '有股臭味', 3, '2022-02-07 11:07:08'),
(1645, 6, 179, 32, '有股臭味', 3, '2022-02-07 11:07:08'),
(1646, 1, 181, 33, '超好吃的欸', 5, '2022-02-02 06:02:03'),
(1647, 1, 182, 33, '超好吃的欸', 5, '2022-02-02 06:02:03'),
(1648, 1, 183, 33, '超好吃的欸', 5, '2022-02-02 06:02:03'),
(1649, 1, 184, 33, '超好吃的欸', 5, '2022-02-02 06:02:03'),
(1650, 1, 185, 33, '超好吃的欸', 5, '2022-02-02 06:02:03'),
(1651, 2, 181, 33, '很划算', 4, '2022-02-03 07:03:04'),
(1652, 2, 182, 33, '很划算', 4, '2022-02-03 07:03:04'),
(1653, 2, 183, 33, '很划算', 4, '2022-02-03 07:03:04'),
(1654, 2, 184, 33, '很划算', 4, '2022-02-03 07:03:04'),
(1655, 2, 185, 33, '很划算', 4, '2022-02-03 07:03:04'),
(1656, 3, 181, 33, '每個禮拜都買好幾次東西超好吃', 3, '2022-02-04 08:04:05'),
(1657, 3, 182, 33, '每個禮拜都買好幾次東西超好吃', 3, '2022-02-04 08:04:05'),
(1658, 3, 183, 33, '每個禮拜都買好幾次東西超好吃', 3, '2022-02-04 08:04:05'),
(1659, 3, 184, 33, '每個禮拜都買好幾次東西超好吃', 3, '2022-02-04 08:04:05'),
(1660, 3, 185, 33, '每個禮拜都買好幾次東西超好吃', 3, '2022-02-04 08:04:05'),
(1661, 4, 181, 33, '還行吧', 1, '2022-02-05 09:05:06'),
(1662, 4, 182, 33, '還行吧', 1, '2022-02-05 09:05:06'),
(1663, 4, 183, 33, '還行吧', 1, '2022-02-05 09:05:06'),
(1664, 4, 184, 33, '還行吧', 1, '2022-02-05 09:05:06'),
(1665, 4, 185, 33, '還行吧', 1, '2022-02-05 09:05:06'),
(1666, 5, 181, 33, '老闆態度是在差什麼', 2, '2022-02-06 10:06:07'),
(1667, 5, 182, 33, '老闆態度是在差什麼', 2, '2022-02-06 10:06:07'),
(1668, 5, 183, 33, '老闆態度是在差什麼', 2, '2022-02-06 10:06:07'),
(1669, 5, 184, 33, '老闆態度是在差什麼', 2, '2022-02-06 10:06:07'),
(1670, 5, 185, 33, '老闆態度是在差什麼', 2, '2022-02-06 10:06:07'),
(1671, 6, 181, 33, '有股臭味', 3, '2022-02-07 11:07:08'),
(1672, 6, 182, 33, '有股臭味', 3, '2022-02-07 11:07:08'),
(1673, 6, 183, 33, '有股臭味', 3, '2022-02-07 11:07:08'),
(1674, 6, 184, 33, '有股臭味', 3, '2022-02-07 11:07:08'),
(1675, 6, 185, 33, '有股臭味', 3, '2022-02-07 11:07:08'),
(1676, 1, 186, 34, '超好吃的欸', 5, '2022-02-02 06:02:03'),
(1677, 1, 187, 34, '超好吃的欸', 5, '2022-02-02 06:02:03'),
(1678, 1, 188, 34, '超好吃的欸', 5, '2022-02-02 06:02:03'),
(1679, 1, 189, 34, '超好吃的欸', 5, '2022-02-02 06:02:03'),
(1680, 1, 190, 34, '超好吃的欸', 5, '2022-02-02 06:02:03'),
(1681, 2, 186, 34, '很划算', 4, '2022-02-03 07:03:04'),
(1682, 2, 187, 34, '很划算', 4, '2022-02-03 07:03:04'),
(1683, 2, 188, 34, '很划算', 4, '2022-02-03 07:03:04'),
(1684, 2, 189, 34, '很划算', 4, '2022-02-03 07:03:04'),
(1685, 2, 190, 34, '很划算', 4, '2022-02-03 07:03:04'),
(1686, 3, 186, 34, '每個禮拜都買好幾次東西超好吃', 3, '2022-02-04 08:04:05'),
(1687, 3, 187, 34, '每個禮拜都買好幾次東西超好吃', 3, '2022-02-04 08:04:05'),
(1688, 3, 188, 34, '每個禮拜都買好幾次東西超好吃', 3, '2022-02-04 08:04:05'),
(1689, 3, 189, 34, '每個禮拜都買好幾次東西超好吃', 3, '2022-02-04 08:04:05'),
(1690, 3, 190, 34, '每個禮拜都買好幾次東西超好吃', 3, '2022-02-04 08:04:05'),
(1691, 4, 186, 34, '還行吧', 2, '2022-02-05 09:05:06'),
(1692, 4, 187, 34, '還行吧', 2, '2022-02-05 09:05:06'),
(1693, 4, 188, 34, '還行吧', 2, '2022-02-05 09:05:06'),
(1694, 4, 189, 34, '還行吧', 2, '2022-02-05 09:05:06'),
(1695, 4, 190, 34, '還行吧', 2, '2022-02-05 09:05:06'),
(1696, 5, 186, 34, '老闆態度是在差什麼', 3, '2022-02-06 10:06:07'),
(1697, 5, 187, 34, '老闆態度是在差什麼', 3, '2022-02-06 10:06:07'),
(1698, 5, 188, 34, '老闆態度是在差什麼', 3, '2022-02-06 10:06:07'),
(1699, 5, 189, 34, '老闆態度是在差什麼', 3, '2022-02-06 10:06:07'),
(1700, 5, 190, 34, '老闆態度是在差什麼', 3, '2022-02-06 10:06:07'),
(1701, 6, 186, 34, '有股臭味', 2, '2022-02-07 11:07:08'),
(1702, 6, 187, 34, '有股臭味', 2, '2022-02-07 11:07:08'),
(1703, 6, 188, 34, '有股臭味', 2, '2022-02-07 11:07:08'),
(1704, 6, 189, 34, '有股臭味', 2, '2022-02-07 11:07:08'),
(1705, 6, 190, 34, '有股臭味', 2, '2022-02-07 11:07:08'),
(1706, 7, 186, 34, '不喜歡', 4, '2022-02-08 12:08:09'),
(1707, 7, 187, 34, '不喜歡', 4, '2022-02-08 12:08:09'),
(1708, 7, 188, 34, '不喜歡', 4, '2022-02-08 12:08:09'),
(1709, 7, 189, 34, '不喜歡', 4, '2022-02-08 12:08:09'),
(1710, 7, 190, 34, '不喜歡', 4, '2022-02-08 12:08:09'),
(1711, 1, 191, 36, '超好吃的欸', 5, '2022-02-02 06:02:03'),
(1712, 1, 192, 36, '超好吃的欸', 5, '2022-02-02 06:02:03'),
(1713, 1, 193, 36, '超好吃的欸', 5, '2022-02-02 06:02:03'),
(1714, 1, 194, 36, '超好吃的欸', 5, '2022-02-02 06:02:03'),
(1715, 1, 195, 36, '超好吃的欸', 5, '2022-02-02 06:02:03'),
(1716, 2, 191, 36, '很划算', 4, '2022-02-03 07:03:04'),
(1717, 2, 192, 36, '很划算', 4, '2022-02-03 07:03:04'),
(1718, 2, 193, 36, '很划算', 4, '2022-02-03 07:03:04'),
(1719, 2, 194, 36, '很划算', 4, '2022-02-03 07:03:04'),
(1720, 2, 195, 36, '很划算', 4, '2022-02-03 07:03:04'),
(1721, 3, 191, 36, '每個禮拜都買好幾次東西超好吃', 3, '2022-02-04 08:04:05'),
(1722, 3, 192, 36, '每個禮拜都買好幾次東西超好吃', 3, '2022-02-04 08:04:05'),
(1723, 3, 193, 36, '每個禮拜都買好幾次東西超好吃', 3, '2022-02-04 08:04:05'),
(1724, 3, 194, 36, '每個禮拜都買好幾次東西超好吃', 3, '2022-02-04 08:04:05'),
(1725, 3, 195, 36, '每個禮拜都買好幾次東西超好吃', 3, '2022-02-04 08:04:05'),
(1726, 4, 191, 36, '還行吧', 2, '2022-02-05 09:05:06'),
(1727, 4, 192, 36, '還行吧', 2, '2022-02-05 09:05:06'),
(1728, 4, 193, 36, '還行吧', 2, '2022-02-05 09:05:06'),
(1729, 4, 194, 36, '還行吧', 2, '2022-02-05 09:05:06'),
(1730, 4, 195, 36, '還行吧', 2, '2022-02-05 09:05:06'),
(1731, 5, 191, 36, '老闆態度是在差什麼', 3, '2022-02-06 10:06:07'),
(1732, 5, 192, 36, '老闆態度是在差什麼', 3, '2022-02-06 10:06:07'),
(1733, 5, 193, 36, '老闆態度是在差什麼', 3, '2022-02-06 10:06:07'),
(1734, 5, 194, 36, '老闆態度是在差什麼', 3, '2022-02-06 10:06:07'),
(1735, 5, 195, 36, '老闆態度是在差什麼', 3, '2022-02-06 10:06:07'),
(1736, 6, 191, 36, '有股臭味', 2, '2022-02-07 11:07:08'),
(1737, 6, 192, 36, '有股臭味', 2, '2022-02-07 11:07:08'),
(1738, 6, 193, 36, '有股臭味', 2, '2022-02-07 11:07:08'),
(1739, 6, 194, 36, '有股臭味', 2, '2022-02-07 11:07:08'),
(1740, 6, 195, 36, '有股臭味', 2, '2022-02-07 11:07:08'),
(1741, 7, 191, 36, '不喜歡', 4, '2022-02-08 12:08:09'),
(1742, 7, 192, 36, '不喜歡', 4, '2022-02-08 12:08:09'),
(1743, 7, 193, 36, '不喜歡', 4, '2022-02-08 12:08:09'),
(1744, 7, 194, 36, '不喜歡', 4, '2022-02-08 12:08:09'),
(1745, 7, 195, 36, '不喜歡', 4, '2022-02-08 12:08:09'),
(1746, 1, 191, 36, '超好吃的欸', 5, '2022-02-02 06:02:03'),
(1747, 1, 192, 36, '超好吃的欸', 5, '2022-02-02 06:02:03'),
(1748, 1, 193, 36, '超好吃的欸', 5, '2022-02-02 06:02:03'),
(1749, 1, 194, 36, '超好吃的欸', 5, '2022-02-02 06:02:03'),
(1750, 1, 195, 36, '超好吃的欸', 5, '2022-02-02 06:02:03'),
(1751, 2, 191, 36, '很划算', 4, '2022-02-03 07:03:04'),
(1752, 2, 192, 36, '很划算', 4, '2022-02-03 07:03:04'),
(1753, 2, 193, 36, '很划算', 4, '2022-02-03 07:03:04'),
(1754, 2, 194, 36, '很划算', 4, '2022-02-03 07:03:04'),
(1755, 2, 195, 36, '很划算', 4, '2022-02-03 07:03:04'),
(1756, 3, 191, 36, '每個禮拜都買好幾次東西超好吃', 3, '2022-02-04 08:04:05'),
(1757, 3, 192, 36, '每個禮拜都買好幾次東西超好吃', 3, '2022-02-04 08:04:05'),
(1758, 3, 193, 36, '每個禮拜都買好幾次東西超好吃', 3, '2022-02-04 08:04:05'),
(1759, 3, 194, 36, '每個禮拜都買好幾次東西超好吃', 3, '2022-02-04 08:04:05'),
(1760, 3, 195, 36, '每個禮拜都買好幾次東西超好吃', 3, '2022-02-04 08:04:05'),
(1761, 4, 191, 36, '還行吧', 2, '2022-02-05 09:05:06'),
(1762, 4, 192, 36, '還行吧', 2, '2022-02-05 09:05:06'),
(1763, 4, 193, 36, '還行吧', 2, '2022-02-05 09:05:06'),
(1764, 4, 194, 36, '還行吧', 2, '2022-02-05 09:05:06'),
(1765, 4, 195, 36, '還行吧', 2, '2022-02-05 09:05:06'),
(1766, 5, 191, 36, '老闆態度是在差什麼', 3, '2022-02-06 10:06:07'),
(1767, 5, 192, 36, '老闆態度是在差什麼', 3, '2022-02-06 10:06:07'),
(1768, 5, 193, 36, '老闆態度是在差什麼', 3, '2022-02-06 10:06:07'),
(1769, 5, 194, 36, '老闆態度是在差什麼', 3, '2022-02-06 10:06:07'),
(1770, 5, 195, 36, '老闆態度是在差什麼', 3, '2022-02-06 10:06:07'),
(1771, 6, 191, 36, '有股臭味', 2, '2022-02-07 11:07:08'),
(1772, 6, 192, 36, '有股臭味', 2, '2022-02-07 11:07:08'),
(1773, 6, 193, 36, '有股臭味', 2, '2022-02-07 11:07:08'),
(1774, 6, 194, 36, '有股臭味', 2, '2022-02-07 11:07:08'),
(1775, 6, 195, 36, '有股臭味', 2, '2022-02-07 11:07:08'),
(1776, 7, 191, 36, '不喜歡', 4, '2022-02-08 12:08:09'),
(1777, 7, 192, 36, '不喜歡', 4, '2022-02-08 12:08:09'),
(1778, 7, 193, 36, '不喜歡', 4, '2022-02-08 12:08:09'),
(1779, 7, 194, 36, '不喜歡', 4, '2022-02-08 12:08:09'),
(1780, 7, 195, 36, '不喜歡', 4, '2022-02-08 12:08:09'),
(1781, 1, 201, 37, '超好吃的欸', 3, '2022-02-02 06:02:03'),
(1782, 1, 202, 37, '超好吃的欸', 3, '2022-02-02 06:02:03'),
(1783, 1, 203, 37, '超好吃的欸', 3, '2022-02-02 06:02:03'),
(1784, 1, 204, 37, '超好吃的欸', 3, '2022-02-02 06:02:03'),
(1785, 1, 205, 37, '超好吃的欸', 3, '2022-02-02 06:02:03'),
(1786, 2, 201, 37, '很划算', 2, '2022-02-03 07:03:04'),
(1787, 2, 202, 37, '很划算', 2, '2022-02-03 07:03:04'),
(1788, 2, 203, 37, '很划算', 2, '2022-02-03 07:03:04'),
(1789, 2, 204, 37, '很划算', 2, '2022-02-03 07:03:04'),
(1790, 2, 205, 37, '很划算', 2, '2022-02-03 07:03:04'),
(1791, 3, 201, 37, '每個禮拜都買好幾次東西超好吃', 2, '2022-02-04 08:04:05'),
(1792, 3, 202, 37, '每個禮拜都買好幾次東西超好吃', 2, '2022-02-04 08:04:05'),
(1793, 3, 203, 37, '每個禮拜都買好幾次東西超好吃', 2, '2022-02-04 08:04:05'),
(1794, 3, 204, 37, '每個禮拜都買好幾次東西超好吃', 2, '2022-02-04 08:04:05'),
(1795, 3, 205, 37, '每個禮拜都買好幾次東西超好吃', 2, '2022-02-04 08:04:05'),
(1796, 4, 201, 37, '還行吧', 3, '2022-02-05 09:05:06'),
(1797, 4, 202, 37, '還行吧', 3, '2022-02-05 09:05:06'),
(1798, 4, 203, 37, '還行吧', 3, '2022-02-05 09:05:06'),
(1799, 4, 204, 37, '還行吧', 3, '2022-02-05 09:05:06'),
(1800, 4, 205, 37, '還行吧', 3, '2022-02-05 09:05:06'),
(1801, 5, 201, 37, '老闆態度是在差什麼', 4, '2022-02-06 10:06:07'),
(1802, 5, 202, 37, '老闆態度是在差什麼', 4, '2022-02-06 10:06:07'),
(1803, 5, 203, 37, '老闆態度是在差什麼', 4, '2022-02-06 10:06:07'),
(1804, 5, 204, 37, '老闆態度是在差什麼', 4, '2022-02-06 10:06:07'),
(1805, 5, 205, 37, '老闆態度是在差什麼', 4, '2022-02-06 10:06:07'),
(1806, 6, 201, 37, '有股臭味', 2, '2022-02-07 11:07:08'),
(1807, 6, 202, 37, '有股臭味', 2, '2022-02-07 11:07:08'),
(1808, 6, 203, 37, '有股臭味', 2, '2022-02-07 11:07:08'),
(1809, 6, 204, 37, '有股臭味', 2, '2022-02-07 11:07:08'),
(1810, 6, 205, 37, '有股臭味', 2, '2022-02-07 11:07:08'),
(1811, 7, 201, 37, '不喜歡', 5, '2022-02-08 12:08:09'),
(1812, 7, 202, 37, '不喜歡', 5, '2022-02-08 12:08:09'),
(1813, 7, 203, 37, '不喜歡', 5, '2022-02-08 12:08:09'),
(1814, 7, 204, 37, '不喜歡', 5, '2022-02-08 12:08:09'),
(1815, 7, 205, 37, '不喜歡', 5, '2022-02-08 12:08:09'),
(1816, 1, 206, 38, '超好吃的欸', 2, '2022-02-02 06:02:03'),
(1817, 1, 207, 38, '超好吃的欸', 2, '2022-02-02 06:02:03'),
(1818, 1, 208, 38, '超好吃的欸', 2, '2022-02-02 06:02:03'),
(1819, 1, 209, 38, '超好吃的欸', 2, '2022-02-02 06:02:03'),
(1820, 1, 210, 38, '超好吃的欸', 2, '2022-02-02 06:02:03'),
(1821, 2, 206, 38, '很划算', 3, '2022-02-03 07:03:04'),
(1822, 2, 207, 38, '很划算', 3, '2022-02-03 07:03:04'),
(1823, 2, 208, 38, '很划算', 3, '2022-02-03 07:03:04'),
(1824, 2, 209, 38, '很划算', 3, '2022-02-03 07:03:04'),
(1825, 2, 210, 38, '很划算', 3, '2022-02-03 07:03:04'),
(1826, 3, 206, 38, '每個禮拜都買好幾次東西超好吃', 5, '2022-02-04 08:04:05'),
(1827, 3, 207, 38, '每個禮拜都買好幾次東西超好吃', 5, '2022-02-04 08:04:05'),
(1828, 3, 208, 38, '每個禮拜都買好幾次東西超好吃', 5, '2022-02-04 08:04:05'),
(1829, 3, 209, 38, '每個禮拜都買好幾次東西超好吃', 5, '2022-02-04 08:04:05'),
(1830, 3, 210, 38, '每個禮拜都買好幾次東西超好吃', 5, '2022-02-04 08:04:05'),
(1831, 4, 206, 38, '還行吧', 2, '2022-02-05 09:05:06'),
(1832, 4, 207, 38, '還行吧', 2, '2022-02-05 09:05:06'),
(1833, 4, 208, 38, '還行吧', 2, '2022-02-05 09:05:06'),
(1834, 4, 209, 38, '還行吧', 2, '2022-02-05 09:05:06'),
(1835, 4, 210, 38, '還行吧', 2, '2022-02-05 09:05:06'),
(1836, 5, 206, 38, '老闆態度是在差什麼', 2, '2022-02-06 10:06:07'),
(1837, 5, 207, 38, '老闆態度是在差什麼', 2, '2022-02-06 10:06:07'),
(1838, 5, 208, 38, '老闆態度是在差什麼', 2, '2022-02-06 10:06:07'),
(1839, 5, 209, 38, '老闆態度是在差什麼', 2, '2022-02-06 10:06:07'),
(1840, 5, 210, 38, '老闆態度是在差什麼', 2, '2022-02-06 10:06:07'),
(1841, 6, 206, 38, '有股臭味', 5, '2022-02-07 11:07:08'),
(1842, 6, 207, 38, '有股臭味', 5, '2022-02-07 11:07:08'),
(1843, 6, 208, 38, '有股臭味', 5, '2022-02-07 11:07:08'),
(1844, 6, 209, 38, '有股臭味', 5, '2022-02-07 11:07:08'),
(1845, 6, 210, 38, '有股臭味', 5, '2022-02-07 11:07:08'),
(1846, 7, 206, 38, '不喜歡', 1, '2022-02-08 12:08:09'),
(1847, 7, 207, 38, '不喜歡', 1, '2022-02-08 12:08:09'),
(1848, 7, 208, 38, '不喜歡', 1, '2022-02-08 12:08:09'),
(1849, 7, 209, 38, '不喜歡', 1, '2022-02-08 12:08:09'),
(1850, 7, 210, 38, '不喜歡', 1, '2022-02-08 12:08:09'),
(1886, 1, 211, 39, '超好吃的欸', 3, '2022-02-02 06:02:03'),
(1887, 1, 212, 39, '超好吃的欸', 3, '2022-02-02 06:02:03'),
(1888, 1, 213, 39, '超好吃的欸', 3, '2022-02-02 06:02:03'),
(1889, 1, 214, 39, '超好吃的欸', 3, '2022-02-02 06:02:03'),
(1890, 1, 215, 39, '超好吃的欸', 3, '2022-02-02 06:02:03'),
(1891, 2, 211, 39, '很划算', 3, '2022-02-03 07:03:04'),
(1892, 2, 212, 39, '很划算', 3, '2022-02-03 07:03:04'),
(1893, 2, 213, 39, '很划算', 3, '2022-02-03 07:03:04'),
(1894, 2, 214, 39, '很划算', 3, '2022-02-03 07:03:04'),
(1895, 2, 215, 39, '很划算', 3, '2022-02-03 07:03:04'),
(1896, 3, 211, 39, '每個禮拜都買好幾次東西超好吃', 2, '2022-02-04 08:04:05'),
(1897, 3, 212, 39, '每個禮拜都買好幾次東西超好吃', 2, '2022-02-04 08:04:05'),
(1898, 3, 213, 39, '每個禮拜都買好幾次東西超好吃', 2, '2022-02-04 08:04:05'),
(1899, 3, 214, 39, '每個禮拜都買好幾次東西超好吃', 2, '2022-02-04 08:04:05'),
(1900, 3, 215, 39, '每個禮拜都買好幾次東西超好吃', 2, '2022-02-04 08:04:05'),
(1901, 4, 211, 39, '還行吧', 5, '2022-02-05 09:05:06'),
(1902, 4, 212, 39, '還行吧', 5, '2022-02-05 09:05:06'),
(1903, 4, 213, 39, '還行吧', 5, '2022-02-05 09:05:06'),
(1904, 4, 214, 39, '還行吧', 5, '2022-02-05 09:05:06'),
(1905, 4, 215, 39, '還行吧', 5, '2022-02-05 09:05:06'),
(1906, 5, 211, 39, '老闆態度是在差什麼', 5, '2022-02-06 10:06:07'),
(1907, 5, 212, 39, '老闆態度是在差什麼', 5, '2022-02-06 10:06:07'),
(1908, 5, 213, 39, '老闆態度是在差什麼', 5, '2022-02-06 10:06:07'),
(1909, 5, 214, 39, '老闆態度是在差什麼', 5, '2022-02-06 10:06:07'),
(1910, 5, 215, 39, '老闆態度是在差什麼', 5, '2022-02-06 10:06:07'),
(1911, 6, 211, 39, '有股臭味', 1, '2022-02-07 11:07:08'),
(1912, 6, 212, 39, '有股臭味', 1, '2022-02-07 11:07:08'),
(1913, 6, 213, 39, '有股臭味', 1, '2022-02-07 11:07:08'),
(1914, 6, 214, 39, '有股臭味', 1, '2022-02-07 11:07:08');
INSERT INTO `products_comment` (`id`, `user_id`, `products_id`, `store_id`, `comment`, `star`, `create_time`) VALUES
(1915, 6, 215, 39, '有股臭味', 1, '2022-02-07 11:07:08'),
(1916, 7, 211, 39, '不喜歡', 2, '2022-02-08 12:08:09'),
(1917, 7, 212, 39, '不喜歡', 2, '2022-02-08 12:08:09'),
(1918, 7, 213, 39, '不喜歡', 2, '2022-02-08 12:08:09'),
(1919, 7, 214, 39, '不喜歡', 2, '2022-02-08 12:08:09'),
(1920, 7, 215, 39, '不喜歡', 2, '2022-02-08 12:08:09'),
(1921, 1, 216, 40, '超好吃的欸', 5, '2022-02-02 06:02:03'),
(1922, 1, 217, 40, '超好吃的欸', 5, '2022-02-02 06:02:03'),
(1923, 1, 218, 40, '超好吃的欸', 5, '2022-02-02 06:02:03'),
(1924, 1, 219, 40, '超好吃的欸', 5, '2022-02-02 06:02:03'),
(1925, 1, 220, 40, '超好吃的欸', 5, '2022-02-02 06:02:03'),
(1926, 2, 216, 40, '很划算', 3, '2022-02-03 07:03:04'),
(1927, 2, 217, 40, '很划算', 3, '2022-02-03 07:03:04'),
(1928, 2, 218, 40, '很划算', 3, '2022-02-03 07:03:04'),
(1929, 2, 219, 40, '很划算', 3, '2022-02-03 07:03:04'),
(1930, 2, 220, 40, '很划算', 3, '2022-02-03 07:03:04'),
(1931, 3, 216, 40, '每個禮拜都買好幾次東西超好吃', 3, '2022-02-04 08:04:05'),
(1932, 3, 217, 40, '每個禮拜都買好幾次東西超好吃', 3, '2022-02-04 08:04:05'),
(1933, 3, 218, 40, '每個禮拜都買好幾次東西超好吃', 3, '2022-02-04 08:04:05'),
(1934, 3, 219, 40, '每個禮拜都買好幾次東西超好吃', 3, '2022-02-04 08:04:05'),
(1935, 3, 220, 40, '每個禮拜都買好幾次東西超好吃', 3, '2022-02-04 08:04:05'),
(1936, 4, 216, 40, '還行吧', 3, '2022-02-05 09:05:06'),
(1937, 4, 217, 40, '還行吧', 3, '2022-02-05 09:05:06'),
(1938, 4, 218, 40, '還行吧', 3, '2022-02-05 09:05:06'),
(1939, 4, 219, 40, '還行吧', 3, '2022-02-05 09:05:06'),
(1940, 4, 220, 40, '還行吧', 3, '2022-02-05 09:05:06'),
(1941, 5, 216, 40, '老闆態度是在差什麼', 2, '2022-02-06 10:06:07'),
(1942, 5, 217, 40, '老闆態度是在差什麼', 2, '2022-02-06 10:06:07'),
(1943, 5, 218, 40, '老闆態度是在差什麼', 2, '2022-02-06 10:06:07'),
(1944, 5, 219, 40, '老闆態度是在差什麼', 2, '2022-02-06 10:06:07'),
(1945, 5, 220, 40, '老闆態度是在差什麼', 2, '2022-02-06 10:06:07'),
(1946, 6, 216, 40, '有股臭味', 2, '2022-02-07 11:07:08'),
(1947, 6, 217, 40, '有股臭味', 2, '2022-02-07 11:07:08'),
(1948, 6, 218, 40, '有股臭味', 2, '2022-02-07 11:07:08'),
(1949, 6, 219, 40, '有股臭味', 2, '2022-02-07 11:07:08'),
(1950, 6, 220, 40, '有股臭味', 2, '2022-02-07 11:07:08'),
(1951, 7, 216, 40, '不喜歡', 2, '2022-02-08 12:08:09'),
(1952, 7, 217, 40, '不喜歡', 2, '2022-02-08 12:08:09'),
(1953, 7, 218, 40, '不喜歡', 2, '2022-02-08 12:08:09'),
(1954, 7, 219, 40, '不喜歡', 2, '2022-02-08 12:08:09'),
(1955, 7, 220, 40, '不喜歡', 2, '2022-02-08 12:08:09'),
(1956, 1, 221, 41, '超好吃的欸', 2, '2022-02-02 06:02:03'),
(1957, 1, 222, 41, '超好吃的欸', 2, '2022-02-02 06:02:03'),
(1958, 1, 223, 41, '超好吃的欸', 2, '2022-02-02 06:02:03'),
(1959, 1, 224, 41, '超好吃的欸', 2, '2022-02-02 06:02:03'),
(1960, 1, 225, 41, '超好吃的欸', 2, '2022-02-02 06:02:03'),
(1961, 1, 226, 41, '超好吃的欸', 2, '2022-02-02 06:02:03'),
(1962, 2, 221, 41, '很划算', 5, '2022-02-03 07:03:04'),
(1963, 2, 222, 41, '很划算', 5, '2022-02-03 07:03:04'),
(1964, 2, 223, 41, '很划算', 5, '2022-02-03 07:03:04'),
(1965, 2, 224, 41, '很划算', 5, '2022-02-03 07:03:04'),
(1966, 2, 225, 41, '很划算', 5, '2022-02-03 07:03:04'),
(1967, 2, 226, 41, '很划算', 5, '2022-02-03 07:03:04'),
(1968, 3, 221, 41, '每個禮拜都買好幾次東西超好吃', 2, '2022-02-04 08:04:05'),
(1969, 3, 222, 41, '每個禮拜都買好幾次東西超好吃', 2, '2022-02-04 08:04:05'),
(1970, 3, 223, 41, '每個禮拜都買好幾次東西超好吃', 2, '2022-02-04 08:04:05'),
(1971, 3, 224, 41, '每個禮拜都買好幾次東西超好吃', 2, '2022-02-04 08:04:05'),
(1972, 3, 225, 41, '每個禮拜都買好幾次東西超好吃', 2, '2022-02-04 08:04:05'),
(1973, 3, 226, 41, '每個禮拜都買好幾次東西超好吃', 2, '2022-02-04 08:04:05'),
(1974, 4, 221, 41, '還行吧', 2, '2022-02-05 09:05:06'),
(1975, 4, 222, 41, '還行吧', 2, '2022-02-05 09:05:06'),
(1976, 4, 223, 41, '還行吧', 2, '2022-02-05 09:05:06'),
(1977, 4, 224, 41, '還行吧', 2, '2022-02-05 09:05:06'),
(1978, 4, 225, 41, '還行吧', 2, '2022-02-05 09:05:06'),
(1979, 4, 226, 41, '還行吧', 2, '2022-02-05 09:05:06'),
(1980, 5, 221, 41, '老闆態度是在差什麼', 3, '2022-02-06 10:06:07'),
(1981, 5, 222, 41, '老闆態度是在差什麼', 3, '2022-02-06 10:06:07'),
(1982, 5, 223, 41, '老闆態度是在差什麼', 3, '2022-02-06 10:06:07'),
(1983, 5, 224, 41, '老闆態度是在差什麼', 3, '2022-02-06 10:06:07'),
(1984, 5, 225, 41, '老闆態度是在差什麼', 3, '2022-02-06 10:06:07'),
(1985, 5, 226, 41, '老闆態度是在差什麼', 3, '2022-02-06 10:06:07'),
(1986, 6, 221, 41, '有股臭味', 1, '2022-02-07 11:07:08'),
(1987, 6, 222, 41, '有股臭味', 1, '2022-02-07 11:07:08'),
(1988, 6, 223, 41, '有股臭味', 1, '2022-02-07 11:07:08'),
(1989, 6, 224, 41, '有股臭味', 1, '2022-02-07 11:07:08'),
(1990, 6, 225, 41, '有股臭味', 1, '2022-02-07 11:07:08'),
(1991, 6, 226, 41, '有股臭味', 1, '2022-02-07 11:07:08'),
(1992, 7, 221, 41, '不喜歡', 4, '2022-02-08 12:08:09'),
(1993, 7, 222, 41, '不喜歡', 4, '2022-02-08 12:08:09'),
(1994, 7, 223, 41, '不喜歡', 4, '2022-02-08 12:08:09'),
(1995, 7, 224, 41, '不喜歡', 4, '2022-02-08 12:08:09'),
(1996, 7, 225, 41, '不喜歡', 4, '2022-02-08 12:08:09'),
(1997, 7, 226, 41, '不喜歡', 4, '2022-02-08 12:08:09'),
(1998, 1, 227, 42, '超好吃的欸', 5, '2022-02-02 06:02:03'),
(1999, 1, 228, 42, '超好吃的欸', 5, '2022-02-02 06:02:03'),
(2000, 1, 229, 42, '超好吃的欸', 5, '2022-02-02 06:02:03'),
(2001, 1, 230, 42, '超好吃的欸', 5, '2022-02-02 06:02:03'),
(2002, 1, 231, 42, '超好吃的欸', 5, '2022-02-02 06:02:03'),
(2003, 1, 232, 42, '超好吃的欸', 5, '2022-02-02 06:02:03'),
(2004, 2, 227, 42, '很划算', 2, '2022-02-03 07:03:04'),
(2005, 2, 228, 42, '很划算', 2, '2022-02-03 07:03:04'),
(2006, 2, 229, 42, '很划算', 2, '2022-02-03 07:03:04'),
(2007, 2, 230, 42, '很划算', 2, '2022-02-03 07:03:04'),
(2008, 2, 231, 42, '很划算', 2, '2022-02-03 07:03:04'),
(2009, 2, 232, 42, '很划算', 2, '2022-02-03 07:03:04'),
(2010, 3, 227, 42, '每個禮拜都買好幾次東西超好吃', 2, '2022-02-04 08:04:05'),
(2011, 3, 228, 42, '每個禮拜都買好幾次東西超好吃', 2, '2022-02-04 08:04:05'),
(2012, 3, 229, 42, '每個禮拜都買好幾次東西超好吃', 2, '2022-02-04 08:04:05'),
(2013, 3, 230, 42, '每個禮拜都買好幾次東西超好吃', 2, '2022-02-04 08:04:05'),
(2014, 3, 231, 42, '每個禮拜都買好幾次東西超好吃', 2, '2022-02-04 08:04:05'),
(2015, 3, 232, 42, '每個禮拜都買好幾次東西超好吃', 2, '2022-02-04 08:04:05'),
(2016, 4, 227, 42, '還行吧', 4, '2022-02-05 09:05:06'),
(2017, 4, 228, 42, '還行吧', 4, '2022-02-05 09:05:06'),
(2018, 4, 229, 42, '還行吧', 4, '2022-02-05 09:05:06'),
(2019, 4, 230, 42, '還行吧', 4, '2022-02-05 09:05:06'),
(2020, 4, 231, 42, '還行吧', 4, '2022-02-05 09:05:06'),
(2021, 4, 232, 42, '還行吧', 4, '2022-02-05 09:05:06'),
(2022, 5, 227, 42, '老闆態度是在差什麼', 1, '2022-02-06 10:06:07'),
(2023, 5, 228, 42, '老闆態度是在差什麼', 1, '2022-02-06 10:06:07'),
(2024, 5, 229, 42, '老闆態度是在差什麼', 1, '2022-02-06 10:06:07'),
(2025, 5, 230, 42, '老闆態度是在差什麼', 1, '2022-02-06 10:06:07'),
(2026, 5, 231, 42, '老闆態度是在差什麼', 1, '2022-02-06 10:06:07'),
(2027, 5, 232, 42, '老闆態度是在差什麼', 1, '2022-02-06 10:06:07'),
(2028, 6, 227, 42, '有股臭味', 5, '2022-02-07 11:07:08'),
(2029, 6, 228, 42, '有股臭味', 5, '2022-02-07 11:07:08'),
(2030, 6, 229, 42, '有股臭味', 5, '2022-02-07 11:07:08'),
(2031, 6, 230, 42, '有股臭味', 5, '2022-02-07 11:07:08'),
(2032, 6, 231, 42, '有股臭味', 5, '2022-02-07 11:07:08'),
(2033, 6, 232, 42, '有股臭味', 5, '2022-02-07 11:07:08'),
(2034, 7, 227, 42, '不喜歡', 4, '2022-02-08 12:08:09'),
(2035, 7, 228, 42, '不喜歡', 4, '2022-02-08 12:08:09'),
(2036, 7, 229, 42, '不喜歡', 4, '2022-02-08 12:08:09'),
(2037, 7, 230, 42, '不喜歡', 4, '2022-02-08 12:08:09'),
(2038, 7, 231, 42, '不喜歡', 4, '2022-02-08 12:08:09'),
(2039, 7, 232, 42, '不喜歡', 4, '2022-02-08 12:08:09'),
(2040, 1, 233, 43, '超好吃的欸', 5, '2022-02-02 06:02:03'),
(2041, 1, 234, 43, '超好吃的欸', 5, '2022-02-02 06:02:03'),
(2042, 1, 235, 43, '超好吃的欸', 5, '2022-02-02 06:02:03'),
(2043, 1, 236, 43, '超好吃的欸', 5, '2022-02-02 06:02:03'),
(2044, 1, 237, 43, '超好吃的欸', 5, '2022-02-02 06:02:03'),
(2045, 1, 238, 43, '超好吃的欸', 5, '2022-02-02 06:02:03'),
(2046, 2, 233, 43, '很划算', 2, '2022-02-03 07:03:04'),
(2047, 2, 234, 43, '很划算', 2, '2022-02-03 07:03:04'),
(2048, 2, 235, 43, '很划算', 2, '2022-02-03 07:03:04'),
(2049, 2, 236, 43, '很划算', 2, '2022-02-03 07:03:04'),
(2050, 2, 237, 43, '很划算', 2, '2022-02-03 07:03:04'),
(2051, 2, 238, 43, '很划算', 2, '2022-02-03 07:03:04'),
(2052, 3, 233, 43, '每個禮拜都買好幾次東西超好吃', 1, '2022-02-04 08:04:05'),
(2053, 3, 234, 43, '每個禮拜都買好幾次東西超好吃', 1, '2022-02-04 08:04:05'),
(2054, 3, 235, 43, '每個禮拜都買好幾次東西超好吃', 1, '2022-02-04 08:04:05'),
(2055, 3, 236, 43, '每個禮拜都買好幾次東西超好吃', 1, '2022-02-04 08:04:05'),
(2056, 3, 237, 43, '每個禮拜都買好幾次東西超好吃', 1, '2022-02-04 08:04:05'),
(2057, 3, 238, 43, '每個禮拜都買好幾次東西超好吃', 1, '2022-02-04 08:04:05'),
(2058, 4, 233, 43, '還行吧', 2, '2022-02-05 09:05:06'),
(2059, 4, 234, 43, '還行吧', 2, '2022-02-05 09:05:06'),
(2060, 4, 235, 43, '還行吧', 2, '2022-02-05 09:05:06'),
(2061, 4, 236, 43, '還行吧', 2, '2022-02-05 09:05:06'),
(2062, 4, 237, 43, '還行吧', 2, '2022-02-05 09:05:06'),
(2063, 4, 238, 43, '還行吧', 2, '2022-02-05 09:05:06'),
(2064, 5, 233, 43, '老闆態度是在差什麼', 3, '2022-02-06 10:06:07'),
(2065, 5, 234, 43, '老闆態度是在差什麼', 3, '2022-02-06 10:06:07'),
(2066, 5, 235, 43, '老闆態度是在差什麼', 3, '2022-02-06 10:06:07'),
(2067, 5, 236, 43, '老闆態度是在差什麼', 3, '2022-02-06 10:06:07'),
(2068, 5, 237, 43, '老闆態度是在差什麼', 3, '2022-02-06 10:06:07'),
(2069, 5, 238, 43, '老闆態度是在差什麼', 3, '2022-02-06 10:06:07'),
(2070, 6, 233, 43, '有股臭味', 3, '2022-02-07 11:07:08'),
(2071, 6, 234, 43, '有股臭味', 3, '2022-02-07 11:07:08'),
(2072, 6, 235, 43, '有股臭味', 3, '2022-02-07 11:07:08'),
(2073, 6, 236, 43, '有股臭味', 3, '2022-02-07 11:07:08'),
(2074, 6, 237, 43, '有股臭味', 3, '2022-02-07 11:07:08'),
(2075, 6, 238, 43, '有股臭味', 3, '2022-02-07 11:07:08'),
(2076, 7, 233, 43, '不喜歡', 4, '2022-02-08 12:08:09'),
(2077, 7, 234, 43, '不喜歡', 4, '2022-02-08 12:08:09'),
(2078, 7, 235, 43, '不喜歡', 4, '2022-02-08 12:08:09'),
(2079, 7, 236, 43, '不喜歡', 4, '2022-02-08 12:08:09'),
(2080, 7, 237, 43, '不喜歡', 4, '2022-02-08 12:08:09'),
(2081, 7, 238, 43, '不喜歡', 4, '2022-02-08 12:08:09'),
(2082, 1, 239, 44, '超好吃的欸', 5, '2022-02-02 06:02:03'),
(2083, 1, 240, 44, '超好吃的欸', 5, '2022-02-02 06:02:03'),
(2084, 1, 241, 44, '超好吃的欸', 5, '2022-02-02 06:02:03'),
(2085, 1, 242, 44, '超好吃的欸', 5, '2022-02-02 06:02:03'),
(2086, 1, 243, 44, '超好吃的欸', 5, '2022-02-02 06:02:03'),
(2087, 1, 244, 44, '超好吃的欸', 5, '2022-02-02 06:02:03'),
(2088, 2, 239, 44, '很划算', 3, '2022-02-03 07:03:04'),
(2089, 2, 240, 44, '很划算', 3, '2022-02-03 07:03:04'),
(2090, 2, 241, 44, '很划算', 3, '2022-02-03 07:03:04'),
(2091, 2, 242, 44, '很划算', 3, '2022-02-03 07:03:04'),
(2092, 2, 243, 44, '很划算', 3, '2022-02-03 07:03:04'),
(2093, 2, 244, 44, '很划算', 3, '2022-02-03 07:03:04'),
(2094, 3, 239, 44, '每個禮拜都買好幾次東西超好吃', 3, '2022-02-04 08:04:05'),
(2095, 3, 240, 44, '每個禮拜都買好幾次東西超好吃', 3, '2022-02-04 08:04:05'),
(2096, 3, 241, 44, '每個禮拜都買好幾次東西超好吃', 3, '2022-02-04 08:04:05'),
(2097, 3, 242, 44, '每個禮拜都買好幾次東西超好吃', 3, '2022-02-04 08:04:05'),
(2098, 3, 243, 44, '每個禮拜都買好幾次東西超好吃', 3, '2022-02-04 08:04:05'),
(2099, 3, 244, 44, '每個禮拜都買好幾次東西超好吃', 3, '2022-02-04 08:04:05'),
(2100, 4, 239, 44, '還行吧', 2, '2022-02-05 09:05:06'),
(2101, 4, 240, 44, '還行吧', 2, '2022-02-05 09:05:06'),
(2102, 4, 241, 44, '還行吧', 2, '2022-02-05 09:05:06'),
(2103, 4, 242, 44, '還行吧', 2, '2022-02-05 09:05:06'),
(2104, 4, 243, 44, '還行吧', 2, '2022-02-05 09:05:06'),
(2105, 4, 244, 44, '還行吧', 2, '2022-02-05 09:05:06'),
(2106, 5, 239, 44, '老闆態度是在差什麼', 4, '2022-02-06 10:06:07'),
(2107, 5, 240, 44, '老闆態度是在差什麼', 4, '2022-02-06 10:06:07'),
(2108, 5, 241, 44, '老闆態度是在差什麼', 4, '2022-02-06 10:06:07'),
(2109, 5, 242, 44, '老闆態度是在差什麼', 4, '2022-02-06 10:06:07'),
(2110, 5, 243, 44, '老闆態度是在差什麼', 4, '2022-02-06 10:06:07'),
(2111, 5, 244, 44, '老闆態度是在差什麼', 4, '2022-02-06 10:06:07'),
(2112, 6, 239, 44, '有股臭味', 1, '2022-02-07 11:07:08'),
(2113, 6, 240, 44, '有股臭味', 1, '2022-02-07 11:07:08'),
(2114, 6, 241, 44, '有股臭味', 1, '2022-02-07 11:07:08'),
(2115, 6, 242, 44, '有股臭味', 1, '2022-02-07 11:07:08'),
(2116, 6, 243, 44, '有股臭味', 1, '2022-02-07 11:07:08'),
(2117, 6, 244, 44, '有股臭味', 1, '2022-02-07 11:07:08'),
(2118, 7, 239, 44, '不喜歡', 2, '2022-02-08 12:08:09'),
(2119, 7, 240, 44, '不喜歡', 2, '2022-02-08 12:08:09'),
(2120, 7, 241, 44, '不喜歡', 2, '2022-02-08 12:08:09'),
(2121, 7, 242, 44, '不喜歡', 2, '2022-02-08 12:08:09'),
(2122, 7, 243, 44, '不喜歡', 2, '2022-02-08 12:08:09'),
(2123, 7, 244, 44, '不喜歡', 2, '2022-02-08 12:08:09'),
(2124, 1, 245, 45, '超好吃的欸', 4, '2022-02-02 06:02:03'),
(2125, 1, 246, 45, '超好吃的欸', 4, '2022-02-02 06:02:03'),
(2126, 1, 247, 45, '超好吃的欸', 4, '2022-02-02 06:02:03'),
(2127, 1, 248, 45, '超好吃的欸', 4, '2022-02-02 06:02:03'),
(2128, 1, 249, 45, '超好吃的欸', 4, '2022-02-02 06:02:03'),
(2129, 1, 250, 45, '超好吃的欸', 4, '2022-02-02 06:02:03'),
(2130, 2, 245, 45, '很划算', 2, '2022-02-03 07:03:04'),
(2131, 2, 246, 45, '很划算', 2, '2022-02-03 07:03:04'),
(2132, 2, 247, 45, '很划算', 2, '2022-02-03 07:03:04'),
(2133, 2, 248, 45, '很划算', 2, '2022-02-03 07:03:04'),
(2134, 2, 249, 45, '很划算', 2, '2022-02-03 07:03:04'),
(2135, 2, 250, 45, '很划算', 2, '2022-02-03 07:03:04'),
(2136, 3, 245, 45, '每個禮拜都買好幾次東西超好吃', 1, '2022-02-04 08:04:05'),
(2137, 3, 246, 45, '每個禮拜都買好幾次東西超好吃', 1, '2022-02-04 08:04:05'),
(2138, 3, 247, 45, '每個禮拜都買好幾次東西超好吃', 1, '2022-02-04 08:04:05'),
(2139, 3, 248, 45, '每個禮拜都買好幾次東西超好吃', 1, '2022-02-04 08:04:05'),
(2140, 3, 249, 45, '每個禮拜都買好幾次東西超好吃', 1, '2022-02-04 08:04:05'),
(2141, 3, 250, 45, '每個禮拜都買好幾次東西超好吃', 1, '2022-02-04 08:04:05'),
(2142, 4, 245, 45, '還行吧', 1, '2022-02-05 09:05:06'),
(2143, 4, 246, 45, '還行吧', 1, '2022-02-05 09:05:06'),
(2144, 4, 247, 45, '還行吧', 1, '2022-02-05 09:05:06'),
(2145, 4, 248, 45, '還行吧', 1, '2022-02-05 09:05:06'),
(2146, 4, 249, 45, '還行吧', 1, '2022-02-05 09:05:06'),
(2147, 4, 250, 45, '還行吧', 1, '2022-02-05 09:05:06'),
(2148, 5, 245, 45, '老闆態度是在差什麼', 2, '2022-02-06 10:06:07'),
(2149, 5, 246, 45, '老闆態度是在差什麼', 2, '2022-02-06 10:06:07'),
(2150, 5, 247, 45, '老闆態度是在差什麼', 2, '2022-02-06 10:06:07'),
(2151, 5, 248, 45, '老闆態度是在差什麼', 2, '2022-02-06 10:06:07'),
(2152, 5, 249, 45, '老闆態度是在差什麼', 2, '2022-02-06 10:06:07'),
(2153, 5, 250, 45, '老闆態度是在差什麼', 2, '2022-02-06 10:06:07'),
(2154, 6, 245, 45, '有股臭味', 4, '2022-02-07 11:07:08'),
(2155, 6, 246, 45, '有股臭味', 4, '2022-02-07 11:07:08'),
(2156, 6, 247, 45, '有股臭味', 4, '2022-02-07 11:07:08'),
(2157, 6, 248, 45, '有股臭味', 4, '2022-02-07 11:07:08'),
(2158, 6, 249, 45, '有股臭味', 4, '2022-02-07 11:07:08'),
(2159, 6, 250, 45, '有股臭味', 4, '2022-02-07 11:07:08'),
(2160, 7, 245, 45, '不喜歡', 5, '2022-02-08 12:08:09'),
(2161, 7, 246, 45, '不喜歡', 5, '2022-02-08 12:08:09'),
(2162, 7, 247, 45, '不喜歡', 5, '2022-02-08 12:08:09'),
(2163, 7, 248, 45, '不喜歡', 5, '2022-02-08 12:08:09'),
(2164, 7, 249, 45, '不喜歡', 5, '2022-02-08 12:08:09'),
(2165, 7, 250, 45, '不喜歡', 5, '2022-02-08 12:08:09'),
(2166, 8, 245, 45, '少給東西', 5, '2022-02-09 01:09:10'),
(2167, 8, 246, 45, '少給東西', 5, '2022-02-09 01:09:10'),
(2168, 8, 247, 45, '少給東西', 5, '2022-02-09 01:09:10'),
(2169, 8, 248, 45, '少給東西', 5, '2022-02-09 01:09:10'),
(2170, 8, 249, 45, '少給東西', 5, '2022-02-09 01:09:10'),
(2171, 8, 250, 45, '少給東西', 5, '2022-02-09 01:09:10'),
(2172, 9, 245, 45, '老闆人超好~!', 4, '2022-02-10 02:10:11'),
(2173, 9, 246, 45, '老闆人超好~!', 4, '2022-02-10 02:10:11'),
(2174, 9, 247, 45, '老闆人超好~!', 4, '2022-02-10 02:10:11'),
(2175, 9, 248, 45, '老闆人超好~!', 4, '2022-02-10 02:10:11'),
(2176, 9, 249, 45, '老闆人超好~!', 4, '2022-02-10 02:10:11'),
(2177, 9, 250, 45, '老闆人超好~!', 4, '2022-02-10 02:10:11'),
(2178, 10, 245, 45, '這個價格吃到這個東西真的無可挑剔', 4, '2022-02-11 03:11:12'),
(2179, 10, 246, 45, '這個價格吃到這個東西真的無可挑剔', 4, '2022-02-11 03:11:12'),
(2180, 10, 247, 45, '這個價格吃到這個東西真的無可挑剔', 4, '2022-02-11 03:11:12'),
(2181, 10, 248, 45, '這個價格吃到這個東西真的無可挑剔', 4, '2022-02-11 03:11:12'),
(2182, 10, 249, 45, '這個價格吃到這個東西真的無可挑剔', 4, '2022-02-11 03:11:12'),
(2183, 10, 250, 45, '這個價格吃到這個東西真的無可挑剔', 4, '2022-02-11 03:11:12'),
(2184, 1, 251, 46, '超好吃的欸', 3, '2022-02-02 06:02:03'),
(2185, 1, 252, 46, '超好吃的欸', 3, '2022-02-02 06:02:03'),
(2186, 1, 253, 46, '超好吃的欸', 3, '2022-02-02 06:02:03'),
(2187, 1, 254, 46, '超好吃的欸', 3, '2022-02-02 06:02:03'),
(2188, 1, 255, 46, '超好吃的欸', 3, '2022-02-02 06:02:03'),
(2189, 1, 256, 46, '超好吃的欸', 3, '2022-02-02 06:02:03'),
(2190, 2, 251, 46, '很划算', 1, '2022-02-03 07:03:04'),
(2191, 2, 252, 46, '很划算', 1, '2022-02-03 07:03:04'),
(2192, 2, 253, 46, '很划算', 1, '2022-02-03 07:03:04'),
(2193, 2, 254, 46, '很划算', 1, '2022-02-03 07:03:04'),
(2194, 2, 255, 46, '很划算', 1, '2022-02-03 07:03:04'),
(2195, 2, 256, 46, '很划算', 1, '2022-02-03 07:03:04'),
(2196, 3, 251, 46, '每個禮拜都買好幾次東西超好吃', 3, '2022-02-04 08:04:05'),
(2197, 3, 252, 46, '每個禮拜都買好幾次東西超好吃', 3, '2022-02-04 08:04:05'),
(2198, 3, 253, 46, '每個禮拜都買好幾次東西超好吃', 3, '2022-02-04 08:04:05'),
(2199, 3, 254, 46, '每個禮拜都買好幾次東西超好吃', 3, '2022-02-04 08:04:05'),
(2200, 3, 255, 46, '每個禮拜都買好幾次東西超好吃', 3, '2022-02-04 08:04:05'),
(2201, 3, 256, 46, '每個禮拜都買好幾次東西超好吃', 3, '2022-02-04 08:04:05'),
(2202, 4, 251, 46, '還行吧', 1, '2022-02-05 09:05:06'),
(2203, 4, 252, 46, '還行吧', 1, '2022-02-05 09:05:06'),
(2204, 4, 253, 46, '還行吧', 1, '2022-02-05 09:05:06'),
(2205, 4, 254, 46, '還行吧', 1, '2022-02-05 09:05:06'),
(2206, 4, 255, 46, '還行吧', 1, '2022-02-05 09:05:06'),
(2207, 4, 256, 46, '還行吧', 1, '2022-02-05 09:05:06'),
(2208, 5, 251, 46, '老闆態度是在差什麼', 4, '2022-02-06 10:06:07'),
(2209, 5, 252, 46, '老闆態度是在差什麼', 4, '2022-02-06 10:06:07'),
(2210, 5, 253, 46, '老闆態度是在差什麼', 4, '2022-02-06 10:06:07'),
(2211, 5, 254, 46, '老闆態度是在差什麼', 4, '2022-02-06 10:06:07'),
(2212, 5, 255, 46, '老闆態度是在差什麼', 4, '2022-02-06 10:06:07'),
(2213, 5, 256, 46, '老闆態度是在差什麼', 4, '2022-02-06 10:06:07'),
(2214, 6, 251, 46, '有股臭味', 5, '2022-02-07 11:07:08'),
(2215, 6, 252, 46, '有股臭味', 5, '2022-02-07 11:07:08'),
(2216, 6, 253, 46, '有股臭味', 5, '2022-02-07 11:07:08'),
(2217, 6, 254, 46, '有股臭味', 5, '2022-02-07 11:07:08'),
(2218, 6, 255, 46, '有股臭味', 5, '2022-02-07 11:07:08'),
(2219, 6, 256, 46, '有股臭味', 5, '2022-02-07 11:07:08'),
(2220, 7, 251, 46, '不喜歡', 3, '2022-02-08 12:08:09'),
(2221, 7, 252, 46, '不喜歡', 3, '2022-02-08 12:08:09'),
(2222, 7, 253, 46, '不喜歡', 3, '2022-02-08 12:08:09'),
(2223, 7, 254, 46, '不喜歡', 3, '2022-02-08 12:08:09'),
(2224, 7, 255, 46, '不喜歡', 3, '2022-02-08 12:08:09'),
(2225, 7, 256, 46, '不喜歡', 3, '2022-02-08 12:08:09'),
(2226, 8, 251, 46, '少給東西', 3, '2022-02-09 01:09:10'),
(2227, 8, 252, 46, '少給東西', 3, '2022-02-09 01:09:10'),
(2228, 8, 253, 46, '少給東西', 3, '2022-02-09 01:09:10'),
(2229, 8, 254, 46, '少給東西', 3, '2022-02-09 01:09:10'),
(2230, 8, 255, 46, '少給東西', 3, '2022-02-09 01:09:10'),
(2231, 8, 256, 46, '少給東西', 3, '2022-02-09 01:09:10'),
(2232, 9, 251, 46, '老闆人超好~!', 4, '2022-02-10 02:10:11'),
(2233, 9, 252, 46, '老闆人超好~!', 4, '2022-02-10 02:10:11'),
(2234, 9, 253, 46, '老闆人超好~!', 4, '2022-02-10 02:10:11'),
(2235, 9, 254, 46, '老闆人超好~!', 4, '2022-02-10 02:10:11'),
(2236, 9, 255, 46, '老闆人超好~!', 4, '2022-02-10 02:10:11'),
(2237, 9, 256, 46, '老闆人超好~!', 4, '2022-02-10 02:10:11'),
(2238, 10, 251, 46, '這個價格吃到這個東西真的無可挑剔', 3, '2022-02-11 03:11:12'),
(2239, 10, 252, 46, '這個價格吃到這個東西真的無可挑剔', 3, '2022-02-11 03:11:12'),
(2240, 10, 253, 46, '這個價格吃到這個東西真的無可挑剔', 3, '2022-02-11 03:11:12'),
(2241, 10, 254, 46, '這個價格吃到這個東西真的無可挑剔', 3, '2022-02-11 03:11:12'),
(2242, 10, 255, 46, '這個價格吃到這個東西真的無可挑剔', 3, '2022-02-11 03:11:12'),
(2243, 10, 256, 46, '這個價格吃到這個東西真的無可挑剔', 3, '2022-02-11 03:11:12'),
(2244, 1, 257, 47, '超好吃的欸', 1, '2022-02-02 06:02:03'),
(2245, 1, 258, 47, '超好吃的欸', 1, '2022-02-02 06:02:03'),
(2246, 1, 259, 47, '超好吃的欸', 1, '2022-02-02 06:02:03'),
(2247, 1, 260, 47, '超好吃的欸', 1, '2022-02-02 06:02:03'),
(2248, 1, 261, 47, '超好吃的欸', 1, '2022-02-02 06:02:03'),
(2249, 2, 257, 47, '很划算', 5, '2022-02-03 07:03:04'),
(2250, 2, 258, 47, '很划算', 5, '2022-02-03 07:03:04'),
(2251, 2, 259, 47, '很划算', 5, '2022-02-03 07:03:04'),
(2252, 2, 260, 47, '很划算', 5, '2022-02-03 07:03:04'),
(2253, 2, 261, 47, '很划算', 5, '2022-02-03 07:03:04'),
(2254, 3, 257, 47, '每個禮拜都買好幾次東西超好吃', 4, '2022-02-04 08:04:05'),
(2255, 3, 258, 47, '每個禮拜都買好幾次東西超好吃', 4, '2022-02-04 08:04:05'),
(2256, 3, 259, 47, '每個禮拜都買好幾次東西超好吃', 4, '2022-02-04 08:04:05'),
(2257, 3, 260, 47, '每個禮拜都買好幾次東西超好吃', 4, '2022-02-04 08:04:05'),
(2258, 3, 261, 47, '每個禮拜都買好幾次東西超好吃', 4, '2022-02-04 08:04:05'),
(2259, 4, 257, 47, '還行吧', 4, '2022-02-05 09:05:06'),
(2260, 4, 258, 47, '還行吧', 4, '2022-02-05 09:05:06'),
(2261, 4, 259, 47, '還行吧', 4, '2022-02-05 09:05:06'),
(2262, 4, 260, 47, '還行吧', 4, '2022-02-05 09:05:06'),
(2263, 4, 261, 47, '還行吧', 4, '2022-02-05 09:05:06'),
(2264, 5, 257, 47, '老闆態度是在差什麼', 5, '2022-02-06 10:06:07'),
(2265, 5, 258, 47, '老闆態度是在差什麼', 5, '2022-02-06 10:06:07'),
(2266, 5, 259, 47, '老闆態度是在差什麼', 5, '2022-02-06 10:06:07'),
(2267, 5, 260, 47, '老闆態度是在差什麼', 5, '2022-02-06 10:06:07'),
(2268, 5, 261, 47, '老闆態度是在差什麼', 5, '2022-02-06 10:06:07'),
(2269, 6, 257, 47, '有股臭味', 5, '2022-02-07 11:07:08'),
(2270, 6, 258, 47, '有股臭味', 5, '2022-02-07 11:07:08'),
(2271, 6, 259, 47, '有股臭味', 5, '2022-02-07 11:07:08'),
(2272, 6, 260, 47, '有股臭味', 5, '2022-02-07 11:07:08'),
(2273, 6, 261, 47, '有股臭味', 5, '2022-02-07 11:07:08'),
(2274, 7, 257, 47, '不喜歡', 3, '2022-02-08 12:08:09'),
(2275, 7, 258, 47, '不喜歡', 3, '2022-02-08 12:08:09'),
(2276, 7, 259, 47, '不喜歡', 3, '2022-02-08 12:08:09'),
(2277, 7, 260, 47, '不喜歡', 3, '2022-02-08 12:08:09'),
(2278, 7, 261, 47, '不喜歡', 3, '2022-02-08 12:08:09'),
(2279, 8, 257, 47, '少給東西', 3, '2022-02-09 01:09:10'),
(2280, 8, 258, 47, '少給東西', 3, '2022-02-09 01:09:10'),
(2281, 8, 259, 47, '少給東西', 3, '2022-02-09 01:09:10'),
(2282, 8, 260, 47, '少給東西', 3, '2022-02-09 01:09:10'),
(2283, 8, 261, 47, '少給東西', 3, '2022-02-09 01:09:10'),
(2284, 9, 257, 47, '老闆人超好~!', 2, '2022-02-10 02:10:11'),
(2285, 9, 258, 47, '老闆人超好~!', 2, '2022-02-10 02:10:11'),
(2286, 9, 259, 47, '老闆人超好~!', 2, '2022-02-10 02:10:11'),
(2287, 9, 260, 47, '老闆人超好~!', 2, '2022-02-10 02:10:11'),
(2288, 9, 261, 47, '老闆人超好~!', 2, '2022-02-10 02:10:11'),
(2289, 10, 257, 47, '這個價格吃到這個東西真的無可挑剔', 2, '2022-02-11 03:11:12'),
(2290, 10, 258, 47, '這個價格吃到這個東西真的無可挑剔', 2, '2022-02-11 03:11:12'),
(2291, 10, 259, 47, '這個價格吃到這個東西真的無可挑剔', 2, '2022-02-11 03:11:12'),
(2292, 10, 260, 47, '這個價格吃到這個東西真的無可挑剔', 2, '2022-02-11 03:11:12'),
(2293, 10, 261, 47, '這個價格吃到這個東西真的無可挑剔', 2, '2022-02-11 03:11:12'),
(2294, 1, 262, 48, '超好吃的欸', 3, '2022-02-02 06:02:03'),
(2295, 1, 263, 48, '超好吃的欸', 3, '2022-02-02 06:02:03'),
(2296, 1, 264, 48, '超好吃的欸', 3, '2022-02-02 06:02:03'),
(2297, 1, 265, 48, '超好吃的欸', 3, '2022-02-02 06:02:03'),
(2298, 1, 266, 48, '超好吃的欸', 3, '2022-02-02 06:02:03'),
(2299, 2, 262, 48, '很划算', 4, '2022-02-03 07:03:04'),
(2300, 2, 263, 48, '很划算', 4, '2022-02-03 07:03:04'),
(2301, 2, 264, 48, '很划算', 4, '2022-02-03 07:03:04'),
(2302, 2, 265, 48, '很划算', 4, '2022-02-03 07:03:04'),
(2303, 2, 266, 48, '很划算', 4, '2022-02-03 07:03:04'),
(2304, 3, 262, 48, '每個禮拜都買好幾次東西超好吃', 2, '2022-02-04 08:04:05'),
(2305, 3, 263, 48, '每個禮拜都買好幾次東西超好吃', 2, '2022-02-04 08:04:05'),
(2306, 3, 264, 48, '每個禮拜都買好幾次東西超好吃', 2, '2022-02-04 08:04:05'),
(2307, 3, 265, 48, '每個禮拜都買好幾次東西超好吃', 2, '2022-02-04 08:04:05'),
(2308, 3, 266, 48, '每個禮拜都買好幾次東西超好吃', 2, '2022-02-04 08:04:05'),
(2309, 4, 262, 48, '還行吧', 2, '2022-02-05 09:05:06'),
(2310, 4, 263, 48, '還行吧', 2, '2022-02-05 09:05:06'),
(2311, 4, 264, 48, '還行吧', 2, '2022-02-05 09:05:06'),
(2312, 4, 265, 48, '還行吧', 2, '2022-02-05 09:05:06'),
(2313, 4, 266, 48, '還行吧', 2, '2022-02-05 09:05:06'),
(2314, 5, 262, 48, '老闆態度是在差什麼', 5, '2022-02-06 10:06:07'),
(2315, 5, 263, 48, '老闆態度是在差什麼', 5, '2022-02-06 10:06:07'),
(2316, 5, 264, 48, '老闆態度是在差什麼', 5, '2022-02-06 10:06:07'),
(2317, 5, 265, 48, '老闆態度是在差什麼', 5, '2022-02-06 10:06:07'),
(2318, 5, 266, 48, '老闆態度是在差什麼', 5, '2022-02-06 10:06:07'),
(2319, 6, 262, 48, '有股臭味', 4, '2022-02-07 11:07:08'),
(2320, 6, 263, 48, '有股臭味', 4, '2022-02-07 11:07:08'),
(2321, 6, 264, 48, '有股臭味', 4, '2022-02-07 11:07:08'),
(2322, 6, 265, 48, '有股臭味', 4, '2022-02-07 11:07:08'),
(2323, 6, 266, 48, '有股臭味', 4, '2022-02-07 11:07:08'),
(2324, 7, 262, 48, '不喜歡', 1, '2022-02-08 12:08:09'),
(2325, 7, 263, 48, '不喜歡', 1, '2022-02-08 12:08:09'),
(2326, 7, 264, 48, '不喜歡', 1, '2022-02-08 12:08:09'),
(2327, 7, 265, 48, '不喜歡', 1, '2022-02-08 12:08:09'),
(2328, 7, 266, 48, '不喜歡', 1, '2022-02-08 12:08:09'),
(2329, 8, 262, 48, '少給東西', 1, '2022-02-09 01:09:10'),
(2330, 8, 263, 48, '少給東西', 1, '2022-02-09 01:09:10'),
(2331, 8, 264, 48, '少給東西', 1, '2022-02-09 01:09:10'),
(2332, 8, 265, 48, '少給東西', 1, '2022-02-09 01:09:10'),
(2333, 8, 266, 48, '少給東西', 1, '2022-02-09 01:09:10'),
(2334, 9, 262, 48, '老闆人超好~!', 2, '2022-02-10 02:10:11'),
(2335, 9, 263, 48, '老闆人超好~!', 2, '2022-02-10 02:10:11'),
(2336, 9, 264, 48, '老闆人超好~!', 2, '2022-02-10 02:10:11'),
(2337, 9, 265, 48, '老闆人超好~!', 2, '2022-02-10 02:10:11'),
(2338, 9, 266, 48, '老闆人超好~!', 2, '2022-02-10 02:10:11'),
(2339, 10, 262, 48, '這個價格吃到這個東西真的無可挑剔', 4, '2022-02-11 03:11:12'),
(2340, 10, 263, 48, '這個價格吃到這個東西真的無可挑剔', 4, '2022-02-11 03:11:12'),
(2341, 10, 264, 48, '這個價格吃到這個東西真的無可挑剔', 4, '2022-02-11 03:11:12'),
(2342, 10, 265, 48, '這個價格吃到這個東西真的無可挑剔', 4, '2022-02-11 03:11:12'),
(2343, 10, 266, 48, '這個價格吃到這個東西真的無可挑剔', 4, '2022-02-11 03:11:12'),
(2344, 1, 267, 49, '超好吃的欸', 4, '2022-02-02 06:02:03'),
(2345, 1, 268, 49, '超好吃的欸', 4, '2022-02-02 06:02:03'),
(2346, 1, 269, 49, '超好吃的欸', 4, '2022-02-02 06:02:03'),
(2347, 1, 270, 49, '超好吃的欸', 4, '2022-02-02 06:02:03'),
(2348, 1, 271, 49, '超好吃的欸', 4, '2022-02-02 06:02:03'),
(2349, 2, 267, 49, '很划算', 3, '2022-02-03 07:03:04'),
(2350, 2, 268, 49, '很划算', 3, '2022-02-03 07:03:04'),
(2351, 2, 269, 49, '很划算', 3, '2022-02-03 07:03:04'),
(2352, 2, 270, 49, '很划算', 3, '2022-02-03 07:03:04'),
(2353, 2, 271, 49, '很划算', 3, '2022-02-03 07:03:04'),
(2354, 3, 267, 49, '每個禮拜都買好幾次東西超好吃', 2, '2022-02-04 08:04:05'),
(2355, 3, 268, 49, '每個禮拜都買好幾次東西超好吃', 2, '2022-02-04 08:04:05'),
(2356, 3, 269, 49, '每個禮拜都買好幾次東西超好吃', 2, '2022-02-04 08:04:05'),
(2357, 3, 270, 49, '每個禮拜都買好幾次東西超好吃', 2, '2022-02-04 08:04:05'),
(2358, 3, 271, 49, '每個禮拜都買好幾次東西超好吃', 2, '2022-02-04 08:04:05'),
(2359, 4, 267, 49, '還行吧', 3, '2022-02-05 09:05:06'),
(2360, 4, 268, 49, '還行吧', 3, '2022-02-05 09:05:06'),
(2361, 4, 269, 49, '還行吧', 3, '2022-02-05 09:05:06'),
(2362, 4, 270, 49, '還行吧', 3, '2022-02-05 09:05:06'),
(2363, 4, 271, 49, '還行吧', 3, '2022-02-05 09:05:06'),
(2364, 5, 267, 49, '老闆態度是在差什麼', 2, '2022-02-06 10:06:07'),
(2365, 5, 268, 49, '老闆態度是在差什麼', 2, '2022-02-06 10:06:07'),
(2366, 5, 269, 49, '老闆態度是在差什麼', 2, '2022-02-06 10:06:07'),
(2367, 5, 270, 49, '老闆態度是在差什麼', 2, '2022-02-06 10:06:07'),
(2368, 5, 271, 49, '老闆態度是在差什麼', 2, '2022-02-06 10:06:07'),
(2369, 6, 267, 49, '有股臭味', 3, '2022-02-07 11:07:08'),
(2370, 6, 268, 49, '有股臭味', 3, '2022-02-07 11:07:08'),
(2371, 6, 269, 49, '有股臭味', 3, '2022-02-07 11:07:08'),
(2372, 6, 270, 49, '有股臭味', 3, '2022-02-07 11:07:08'),
(2373, 6, 271, 49, '有股臭味', 3, '2022-02-07 11:07:08'),
(2374, 7, 267, 49, '不喜歡', 2, '2022-02-08 12:08:09'),
(2375, 7, 268, 49, '不喜歡', 2, '2022-02-08 12:08:09'),
(2376, 7, 269, 49, '不喜歡', 2, '2022-02-08 12:08:09'),
(2377, 7, 270, 49, '不喜歡', 2, '2022-02-08 12:08:09'),
(2378, 7, 271, 49, '不喜歡', 2, '2022-02-08 12:08:09'),
(2379, 8, 267, 49, '少給東西', 5, '2022-02-09 01:09:10'),
(2380, 8, 268, 49, '少給東西', 5, '2022-02-09 01:09:10'),
(2381, 8, 269, 49, '少給東西', 5, '2022-02-09 01:09:10'),
(2382, 8, 270, 49, '少給東西', 5, '2022-02-09 01:09:10'),
(2383, 8, 271, 49, '少給東西', 5, '2022-02-09 01:09:10'),
(2384, 9, 267, 49, '老闆人超好~!', 3, '2022-02-10 02:10:11'),
(2385, 9, 268, 49, '老闆人超好~!', 3, '2022-02-10 02:10:11'),
(2386, 9, 269, 49, '老闆人超好~!', 3, '2022-02-10 02:10:11'),
(2387, 9, 270, 49, '老闆人超好~!', 3, '2022-02-10 02:10:11'),
(2388, 9, 271, 49, '老闆人超好~!', 3, '2022-02-10 02:10:11'),
(2389, 10, 267, 49, '這個價格吃到這個東西真的無可挑剔', 3, '2022-02-11 03:11:12'),
(2390, 10, 268, 49, '這個價格吃到這個東西真的無可挑剔', 3, '2022-02-11 03:11:12'),
(2391, 10, 269, 49, '這個價格吃到這個東西真的無可挑剔', 3, '2022-02-11 03:11:12'),
(2392, 10, 270, 49, '這個價格吃到這個東西真的無可挑剔', 3, '2022-02-11 03:11:12'),
(2393, 10, 271, 49, '這個價格吃到這個東西真的無可挑剔', 3, '2022-02-11 03:11:12'),
(2394, 1, 272, 50, '超好吃的欸', 3, '2022-02-02 06:02:03'),
(2395, 1, 273, 50, '超好吃的欸', 3, '2022-02-02 06:02:03'),
(2396, 1, 274, 50, '超好吃的欸', 3, '2022-02-02 06:02:03'),
(2397, 1, 275, 50, '超好吃的欸', 3, '2022-02-02 06:02:03'),
(2398, 1, 276, 50, '超好吃的欸', 3, '2022-02-02 06:02:03'),
(2399, 2, 272, 50, '很划算', 2, '2022-02-03 07:03:04'),
(2400, 2, 273, 50, '很划算', 2, '2022-02-03 07:03:04'),
(2401, 2, 274, 50, '很划算', 2, '2022-02-03 07:03:04'),
(2402, 2, 275, 50, '很划算', 2, '2022-02-03 07:03:04'),
(2403, 2, 276, 50, '很划算', 2, '2022-02-03 07:03:04'),
(2404, 3, 272, 50, '每個禮拜都買好幾次東西超好吃', 3, '2022-02-04 08:04:05'),
(2405, 3, 273, 50, '每個禮拜都買好幾次東西超好吃', 3, '2022-02-04 08:04:05'),
(2406, 3, 274, 50, '每個禮拜都買好幾次東西超好吃', 3, '2022-02-04 08:04:05'),
(2407, 3, 275, 50, '每個禮拜都買好幾次東西超好吃', 3, '2022-02-04 08:04:05'),
(2408, 3, 276, 50, '每個禮拜都買好幾次東西超好吃', 3, '2022-02-04 08:04:05'),
(2409, 4, 272, 50, '還行吧', 2, '2022-02-05 09:05:06'),
(2410, 4, 273, 50, '還行吧', 2, '2022-02-05 09:05:06'),
(2411, 4, 274, 50, '還行吧', 2, '2022-02-05 09:05:06'),
(2412, 4, 275, 50, '還行吧', 2, '2022-02-05 09:05:06'),
(2413, 4, 276, 50, '還行吧', 2, '2022-02-05 09:05:06'),
(2414, 5, 272, 50, '老闆態度是在差什麼', 2, '2022-02-06 10:06:07'),
(2415, 5, 273, 50, '老闆態度是在差什麼', 2, '2022-02-06 10:06:07'),
(2416, 5, 274, 50, '老闆態度是在差什麼', 2, '2022-02-06 10:06:07'),
(2417, 5, 275, 50, '老闆態度是在差什麼', 2, '2022-02-06 10:06:07'),
(2418, 5, 276, 50, '老闆態度是在差什麼', 2, '2022-02-06 10:06:07'),
(2419, 6, 272, 50, '有股臭味', 3, '2022-02-07 11:07:08'),
(2420, 6, 273, 50, '有股臭味', 3, '2022-02-07 11:07:08'),
(2421, 6, 274, 50, '有股臭味', 3, '2022-02-07 11:07:08'),
(2422, 6, 275, 50, '有股臭味', 3, '2022-02-07 11:07:08'),
(2423, 6, 276, 50, '有股臭味', 3, '2022-02-07 11:07:08'),
(2424, 7, 272, 50, '不喜歡', 1, '2022-02-08 12:08:09'),
(2425, 7, 273, 50, '不喜歡', 1, '2022-02-08 12:08:09'),
(2426, 7, 274, 50, '不喜歡', 1, '2022-02-08 12:08:09'),
(2427, 7, 275, 50, '不喜歡', 1, '2022-02-08 12:08:09'),
(2428, 7, 276, 50, '不喜歡', 1, '2022-02-08 12:08:09'),
(2429, 8, 272, 50, '少給東西', 5, '2022-02-09 01:09:10'),
(2430, 8, 273, 50, '少給東西', 5, '2022-02-09 01:09:10'),
(2431, 8, 274, 50, '少給東西', 5, '2022-02-09 01:09:10'),
(2432, 8, 275, 50, '少給東西', 5, '2022-02-09 01:09:10'),
(2433, 8, 276, 50, '少給東西', 5, '2022-02-09 01:09:10'),
(2434, 9, 272, 50, '老闆人超好~!', 2, '2022-02-10 02:10:11'),
(2435, 9, 273, 50, '老闆人超好~!', 2, '2022-02-10 02:10:11'),
(2436, 9, 274, 50, '老闆人超好~!', 2, '2022-02-10 02:10:11'),
(2437, 9, 275, 50, '老闆人超好~!', 2, '2022-02-10 02:10:11'),
(2438, 9, 276, 50, '老闆人超好~!', 2, '2022-02-10 02:10:11'),
(2439, 10, 272, 50, '這個價格吃到這個東西真的無可挑剔', 4, '2022-02-11 03:11:12'),
(2440, 10, 273, 50, '這個價格吃到這個東西真的無可挑剔', 4, '2022-02-11 03:11:12'),
(2441, 10, 274, 50, '這個價格吃到這個東西真的無可挑剔', 4, '2022-02-11 03:11:12'),
(2442, 10, 275, 50, '這個價格吃到這個東西真的無可挑剔', 4, '2022-02-11 03:11:12'),
(2443, 10, 276, 50, '這個價格吃到這個東西真的無可挑剔', 4, '2022-02-11 03:11:12'),
(2444, 1, 279, 51, '超好吃的欸', 3, '2022-02-02 06:02:03'),
(2445, 1, 280, 51, '超好吃的欸', 3, '2022-02-02 06:02:03'),
(2446, 2, 279, 51, '很划算', 4, '2022-02-03 07:03:04'),
(2447, 2, 280, 51, '很划算', 4, '2022-02-03 07:03:04'),
(2448, 3, 279, 51, '每個禮拜都買好幾次東西超好吃', 3, '2022-02-04 08:04:05'),
(2449, 3, 280, 51, '每個禮拜都買好幾次東西超好吃', 3, '2022-02-04 08:04:05'),
(2450, 4, 279, 51, '還行吧', 5, '2022-02-05 09:05:06'),
(2451, 4, 280, 51, '還行吧', 5, '2022-02-05 09:05:06'),
(2452, 5, 279, 51, '老闆態度是在差什麼', 1, '2022-02-06 10:06:07'),
(2453, 5, 280, 51, '老闆態度是在差什麼', 1, '2022-02-06 10:06:07'),
(2454, 6, 279, 51, '有股臭味', 1, '2022-02-07 11:07:08'),
(2455, 6, 280, 51, '有股臭味', 1, '2022-02-07 11:07:08'),
(2456, 7, 279, 51, '不喜歡', 4, '2022-02-08 12:08:09'),
(2457, 7, 280, 51, '不喜歡', 4, '2022-02-08 12:08:09'),
(2458, 8, 279, 51, '少給東西', 4, '2022-02-09 01:09:10'),
(2459, 8, 280, 51, '少給東西', 4, '2022-02-09 01:09:10'),
(2460, 9, 279, 51, '老闆人超好~!', 1, '2022-02-10 02:10:11'),
(2461, 9, 280, 51, '老闆人超好~!', 1, '2022-02-10 02:10:11'),
(2462, 10, 279, 51, '這個價格吃到這個東西真的無可挑剔', 2, '2022-02-11 03:11:12'),
(2463, 10, 280, 51, '這個價格吃到這個東西真的無可挑剔', 2, '2022-02-11 03:11:12'),
(2464, 1, 277, 52, '超好吃的欸', 1, '2022-02-02 06:02:03'),
(2465, 1, 278, 52, '超好吃的欸', 1, '2022-02-02 06:02:03'),
(2466, 2, 277, 52, '很划算', 2, '2022-02-03 07:03:04'),
(2467, 2, 278, 52, '很划算', 2, '2022-02-03 07:03:04'),
(2468, 3, 277, 52, '每個禮拜都買好幾次東西超好吃', 2, '2022-02-04 08:04:05'),
(2469, 3, 278, 52, '每個禮拜都買好幾次東西超好吃', 2, '2022-02-04 08:04:05'),
(2470, 4, 277, 52, '還行吧', 1, '2022-02-05 09:05:06'),
(2471, 4, 278, 52, '還行吧', 1, '2022-02-05 09:05:06'),
(2472, 5, 277, 52, '老闆態度是在差什麼', 1, '2022-02-06 10:06:07'),
(2473, 5, 278, 52, '老闆態度是在差什麼', 1, '2022-02-06 10:06:07'),
(2474, 6, 277, 52, '有股臭味', 3, '2022-02-07 11:07:08'),
(2475, 6, 278, 52, '有股臭味', 3, '2022-02-07 11:07:08'),
(2476, 7, 277, 52, '不喜歡', 4, '2022-02-08 12:08:09'),
(2477, 7, 278, 52, '不喜歡', 4, '2022-02-08 12:08:09'),
(2478, 8, 277, 52, '少給東西', 2, '2022-02-09 01:09:10'),
(2479, 8, 278, 52, '少給東西', 2, '2022-02-09 01:09:10'),
(2480, 9, 277, 52, '老闆人超好~!', 1, '2022-02-10 02:10:11'),
(2481, 9, 278, 52, '老闆人超好~!', 1, '2022-02-10 02:10:11'),
(2482, 10, 277, 52, '這個價格吃到這個東西真的無可挑剔', 3, '2022-02-11 03:11:12'),
(2483, 10, 278, 52, '這個價格吃到這個東西真的無可挑剔', 3, '2022-02-11 03:11:12'),
(2484, 1, 340, 53, '超好吃的欸', 4, '2022-02-02 06:02:03'),
(2485, 1, 341, 53, '超好吃的欸', 4, '2022-02-02 06:02:03'),
(2486, 1, 342, 53, '超好吃的欸', 4, '2022-02-02 06:02:03'),
(2487, 2, 340, 53, '很划算', 1, '2022-02-03 07:03:04'),
(2488, 2, 341, 53, '很划算', 1, '2022-02-03 07:03:04'),
(2489, 2, 342, 53, '很划算', 1, '2022-02-03 07:03:04'),
(2490, 3, 340, 53, '每個禮拜都買好幾次東西超好吃', 5, '2022-02-04 08:04:05'),
(2491, 3, 341, 53, '每個禮拜都買好幾次東西超好吃', 5, '2022-02-04 08:04:05'),
(2492, 3, 342, 53, '每個禮拜都買好幾次東西超好吃', 5, '2022-02-04 08:04:05'),
(2493, 4, 340, 53, '還行吧', 3, '2022-02-05 09:05:06'),
(2494, 4, 341, 53, '還行吧', 3, '2022-02-05 09:05:06'),
(2495, 4, 342, 53, '還行吧', 3, '2022-02-05 09:05:06'),
(2496, 5, 340, 53, '老闆態度是在差什麼', 1, '2022-02-06 10:06:07'),
(2497, 5, 341, 53, '老闆態度是在差什麼', 1, '2022-02-06 10:06:07'),
(2498, 5, 342, 53, '老闆態度是在差什麼', 1, '2022-02-06 10:06:07'),
(2499, 6, 340, 53, '有股臭味', 3, '2022-02-07 11:07:08'),
(2500, 6, 341, 53, '有股臭味', 3, '2022-02-07 11:07:08'),
(2501, 6, 342, 53, '有股臭味', 3, '2022-02-07 11:07:08'),
(2502, 7, 340, 53, '不喜歡', 1, '2022-02-08 12:08:09'),
(2503, 7, 341, 53, '不喜歡', 1, '2022-02-08 12:08:09'),
(2504, 7, 342, 53, '不喜歡', 1, '2022-02-08 12:08:09'),
(2505, 8, 340, 53, '少給東西', 2, '2022-02-09 01:09:10'),
(2506, 8, 341, 53, '少給東西', 2, '2022-02-09 01:09:10'),
(2507, 8, 342, 53, '少給東西', 2, '2022-02-09 01:09:10'),
(2508, 9, 340, 53, '老闆人超好~!', 1, '2022-02-10 02:10:11'),
(2509, 9, 341, 53, '老闆人超好~!', 1, '2022-02-10 02:10:11'),
(2510, 9, 342, 53, '老闆人超好~!', 1, '2022-02-10 02:10:11'),
(2511, 10, 340, 53, '這個價格吃到這個東西真的無可挑剔', 1, '2022-02-11 03:11:12'),
(2512, 10, 341, 53, '這個價格吃到這個東西真的無可挑剔', 1, '2022-02-11 03:11:12'),
(2513, 10, 342, 53, '這個價格吃到這個東西真的無可挑剔', 1, '2022-02-11 03:11:12'),
(2514, 1, 343, 54, '超好吃的欸', 2, '2022-02-02 06:02:03'),
(2515, 1, 344, 54, '超好吃的欸', 2, '2022-02-02 06:02:03'),
(2516, 1, 345, 54, '超好吃的欸', 2, '2022-02-02 06:02:03'),
(2517, 2, 343, 54, '很划算', 5, '2022-02-03 07:03:04'),
(2518, 2, 344, 54, '很划算', 5, '2022-02-03 07:03:04'),
(2519, 2, 345, 54, '很划算', 5, '2022-02-03 07:03:04'),
(2520, 3, 343, 54, '每個禮拜都買好幾次東西超好吃', 3, '2022-02-04 08:04:05'),
(2521, 3, 344, 54, '每個禮拜都買好幾次東西超好吃', 3, '2022-02-04 08:04:05'),
(2522, 3, 345, 54, '每個禮拜都買好幾次東西超好吃', 3, '2022-02-04 08:04:05'),
(2523, 4, 343, 54, '還行吧', 1, '2022-02-05 09:05:06'),
(2524, 4, 344, 54, '還行吧', 1, '2022-02-05 09:05:06'),
(2525, 4, 345, 54, '還行吧', 1, '2022-02-05 09:05:06'),
(2526, 5, 343, 54, '老闆態度是在差什麼', 5, '2022-02-06 10:06:07'),
(2527, 5, 344, 54, '老闆態度是在差什麼', 5, '2022-02-06 10:06:07'),
(2528, 5, 345, 54, '老闆態度是在差什麼', 5, '2022-02-06 10:06:07'),
(2529, 6, 343, 54, '有股臭味', 1, '2022-02-07 11:07:08'),
(2530, 6, 344, 54, '有股臭味', 1, '2022-02-07 11:07:08'),
(2531, 6, 345, 54, '有股臭味', 1, '2022-02-07 11:07:08'),
(2532, 7, 343, 54, '不喜歡', 2, '2022-02-08 12:08:09'),
(2533, 7, 344, 54, '不喜歡', 2, '2022-02-08 12:08:09'),
(2534, 7, 345, 54, '不喜歡', 2, '2022-02-08 12:08:09'),
(2535, 8, 343, 54, '少給東西', 4, '2022-02-09 01:09:10'),
(2536, 8, 344, 54, '少給東西', 4, '2022-02-09 01:09:10'),
(2537, 8, 345, 54, '少給東西', 4, '2022-02-09 01:09:10'),
(2538, 9, 343, 54, '老闆人超好~!', 1, '2022-02-10 02:10:11'),
(2539, 9, 344, 54, '老闆人超好~!', 1, '2022-02-10 02:10:11'),
(2540, 9, 345, 54, '老闆人超好~!', 1, '2022-02-10 02:10:11'),
(2541, 10, 343, 54, '這個價格吃到這個東西真的無可挑剔', 2, '2022-02-11 03:11:12'),
(2542, 10, 344, 54, '這個價格吃到這個東西真的無可挑剔', 2, '2022-02-11 03:11:12'),
(2543, 10, 345, 54, '這個價格吃到這個東西真的無可挑剔', 2, '2022-02-11 03:11:12'),
(2544, 1, 346, 55, '超好吃的欸', 2, '2022-02-02 06:02:03'),
(2545, 1, 347, 55, '超好吃的欸', 2, '2022-02-02 06:02:03'),
(2546, 1, 348, 55, '超好吃的欸', 2, '2022-02-02 06:02:03'),
(2547, 2, 346, 55, '很划算', 1, '2022-02-03 07:03:04'),
(2548, 2, 347, 55, '很划算', 1, '2022-02-03 07:03:04'),
(2549, 2, 348, 55, '很划算', 1, '2022-02-03 07:03:04'),
(2550, 3, 346, 55, '每個禮拜都買好幾次東西超好吃', 1, '2022-02-04 08:04:05'),
(2551, 3, 347, 55, '每個禮拜都買好幾次東西超好吃', 1, '2022-02-04 08:04:05'),
(2552, 3, 348, 55, '每個禮拜都買好幾次東西超好吃', 1, '2022-02-04 08:04:05'),
(2553, 4, 346, 55, '還行吧', 2, '2022-02-05 09:05:06'),
(2554, 4, 347, 55, '還行吧', 2, '2022-02-05 09:05:06'),
(2555, 4, 348, 55, '還行吧', 2, '2022-02-05 09:05:06'),
(2556, 5, 346, 55, '老闆態度是在差什麼', 2, '2022-02-06 10:06:07'),
(2557, 5, 347, 55, '老闆態度是在差什麼', 2, '2022-02-06 10:06:07'),
(2558, 5, 348, 55, '老闆態度是在差什麼', 2, '2022-02-06 10:06:07'),
(2559, 6, 346, 55, '有股臭味', 1, '2022-02-07 11:07:08'),
(2560, 6, 347, 55, '有股臭味', 1, '2022-02-07 11:07:08'),
(2561, 6, 348, 55, '有股臭味', 1, '2022-02-07 11:07:08'),
(2562, 7, 346, 55, '不喜歡', 3, '2022-02-08 12:08:09'),
(2563, 7, 347, 55, '不喜歡', 3, '2022-02-08 12:08:09'),
(2564, 7, 348, 55, '不喜歡', 3, '2022-02-08 12:08:09'),
(2565, 8, 346, 55, '少給東西', 3, '2022-02-09 01:09:10'),
(2566, 8, 347, 55, '少給東西', 3, '2022-02-09 01:09:10'),
(2567, 8, 348, 55, '少給東西', 3, '2022-02-09 01:09:10'),
(2568, 9, 346, 55, '老闆人超好~!', 1, '2022-02-10 02:10:11'),
(2569, 9, 347, 55, '老闆人超好~!', 1, '2022-02-10 02:10:11'),
(2570, 9, 348, 55, '老闆人超好~!', 1, '2022-02-10 02:10:11'),
(2571, 10, 346, 55, '這個價格吃到這個東西真的無可挑剔', 2, '2022-02-11 03:11:12'),
(2572, 10, 347, 55, '這個價格吃到這個東西真的無可挑剔', 2, '2022-02-11 03:11:12'),
(2573, 10, 348, 55, '這個價格吃到這個東西真的無可挑剔', 2, '2022-02-11 03:11:12'),
(2574, 1, 281, 56, '超好吃的欸', 4, '2022-02-02 06:02:03'),
(2575, 1, 282, 56, '超好吃的欸', 4, '2022-02-02 06:02:03'),
(2576, 1, 283, 56, '超好吃的欸', 4, '2022-02-02 06:02:03'),
(2577, 2, 281, 56, '很划算', 4, '2022-02-03 07:03:04'),
(2578, 2, 282, 56, '很划算', 4, '2022-02-03 07:03:04'),
(2579, 2, 283, 56, '很划算', 4, '2022-02-03 07:03:04'),
(2580, 3, 281, 56, '每個禮拜都買好幾次東西超好吃', 3, '2022-02-04 08:04:05'),
(2581, 3, 282, 56, '每個禮拜都買好幾次東西超好吃', 3, '2022-02-04 08:04:05'),
(2582, 3, 283, 56, '每個禮拜都買好幾次東西超好吃', 3, '2022-02-04 08:04:05'),
(2583, 4, 281, 56, '還行吧', 5, '2022-02-05 09:05:06'),
(2584, 4, 282, 56, '還行吧', 5, '2022-02-05 09:05:06'),
(2585, 4, 283, 56, '還行吧', 5, '2022-02-05 09:05:06'),
(2586, 5, 281, 56, '老闆態度是在差什麼', 5, '2022-02-06 10:06:07'),
(2587, 5, 282, 56, '老闆態度是在差什麼', 5, '2022-02-06 10:06:07'),
(2588, 5, 283, 56, '老闆態度是在差什麼', 5, '2022-02-06 10:06:07'),
(2589, 6, 281, 56, '有股臭味', 2, '2022-02-07 11:07:08'),
(2590, 6, 282, 56, '有股臭味', 2, '2022-02-07 11:07:08'),
(2591, 6, 283, 56, '有股臭味', 2, '2022-02-07 11:07:08'),
(2592, 7, 281, 56, '不喜歡', 5, '2022-02-08 12:08:09'),
(2593, 7, 282, 56, '不喜歡', 5, '2022-02-08 12:08:09'),
(2594, 7, 283, 56, '不喜歡', 5, '2022-02-08 12:08:09'),
(2595, 8, 281, 56, '少給東西', 2, '2022-02-09 01:09:10'),
(2596, 8, 282, 56, '少給東西', 2, '2022-02-09 01:09:10'),
(2597, 8, 283, 56, '少給東西', 2, '2022-02-09 01:09:10'),
(2598, 9, 281, 56, '老闆人超好~!', 3, '2022-02-10 02:10:11'),
(2599, 9, 282, 56, '老闆人超好~!', 3, '2022-02-10 02:10:11'),
(2600, 9, 283, 56, '老闆人超好~!', 3, '2022-02-10 02:10:11'),
(2601, 10, 281, 56, '這個價格吃到這個東西真的無可挑剔', 4, '2022-02-11 03:11:12'),
(2602, 10, 282, 56, '這個價格吃到這個東西真的無可挑剔', 4, '2022-02-11 03:11:12'),
(2603, 10, 283, 56, '這個價格吃到這個東西真的無可挑剔', 4, '2022-02-11 03:11:12'),
(2604, 1, 284, 57, '超好吃的欸', 1, '2022-02-02 06:02:03'),
(2605, 1, 285, 57, '超好吃的欸', 1, '2022-02-02 06:02:03'),
(2606, 1, 286, 57, '超好吃的欸', 1, '2022-02-02 06:02:03'),
(2607, 2, 284, 57, '很划算', 2, '2022-02-03 07:03:04'),
(2608, 2, 285, 57, '很划算', 2, '2022-02-03 07:03:04'),
(2609, 2, 286, 57, '很划算', 2, '2022-02-03 07:03:04'),
(2610, 3, 284, 57, '每個禮拜都買好幾次東西超好吃', 4, '2022-02-04 08:04:05'),
(2611, 3, 285, 57, '每個禮拜都買好幾次東西超好吃', 4, '2022-02-04 08:04:05'),
(2612, 3, 286, 57, '每個禮拜都買好幾次東西超好吃', 4, '2022-02-04 08:04:05'),
(2613, 4, 284, 57, '還行吧', 3, '2022-02-05 09:05:06'),
(2614, 4, 285, 57, '還行吧', 3, '2022-02-05 09:05:06'),
(2615, 4, 286, 57, '還行吧', 3, '2022-02-05 09:05:06'),
(2616, 5, 284, 57, '老闆態度是在差什麼', 1, '2022-02-06 10:06:07'),
(2617, 5, 285, 57, '老闆態度是在差什麼', 1, '2022-02-06 10:06:07'),
(2618, 5, 286, 57, '老闆態度是在差什麼', 1, '2022-02-06 10:06:07'),
(2619, 6, 284, 57, '有股臭味', 5, '2022-02-07 11:07:08'),
(2620, 6, 285, 57, '有股臭味', 5, '2022-02-07 11:07:08'),
(2621, 6, 286, 57, '有股臭味', 5, '2022-02-07 11:07:08'),
(2622, 7, 284, 57, '不喜歡', 5, '2022-02-08 12:08:09'),
(2623, 7, 285, 57, '不喜歡', 5, '2022-02-08 12:08:09'),
(2624, 7, 286, 57, '不喜歡', 5, '2022-02-08 12:08:09'),
(2625, 8, 284, 57, '少給東西', 2, '2022-02-09 01:09:10'),
(2626, 8, 285, 57, '少給東西', 2, '2022-02-09 01:09:10'),
(2627, 8, 286, 57, '少給東西', 2, '2022-02-09 01:09:10'),
(2628, 9, 284, 57, '老闆人超好~!', 1, '2022-02-10 02:10:11'),
(2629, 9, 285, 57, '老闆人超好~!', 1, '2022-02-10 02:10:11'),
(2630, 9, 286, 57, '老闆人超好~!', 1, '2022-02-10 02:10:11'),
(2631, 10, 284, 57, '這個價格吃到這個東西真的無可挑剔', 2, '2022-02-11 03:11:12'),
(2632, 10, 285, 57, '這個價格吃到這個東西真的無可挑剔', 2, '2022-02-11 03:11:12'),
(2633, 10, 286, 57, '這個價格吃到這個東西真的無可挑剔', 2, '2022-02-11 03:11:12'),
(2634, 1, 287, 58, '超好吃的欸', 4, '2022-02-02 06:02:03'),
(2635, 1, 288, 58, '超好吃的欸', 4, '2022-02-02 06:02:03'),
(2636, 1, 289, 58, '超好吃的欸', 4, '2022-02-02 06:02:03'),
(2637, 2, 287, 58, '很划算', 5, '2022-02-03 07:03:04'),
(2638, 2, 288, 58, '很划算', 5, '2022-02-03 07:03:04'),
(2639, 2, 289, 58, '很划算', 5, '2022-02-03 07:03:04'),
(2640, 3, 287, 58, '每個禮拜都買好幾次東西超好吃', 4, '2022-02-04 08:04:05'),
(2641, 3, 288, 58, '每個禮拜都買好幾次東西超好吃', 4, '2022-02-04 08:04:05'),
(2642, 3, 289, 58, '每個禮拜都買好幾次東西超好吃', 4, '2022-02-04 08:04:05'),
(2643, 4, 287, 58, '還行吧', 1, '2022-02-05 09:05:06'),
(2644, 4, 288, 58, '還行吧', 1, '2022-02-05 09:05:06'),
(2645, 4, 289, 58, '還行吧', 1, '2022-02-05 09:05:06'),
(2646, 5, 287, 58, '老闆態度是在差什麼', 5, '2022-02-06 10:06:07'),
(2647, 5, 288, 58, '老闆態度是在差什麼', 5, '2022-02-06 10:06:07'),
(2648, 5, 289, 58, '老闆態度是在差什麼', 5, '2022-02-06 10:06:07'),
(2649, 6, 287, 58, '有股臭味', 2, '2022-02-07 11:07:08'),
(2650, 6, 288, 58, '有股臭味', 2, '2022-02-07 11:07:08'),
(2651, 6, 289, 58, '有股臭味', 2, '2022-02-07 11:07:08'),
(2652, 7, 287, 58, '不喜歡', 4, '2022-02-08 12:08:09'),
(2653, 7, 288, 58, '不喜歡', 4, '2022-02-08 12:08:09'),
(2654, 7, 289, 58, '不喜歡', 4, '2022-02-08 12:08:09'),
(2655, 8, 287, 58, '少給東西', 2, '2022-02-09 01:09:10'),
(2656, 8, 288, 58, '少給東西', 2, '2022-02-09 01:09:10'),
(2657, 8, 289, 58, '少給東西', 2, '2022-02-09 01:09:10'),
(2658, 9, 287, 58, '老闆人超好~!', 4, '2022-02-10 02:10:11'),
(2659, 9, 288, 58, '老闆人超好~!', 4, '2022-02-10 02:10:11'),
(2660, 9, 289, 58, '老闆人超好~!', 4, '2022-02-10 02:10:11'),
(2661, 10, 287, 58, '這個價格吃到這個東西真的無可挑剔', 4, '2022-02-11 03:11:12'),
(2662, 10, 288, 58, '這個價格吃到這個東西真的無可挑剔', 4, '2022-02-11 03:11:12'),
(2663, 10, 289, 58, '這個價格吃到這個東西真的無可挑剔', 4, '2022-02-11 03:11:12'),
(2664, 1, 290, 59, '超好吃的欸', 5, '2022-02-02 06:02:03'),
(2665, 1, 291, 59, '超好吃的欸', 5, '2022-02-02 06:02:03'),
(2666, 1, 292, 59, '超好吃的欸', 5, '2022-02-02 06:02:03'),
(2667, 2, 290, 59, '很划算', 4, '2022-02-03 07:03:04'),
(2668, 2, 291, 59, '很划算', 4, '2022-02-03 07:03:04'),
(2669, 2, 292, 59, '很划算', 4, '2022-02-03 07:03:04'),
(2670, 3, 290, 59, '每個禮拜都買好幾次東西超好吃', 5, '2022-02-04 08:04:05'),
(2671, 3, 291, 59, '每個禮拜都買好幾次東西超好吃', 5, '2022-02-04 08:04:05'),
(2672, 3, 292, 59, '每個禮拜都買好幾次東西超好吃', 5, '2022-02-04 08:04:05'),
(2673, 4, 290, 59, '還行吧', 3, '2022-02-05 09:05:06'),
(2674, 4, 291, 59, '還行吧', 3, '2022-02-05 09:05:06'),
(2675, 4, 292, 59, '還行吧', 3, '2022-02-05 09:05:06'),
(2676, 5, 290, 59, '老闆態度是在差什麼', 4, '2022-02-06 10:06:07'),
(2677, 5, 291, 59, '老闆態度是在差什麼', 4, '2022-02-06 10:06:07'),
(2678, 5, 292, 59, '老闆態度是在差什麼', 4, '2022-02-06 10:06:07'),
(2679, 6, 290, 59, '有股臭味', 4, '2022-02-07 11:07:08'),
(2680, 6, 291, 59, '有股臭味', 4, '2022-02-07 11:07:08'),
(2681, 6, 292, 59, '有股臭味', 4, '2022-02-07 11:07:08'),
(2682, 7, 290, 59, '不喜歡', 3, '2022-02-08 12:08:09'),
(2683, 7, 291, 59, '不喜歡', 3, '2022-02-08 12:08:09'),
(2684, 7, 292, 59, '不喜歡', 3, '2022-02-08 12:08:09'),
(2685, 8, 290, 59, '少給東西', 1, '2022-02-09 01:09:10'),
(2686, 8, 291, 59, '少給東西', 1, '2022-02-09 01:09:10'),
(2687, 8, 292, 59, '少給東西', 1, '2022-02-09 01:09:10'),
(2688, 9, 290, 59, '老闆人超好~!', 2, '2022-02-10 02:10:11'),
(2689, 9, 291, 59, '老闆人超好~!', 2, '2022-02-10 02:10:11'),
(2690, 9, 292, 59, '老闆人超好~!', 2, '2022-02-10 02:10:11'),
(2691, 10, 290, 59, '這個價格吃到這個東西真的無可挑剔', 3, '2022-02-11 03:11:12'),
(2692, 10, 291, 59, '這個價格吃到這個東西真的無可挑剔', 3, '2022-02-11 03:11:12'),
(2693, 10, 292, 59, '這個價格吃到這個東西真的無可挑剔', 3, '2022-02-11 03:11:12'),
(2694, 1, 293, 60, '超好吃的欸', 3, '2022-02-02 06:02:03'),
(2695, 1, 294, 60, '超好吃的欸', 3, '2022-02-02 06:02:03'),
(2696, 1, 295, 60, '超好吃的欸', 3, '2022-02-02 06:02:03'),
(2697, 2, 293, 60, '很划算', 4, '2022-02-03 07:03:04'),
(2698, 2, 294, 60, '很划算', 4, '2022-02-03 07:03:04'),
(2699, 2, 295, 60, '很划算', 4, '2022-02-03 07:03:04'),
(2700, 3, 293, 60, '每個禮拜都買好幾次東西超好吃', 2, '2022-02-04 08:04:05'),
(2701, 3, 294, 60, '每個禮拜都買好幾次東西超好吃', 2, '2022-02-04 08:04:05'),
(2702, 3, 295, 60, '每個禮拜都買好幾次東西超好吃', 2, '2022-02-04 08:04:05'),
(2703, 4, 293, 60, '還行吧', 3, '2022-02-05 09:05:06'),
(2704, 4, 294, 60, '還行吧', 3, '2022-02-05 09:05:06'),
(2705, 4, 295, 60, '還行吧', 3, '2022-02-05 09:05:06'),
(2706, 5, 293, 60, '老闆態度是在差什麼', 4, '2022-02-06 10:06:07'),
(2707, 5, 294, 60, '老闆態度是在差什麼', 4, '2022-02-06 10:06:07'),
(2708, 5, 295, 60, '老闆態度是在差什麼', 4, '2022-02-06 10:06:07'),
(2709, 6, 293, 60, '有股臭味', 5, '2022-02-07 11:07:08'),
(2710, 6, 294, 60, '有股臭味', 5, '2022-02-07 11:07:08'),
(2711, 6, 295, 60, '有股臭味', 5, '2022-02-07 11:07:08'),
(2712, 7, 293, 60, '不喜歡', 5, '2022-02-08 12:08:09'),
(2713, 7, 294, 60, '不喜歡', 5, '2022-02-08 12:08:09'),
(2714, 7, 295, 60, '不喜歡', 5, '2022-02-08 12:08:09'),
(2715, 8, 293, 60, '少給東西', 4, '2022-02-09 01:09:10'),
(2716, 8, 294, 60, '少給東西', 4, '2022-02-09 01:09:10'),
(2717, 8, 295, 60, '少給東西', 4, '2022-02-09 01:09:10'),
(2718, 9, 293, 60, '老闆人超好~!', 4, '2022-02-10 02:10:11'),
(2719, 9, 294, 60, '老闆人超好~!', 4, '2022-02-10 02:10:11'),
(2720, 9, 295, 60, '老闆人超好~!', 4, '2022-02-10 02:10:11'),
(2721, 10, 293, 60, '這個價格吃到這個東西真的無可挑剔', 5, '2022-02-11 03:11:12'),
(2722, 10, 294, 60, '這個價格吃到這個東西真的無可挑剔', 5, '2022-02-11 03:11:12'),
(2723, 10, 295, 60, '這個價格吃到這個東西真的無可挑剔', 5, '2022-02-11 03:11:12'),
(2724, 1, 296, 61, '超好吃的欸', 3, '2022-02-02 06:02:03'),
(2725, 1, 297, 61, '超好吃的欸', 3, '2022-02-02 06:02:03'),
(2726, 2, 296, 61, '很划算', 5, '2022-02-03 07:03:04'),
(2727, 2, 297, 61, '很划算', 5, '2022-02-03 07:03:04'),
(2728, 3, 296, 61, '每個禮拜都買好幾次東西超好吃', 2, '2022-02-04 08:04:05'),
(2729, 3, 297, 61, '每個禮拜都買好幾次東西超好吃', 2, '2022-02-04 08:04:05'),
(2730, 4, 296, 61, '還行吧', 1, '2022-02-05 09:05:06'),
(2731, 4, 297, 61, '還行吧', 1, '2022-02-05 09:05:06'),
(2732, 5, 296, 61, '老闆態度是在差什麼', 4, '2022-02-06 10:06:07'),
(2733, 5, 297, 61, '老闆態度是在差什麼', 4, '2022-02-06 10:06:07'),
(2734, 6, 296, 61, '有股臭味', 1, '2022-02-07 11:07:08'),
(2735, 6, 297, 61, '有股臭味', 1, '2022-02-07 11:07:08'),
(2736, 7, 296, 61, '不喜歡', 2, '2022-02-08 12:08:09'),
(2737, 7, 297, 61, '不喜歡', 2, '2022-02-08 12:08:09'),
(2738, 8, 296, 61, '少給東西', 2, '2022-02-09 01:09:10'),
(2739, 8, 297, 61, '少給東西', 2, '2022-02-09 01:09:10'),
(2740, 9, 296, 61, '老闆人超好~!', 1, '2022-02-10 02:10:11'),
(2741, 9, 297, 61, '老闆人超好~!', 1, '2022-02-10 02:10:11'),
(2742, 10, 296, 61, '這個價格吃到這個東西真的無可挑剔', 4, '2022-02-11 03:11:12'),
(2743, 10, 297, 61, '這個價格吃到這個東西真的無可挑剔', 4, '2022-02-11 03:11:12'),
(2744, 1, 298, 62, '超好吃的欸', 3, '2022-02-02 06:02:03'),
(2745, 1, 299, 62, '超好吃的欸', 3, '2022-02-02 06:02:03'),
(2746, 2, 298, 62, '很划算', 3, '2022-02-03 07:03:04'),
(2747, 2, 299, 62, '很划算', 3, '2022-02-03 07:03:04'),
(2748, 3, 298, 62, '每個禮拜都買好幾次東西超好吃', 1, '2022-02-04 08:04:05'),
(2749, 3, 299, 62, '每個禮拜都買好幾次東西超好吃', 1, '2022-02-04 08:04:05'),
(2750, 4, 298, 62, '還行吧', 3, '2022-02-05 09:05:06'),
(2751, 4, 299, 62, '還行吧', 3, '2022-02-05 09:05:06'),
(2752, 5, 298, 62, '老闆態度是在差什麼', 2, '2022-02-06 10:06:07'),
(2753, 5, 299, 62, '老闆態度是在差什麼', 2, '2022-02-06 10:06:07'),
(2754, 6, 298, 62, '有股臭味', 5, '2022-02-07 11:07:08'),
(2755, 6, 299, 62, '有股臭味', 5, '2022-02-07 11:07:08'),
(2756, 7, 298, 62, '不喜歡', 2, '2022-02-08 12:08:09'),
(2757, 7, 299, 62, '不喜歡', 2, '2022-02-08 12:08:09'),
(2758, 8, 298, 62, '少給東西', 4, '2022-02-09 01:09:10'),
(2759, 8, 299, 62, '少給東西', 4, '2022-02-09 01:09:10'),
(2760, 9, 298, 62, '老闆人超好~!', 5, '2022-02-10 02:10:11'),
(2761, 9, 299, 62, '老闆人超好~!', 5, '2022-02-10 02:10:11'),
(2762, 10, 298, 62, '這個價格吃到這個東西真的無可挑剔', 1, '2022-02-11 03:11:12'),
(2763, 10, 299, 62, '這個價格吃到這個東西真的無可挑剔', 1, '2022-02-11 03:11:12'),
(9518, 1, 300, 63, '超好吃的欸', 2, '2022-02-02 06:02:03'),
(9519, 1, 301, 63, '超好吃的欸', 2, '2022-02-02 06:02:03'),
(9520, 2, 300, 63, '很划算', 2, '2022-02-03 07:03:04'),
(9521, 2, 301, 63, '很划算', 2, '2022-02-03 07:03:04'),
(9522, 3, 300, 63, '每個禮拜都買好幾次東西超好吃', 2, '2022-02-04 08:04:05'),
(9523, 3, 301, 63, '每個禮拜都買好幾次東西超好吃', 2, '2022-02-04 08:04:05'),
(9524, 4, 300, 63, '還行吧', 2, '2022-02-05 09:05:06'),
(9525, 4, 301, 63, '還行吧', 2, '2022-02-05 09:05:06'),
(9526, 5, 300, 63, '老闆態度是在差什麼', 4, '2022-02-06 10:06:07'),
(9527, 5, 301, 63, '老闆態度是在差什麼', 4, '2022-02-06 10:06:07'),
(9528, 6, 300, 63, '有股臭味', 4, '2022-02-07 11:07:08'),
(9529, 6, 301, 63, '有股臭味', 4, '2022-02-07 11:07:08'),
(9530, 7, 300, 63, '不喜歡', 2, '2022-02-08 12:08:09'),
(9531, 7, 301, 63, '不喜歡', 2, '2022-02-08 12:08:09'),
(9532, 8, 300, 63, '少給東西', 2, '2022-02-09 01:09:10'),
(9533, 8, 301, 63, '少給東西', 2, '2022-02-09 01:09:10'),
(9534, 9, 300, 63, '老闆人超好~!', 3, '2022-02-10 02:10:11'),
(9535, 9, 301, 63, '老闆人超好~!', 3, '2022-02-10 02:10:11'),
(9536, 10, 300, 63, '這個價格吃到這個東西真的無可挑剔', 1, '2022-02-11 03:11:12'),
(9537, 10, 301, 63, '這個價格吃到這個東西真的無可挑剔', 1, '2022-02-11 03:11:12'),
(9538, 1, 337, 64, '超好吃的欸', 3, '2022-02-02 06:02:03'),
(9539, 1, 338, 64, '超好吃的欸', 3, '2022-02-02 06:02:03'),
(9540, 2, 337, 64, '很划算', 5, '2022-02-03 07:03:04'),
(9541, 2, 338, 64, '很划算', 5, '2022-02-03 07:03:04'),
(9542, 3, 337, 64, '每個禮拜都買好幾次東西超好吃', 4, '2022-02-04 08:04:05'),
(9543, 3, 338, 64, '每個禮拜都買好幾次東西超好吃', 4, '2022-02-04 08:04:05'),
(9544, 4, 337, 64, '還行吧', 2, '2022-02-05 09:05:06'),
(9545, 4, 338, 64, '還行吧', 2, '2022-02-05 09:05:06'),
(9546, 5, 337, 64, '老闆態度是在差什麼', 4, '2022-02-06 10:06:07'),
(9547, 5, 338, 64, '老闆態度是在差什麼', 4, '2022-02-06 10:06:07'),
(9548, 6, 337, 64, '有股臭味', 2, '2022-02-07 11:07:08'),
(9549, 6, 338, 64, '有股臭味', 2, '2022-02-07 11:07:08'),
(9550, 7, 337, 64, '不喜歡', 1, '2022-02-08 12:08:09'),
(9551, 7, 338, 64, '不喜歡', 1, '2022-02-08 12:08:09'),
(9552, 8, 337, 64, '少給東西', 1, '2022-02-09 01:09:10'),
(9553, 8, 338, 64, '少給東西', 1, '2022-02-09 01:09:10'),
(9554, 9, 337, 64, '老闆人超好~!', 1, '2022-02-10 02:10:11'),
(9555, 9, 338, 64, '老闆人超好~!', 1, '2022-02-10 02:10:11'),
(9556, 10, 337, 64, '這個價格吃到這個東西真的無可挑剔', 1, '2022-02-11 03:11:12'),
(9557, 10, 338, 64, '這個價格吃到這個東西真的無可挑剔', 1, '2022-02-11 03:11:12'),
(9558, 1, 336, 65, '超好吃的欸', 2, '2022-02-02 06:02:03'),
(9559, 2, 336, 65, '很划算', 4, '2022-02-03 07:03:04'),
(9560, 3, 336, 65, '每個禮拜都買好幾次東西超好吃', 5, '2022-02-04 08:04:05'),
(9561, 4, 336, 65, '還行吧', 1, '2022-02-05 09:05:06'),
(9562, 5, 336, 65, '老闆態度是在差什麼', 2, '2022-02-06 10:06:07'),
(9563, 6, 336, 65, '有股臭味', 5, '2022-02-07 11:07:08'),
(9564, 7, 336, 65, '不喜歡', 1, '2022-02-08 12:08:09'),
(9565, 8, 336, 65, '少給東西', 1, '2022-02-09 01:09:10'),
(9566, 9, 336, 65, '老闆人超好~!', 1, '2022-02-10 02:10:11'),
(9567, 10, 336, 65, '這個價格吃到這個東西真的無可挑剔', 4, '2022-02-11 03:11:12'),
(9568, 1, 302, 66, '超好吃的欸', 5, '2022-02-02 06:02:03'),
(9569, 1, 303, 66, '超好吃的欸', 5, '2022-02-02 06:02:03'),
(9570, 1, 304, 66, '超好吃的欸', 5, '2022-02-02 06:02:03'),
(9571, 1, 305, 66, '超好吃的欸', 5, '2022-02-02 06:02:03'),
(9572, 2, 302, 66, '很划算', 3, '2022-02-03 07:03:04'),
(9573, 2, 303, 66, '很划算', 3, '2022-02-03 07:03:04'),
(9574, 2, 304, 66, '很划算', 3, '2022-02-03 07:03:04'),
(9575, 2, 305, 66, '很划算', 3, '2022-02-03 07:03:04'),
(9576, 3, 302, 66, '每個禮拜都買好幾次東西超好吃', 5, '2022-02-04 08:04:05'),
(9577, 3, 303, 66, '每個禮拜都買好幾次東西超好吃', 5, '2022-02-04 08:04:05'),
(9578, 3, 304, 66, '每個禮拜都買好幾次東西超好吃', 5, '2022-02-04 08:04:05'),
(9579, 3, 305, 66, '每個禮拜都買好幾次東西超好吃', 5, '2022-02-04 08:04:05'),
(9580, 4, 302, 66, '還行吧', 3, '2022-02-05 09:05:06');
INSERT INTO `products_comment` (`id`, `user_id`, `products_id`, `store_id`, `comment`, `star`, `create_time`) VALUES
(9581, 4, 303, 66, '還行吧', 3, '2022-02-05 09:05:06'),
(9582, 4, 304, 66, '還行吧', 3, '2022-02-05 09:05:06'),
(9583, 4, 305, 66, '還行吧', 3, '2022-02-05 09:05:06'),
(9584, 5, 302, 66, '老闆態度是在差什麼', 5, '2022-02-06 10:06:07'),
(9585, 5, 303, 66, '老闆態度是在差什麼', 5, '2022-02-06 10:06:07'),
(9586, 5, 304, 66, '老闆態度是在差什麼', 5, '2022-02-06 10:06:07'),
(9587, 5, 305, 66, '老闆態度是在差什麼', 5, '2022-02-06 10:06:07'),
(9588, 6, 302, 66, '有股臭味', 4, '2022-02-07 11:07:08'),
(9589, 6, 303, 66, '有股臭味', 4, '2022-02-07 11:07:08'),
(9590, 6, 304, 66, '有股臭味', 4, '2022-02-07 11:07:08'),
(9591, 6, 305, 66, '有股臭味', 4, '2022-02-07 11:07:08'),
(9592, 7, 302, 66, '不喜歡', 3, '2022-02-08 12:08:09'),
(9593, 7, 303, 66, '不喜歡', 3, '2022-02-08 12:08:09'),
(9594, 7, 304, 66, '不喜歡', 3, '2022-02-08 12:08:09'),
(9595, 7, 305, 66, '不喜歡', 3, '2022-02-08 12:08:09'),
(9596, 8, 302, 66, '少給東西', 3, '2022-02-09 01:09:10'),
(9597, 8, 303, 66, '少給東西', 3, '2022-02-09 01:09:10'),
(9598, 8, 304, 66, '少給東西', 3, '2022-02-09 01:09:10'),
(9599, 8, 305, 66, '少給東西', 3, '2022-02-09 01:09:10'),
(9600, 9, 302, 66, '老闆人超好~!', 4, '2022-02-10 02:10:11'),
(9601, 9, 303, 66, '老闆人超好~!', 4, '2022-02-10 02:10:11'),
(9602, 9, 304, 66, '老闆人超好~!', 4, '2022-02-10 02:10:11'),
(9603, 9, 305, 66, '老闆人超好~!', 4, '2022-02-10 02:10:11'),
(9604, 10, 302, 66, '這個價格吃到這個東西真的無可挑剔', 1, '2022-02-11 03:11:12'),
(9605, 10, 303, 66, '這個價格吃到這個東西真的無可挑剔', 1, '2022-02-11 03:11:12'),
(9606, 10, 304, 66, '這個價格吃到這個東西真的無可挑剔', 1, '2022-02-11 03:11:12'),
(9607, 10, 305, 66, '這個價格吃到這個東西真的無可挑剔', 1, '2022-02-11 03:11:12'),
(9608, 1, 306, 67, '超好吃的欸', 1, '2022-02-02 06:02:03'),
(9609, 1, 307, 67, '超好吃的欸', 1, '2022-02-02 06:02:03'),
(9610, 1, 308, 67, '超好吃的欸', 1, '2022-02-02 06:02:03'),
(9611, 1, 309, 67, '超好吃的欸', 1, '2022-02-02 06:02:03'),
(9612, 2, 306, 67, '很划算', 2, '2022-02-03 07:03:04'),
(9613, 2, 307, 67, '很划算', 2, '2022-02-03 07:03:04'),
(9614, 2, 308, 67, '很划算', 2, '2022-02-03 07:03:04'),
(9615, 2, 309, 67, '很划算', 2, '2022-02-03 07:03:04'),
(9616, 3, 306, 67, '每個禮拜都買好幾次東西超好吃', 3, '2022-02-04 08:04:05'),
(9617, 3, 307, 67, '每個禮拜都買好幾次東西超好吃', 3, '2022-02-04 08:04:05'),
(9618, 3, 308, 67, '每個禮拜都買好幾次東西超好吃', 3, '2022-02-04 08:04:05'),
(9619, 3, 309, 67, '每個禮拜都買好幾次東西超好吃', 3, '2022-02-04 08:04:05'),
(9620, 4, 306, 67, '還行吧', 3, '2022-02-05 09:05:06'),
(9621, 4, 307, 67, '還行吧', 3, '2022-02-05 09:05:06'),
(9622, 4, 308, 67, '還行吧', 3, '2022-02-05 09:05:06'),
(9623, 4, 309, 67, '還行吧', 3, '2022-02-05 09:05:06'),
(9624, 5, 306, 67, '老闆態度是在差什麼', 3, '2022-02-06 10:06:07'),
(9625, 5, 307, 67, '老闆態度是在差什麼', 3, '2022-02-06 10:06:07'),
(9626, 5, 308, 67, '老闆態度是在差什麼', 3, '2022-02-06 10:06:07'),
(9627, 5, 309, 67, '老闆態度是在差什麼', 3, '2022-02-06 10:06:07'),
(9628, 6, 306, 67, '有股臭味', 5, '2022-02-07 11:07:08'),
(9629, 6, 307, 67, '有股臭味', 5, '2022-02-07 11:07:08'),
(9630, 6, 308, 67, '有股臭味', 5, '2022-02-07 11:07:08'),
(9631, 6, 309, 67, '有股臭味', 5, '2022-02-07 11:07:08'),
(9632, 7, 306, 67, '不喜歡', 2, '2022-02-08 12:08:09'),
(9633, 7, 307, 67, '不喜歡', 2, '2022-02-08 12:08:09'),
(9634, 7, 308, 67, '不喜歡', 2, '2022-02-08 12:08:09'),
(9635, 7, 309, 67, '不喜歡', 2, '2022-02-08 12:08:09'),
(9636, 8, 306, 67, '少給東西', 5, '2022-02-09 01:09:10'),
(9637, 8, 307, 67, '少給東西', 5, '2022-02-09 01:09:10'),
(9638, 8, 308, 67, '少給東西', 5, '2022-02-09 01:09:10'),
(9639, 8, 309, 67, '少給東西', 5, '2022-02-09 01:09:10'),
(9640, 9, 306, 67, '老闆人超好~!', 5, '2022-02-10 02:10:11'),
(9641, 9, 307, 67, '老闆人超好~!', 5, '2022-02-10 02:10:11'),
(9642, 9, 308, 67, '老闆人超好~!', 5, '2022-02-10 02:10:11'),
(9643, 9, 309, 67, '老闆人超好~!', 5, '2022-02-10 02:10:11'),
(9644, 10, 306, 67, '這個價格吃到這個東西真的無可挑剔', 5, '2022-02-11 03:11:12'),
(9645, 10, 307, 67, '這個價格吃到這個東西真的無可挑剔', 5, '2022-02-11 03:11:12'),
(9646, 10, 308, 67, '這個價格吃到這個東西真的無可挑剔', 5, '2022-02-11 03:11:12'),
(9647, 10, 309, 67, '這個價格吃到這個東西真的無可挑剔', 5, '2022-02-11 03:11:12'),
(9648, 1, 310, 68, '超好吃的欸', 5, '2022-02-02 06:02:03'),
(9649, 1, 311, 68, '超好吃的欸', 5, '2022-02-02 06:02:03'),
(9650, 1, 312, 68, '超好吃的欸', 5, '2022-02-02 06:02:03'),
(9651, 1, 313, 68, '超好吃的欸', 5, '2022-02-02 06:02:03'),
(9652, 2, 310, 68, '很划算', 4, '2022-02-03 07:03:04'),
(9653, 2, 311, 68, '很划算', 4, '2022-02-03 07:03:04'),
(9654, 2, 312, 68, '很划算', 4, '2022-02-03 07:03:04'),
(9655, 2, 313, 68, '很划算', 4, '2022-02-03 07:03:04'),
(9656, 3, 310, 68, '每個禮拜都買好幾次東西超好吃', 2, '2022-02-04 08:04:05'),
(9657, 3, 311, 68, '每個禮拜都買好幾次東西超好吃', 2, '2022-02-04 08:04:05'),
(9658, 3, 312, 68, '每個禮拜都買好幾次東西超好吃', 2, '2022-02-04 08:04:05'),
(9659, 3, 313, 68, '每個禮拜都買好幾次東西超好吃', 2, '2022-02-04 08:04:05'),
(9660, 4, 310, 68, '還行吧', 3, '2022-02-05 09:05:06'),
(9661, 4, 311, 68, '還行吧', 3, '2022-02-05 09:05:06'),
(9662, 4, 312, 68, '還行吧', 3, '2022-02-05 09:05:06'),
(9663, 4, 313, 68, '還行吧', 3, '2022-02-05 09:05:06'),
(9664, 5, 310, 68, '老闆態度是在差什麼', 4, '2022-02-06 10:06:07'),
(9665, 5, 311, 68, '老闆態度是在差什麼', 4, '2022-02-06 10:06:07'),
(9666, 5, 312, 68, '老闆態度是在差什麼', 4, '2022-02-06 10:06:07'),
(9667, 5, 313, 68, '老闆態度是在差什麼', 4, '2022-02-06 10:06:07'),
(9668, 6, 310, 68, '有股臭味', 1, '2022-02-07 11:07:08'),
(9669, 6, 311, 68, '有股臭味', 1, '2022-02-07 11:07:08'),
(9670, 6, 312, 68, '有股臭味', 1, '2022-02-07 11:07:08'),
(9671, 6, 313, 68, '有股臭味', 1, '2022-02-07 11:07:08'),
(9672, 7, 310, 68, '不喜歡', 4, '2022-02-08 12:08:09'),
(9673, 7, 311, 68, '不喜歡', 4, '2022-02-08 12:08:09'),
(9674, 7, 312, 68, '不喜歡', 4, '2022-02-08 12:08:09'),
(9675, 7, 313, 68, '不喜歡', 4, '2022-02-08 12:08:09'),
(9676, 8, 310, 68, '少給東西', 4, '2022-02-09 01:09:10'),
(9677, 8, 311, 68, '少給東西', 4, '2022-02-09 01:09:10'),
(9678, 8, 312, 68, '少給東西', 4, '2022-02-09 01:09:10'),
(9679, 8, 313, 68, '少給東西', 4, '2022-02-09 01:09:10'),
(9680, 9, 310, 68, '老闆人超好~!', 1, '2022-02-10 02:10:11'),
(9681, 9, 311, 68, '老闆人超好~!', 1, '2022-02-10 02:10:11'),
(9682, 9, 312, 68, '老闆人超好~!', 1, '2022-02-10 02:10:11'),
(9683, 9, 313, 68, '老闆人超好~!', 1, '2022-02-10 02:10:11'),
(9684, 10, 310, 68, '這個價格吃到這個東西真的無可挑剔', 3, '2022-02-11 03:11:12'),
(9685, 10, 311, 68, '這個價格吃到這個東西真的無可挑剔', 3, '2022-02-11 03:11:12'),
(9686, 10, 312, 68, '這個價格吃到這個東西真的無可挑剔', 3, '2022-02-11 03:11:12'),
(9687, 10, 313, 68, '這個價格吃到這個東西真的無可挑剔', 3, '2022-02-11 03:11:12'),
(9688, 1, 314, 69, '超好吃的欸', 1, '2022-02-02 06:02:03'),
(9689, 1, 315, 69, '超好吃的欸', 1, '2022-02-02 06:02:03'),
(9690, 1, 316, 69, '超好吃的欸', 1, '2022-02-02 06:02:03'),
(9691, 1, 317, 69, '超好吃的欸', 1, '2022-02-02 06:02:03'),
(9692, 2, 314, 69, '很划算', 2, '2022-02-03 07:03:04'),
(9693, 2, 315, 69, '很划算', 2, '2022-02-03 07:03:04'),
(9694, 2, 316, 69, '很划算', 2, '2022-02-03 07:03:04'),
(9695, 2, 317, 69, '很划算', 2, '2022-02-03 07:03:04'),
(9696, 3, 314, 69, '每個禮拜都買好幾次東西超好吃', 1, '2022-02-04 08:04:05'),
(9697, 3, 315, 69, '每個禮拜都買好幾次東西超好吃', 1, '2022-02-04 08:04:05'),
(9698, 3, 316, 69, '每個禮拜都買好幾次東西超好吃', 1, '2022-02-04 08:04:05'),
(9699, 3, 317, 69, '每個禮拜都買好幾次東西超好吃', 1, '2022-02-04 08:04:05'),
(9700, 4, 314, 69, '還行吧', 5, '2022-02-05 09:05:06'),
(9701, 4, 315, 69, '還行吧', 5, '2022-02-05 09:05:06'),
(9702, 4, 316, 69, '還行吧', 5, '2022-02-05 09:05:06'),
(9703, 4, 317, 69, '還行吧', 5, '2022-02-05 09:05:06'),
(9704, 5, 314, 69, '老闆態度是在差什麼', 4, '2022-02-06 10:06:07'),
(9705, 5, 315, 69, '老闆態度是在差什麼', 4, '2022-02-06 10:06:07'),
(9706, 5, 316, 69, '老闆態度是在差什麼', 4, '2022-02-06 10:06:07'),
(9707, 5, 317, 69, '老闆態度是在差什麼', 4, '2022-02-06 10:06:07'),
(9708, 6, 314, 69, '有股臭味', 1, '2022-02-07 11:07:08'),
(9709, 6, 315, 69, '有股臭味', 1, '2022-02-07 11:07:08'),
(9710, 6, 316, 69, '有股臭味', 1, '2022-02-07 11:07:08'),
(9711, 6, 317, 69, '有股臭味', 1, '2022-02-07 11:07:08'),
(9712, 7, 314, 69, '不喜歡', 1, '2022-02-08 12:08:09'),
(9713, 7, 315, 69, '不喜歡', 1, '2022-02-08 12:08:09'),
(9714, 7, 316, 69, '不喜歡', 1, '2022-02-08 12:08:09'),
(9715, 7, 317, 69, '不喜歡', 1, '2022-02-08 12:08:09'),
(9716, 8, 314, 69, '少給東西', 2, '2022-02-09 01:09:10'),
(9717, 8, 315, 69, '少給東西', 2, '2022-02-09 01:09:10'),
(9718, 8, 316, 69, '少給東西', 2, '2022-02-09 01:09:10'),
(9719, 8, 317, 69, '少給東西', 2, '2022-02-09 01:09:10'),
(9720, 9, 314, 69, '老闆人超好~!', 2, '2022-02-10 02:10:11'),
(9721, 9, 315, 69, '老闆人超好~!', 2, '2022-02-10 02:10:11'),
(9722, 9, 316, 69, '老闆人超好~!', 2, '2022-02-10 02:10:11'),
(9723, 9, 317, 69, '老闆人超好~!', 2, '2022-02-10 02:10:11'),
(9724, 10, 314, 69, '這個價格吃到這個東西真的無可挑剔', 1, '2022-02-11 03:11:12'),
(9725, 10, 315, 69, '這個價格吃到這個東西真的無可挑剔', 1, '2022-02-11 03:11:12'),
(9726, 10, 316, 69, '這個價格吃到這個東西真的無可挑剔', 1, '2022-02-11 03:11:12'),
(9727, 10, 317, 69, '這個價格吃到這個東西真的無可挑剔', 1, '2022-02-11 03:11:12'),
(9728, 1, 318, 70, '超好吃的欸', 5, '2022-02-02 06:02:03'),
(9729, 1, 319, 70, '超好吃的欸', 5, '2022-02-02 06:02:03'),
(9730, 2, 318, 70, '很划算', 2, '2022-02-03 07:03:04'),
(9731, 2, 319, 70, '很划算', 2, '2022-02-03 07:03:04'),
(9732, 3, 318, 70, '每個禮拜都買好幾次東西超好吃', 2, '2022-02-04 08:04:05'),
(9733, 3, 319, 70, '每個禮拜都買好幾次東西超好吃', 2, '2022-02-04 08:04:05'),
(9734, 4, 318, 70, '還行吧', 5, '2022-02-05 09:05:06'),
(9735, 4, 319, 70, '還行吧', 5, '2022-02-05 09:05:06'),
(9736, 5, 318, 70, '老闆態度是在差什麼', 1, '2022-02-06 10:06:07'),
(9737, 5, 319, 70, '老闆態度是在差什麼', 1, '2022-02-06 10:06:07'),
(9738, 6, 318, 70, '有股臭味', 5, '2022-02-07 11:07:08'),
(9739, 6, 319, 70, '有股臭味', 5, '2022-02-07 11:07:08'),
(9740, 7, 318, 70, '不喜歡', 4, '2022-02-08 12:08:09'),
(9741, 7, 319, 70, '不喜歡', 4, '2022-02-08 12:08:09'),
(9742, 8, 318, 70, '少給東西', 1, '2022-02-09 01:09:10'),
(9743, 8, 319, 70, '少給東西', 1, '2022-02-09 01:09:10'),
(9744, 9, 318, 70, '老闆人超好~!', 5, '2022-02-10 02:10:11'),
(9745, 9, 319, 70, '老闆人超好~!', 5, '2022-02-10 02:10:11'),
(9746, 10, 318, 70, '這個價格吃到這個東西真的無可挑剔', 2, '2022-02-11 03:11:12'),
(9747, 10, 319, 70, '這個價格吃到這個東西真的無可挑剔', 2, '2022-02-11 03:11:12'),
(9748, 1, 320, 71, '超好吃的欸', 2, '2022-02-02 06:02:03'),
(9749, 1, 321, 71, '超好吃的欸', 2, '2022-02-02 06:02:03'),
(9750, 2, 320, 71, '很划算', 2, '2022-02-03 07:03:04'),
(9751, 2, 321, 71, '很划算', 2, '2022-02-03 07:03:04'),
(9752, 3, 320, 71, '每個禮拜都買好幾次東西超好吃', 2, '2022-02-04 08:04:05'),
(9753, 3, 321, 71, '每個禮拜都買好幾次東西超好吃', 2, '2022-02-04 08:04:05'),
(9754, 4, 320, 71, '還行吧', 2, '2022-02-05 09:05:06'),
(9755, 4, 321, 71, '還行吧', 2, '2022-02-05 09:05:06'),
(9756, 5, 320, 71, '老闆態度是在差什麼', 1, '2022-02-06 10:06:07'),
(9757, 5, 321, 71, '老闆態度是在差什麼', 1, '2022-02-06 10:06:07'),
(9758, 6, 320, 71, '有股臭味', 5, '2022-02-07 11:07:08'),
(9759, 6, 321, 71, '有股臭味', 5, '2022-02-07 11:07:08'),
(9760, 7, 320, 71, '不喜歡', 5, '2022-02-08 12:08:09'),
(9761, 7, 321, 71, '不喜歡', 5, '2022-02-08 12:08:09'),
(9762, 8, 320, 71, '少給東西', 1, '2022-02-09 01:09:10'),
(9763, 8, 321, 71, '少給東西', 1, '2022-02-09 01:09:10'),
(9764, 9, 320, 71, '老闆人超好~!', 4, '2022-02-10 02:10:11'),
(9765, 9, 321, 71, '老闆人超好~!', 4, '2022-02-10 02:10:11'),
(9766, 10, 320, 71, '這個價格吃到這個東西真的無可挑剔', 3, '2022-02-11 03:11:12'),
(9767, 10, 321, 71, '這個價格吃到這個東西真的無可挑剔', 3, '2022-02-11 03:11:12'),
(9768, 1, 322, 72, '超好吃的欸', 4, '2022-02-02 06:02:03'),
(9769, 1, 323, 72, '超好吃的欸', 4, '2022-02-02 06:02:03'),
(9770, 2, 322, 72, '很划算', 3, '2022-02-03 07:03:04'),
(9771, 2, 323, 72, '很划算', 3, '2022-02-03 07:03:04'),
(9772, 3, 322, 72, '每個禮拜都買好幾次東西超好吃', 1, '2022-02-04 08:04:05'),
(9773, 3, 323, 72, '每個禮拜都買好幾次東西超好吃', 1, '2022-02-04 08:04:05'),
(9774, 4, 322, 72, '還行吧', 3, '2022-02-05 09:05:06'),
(9775, 4, 323, 72, '還行吧', 3, '2022-02-05 09:05:06'),
(9776, 5, 322, 72, '老闆態度是在差什麼', 1, '2022-02-06 10:06:07'),
(9777, 5, 323, 72, '老闆態度是在差什麼', 1, '2022-02-06 10:06:07'),
(9778, 6, 322, 72, '有股臭味', 5, '2022-02-07 11:07:08'),
(9779, 6, 323, 72, '有股臭味', 5, '2022-02-07 11:07:08'),
(9780, 7, 322, 72, '不喜歡', 3, '2022-02-08 12:08:09'),
(9781, 7, 323, 72, '不喜歡', 3, '2022-02-08 12:08:09'),
(9782, 8, 322, 72, '少給東西', 2, '2022-02-09 01:09:10'),
(9783, 8, 323, 72, '少給東西', 2, '2022-02-09 01:09:10'),
(9784, 9, 322, 72, '老闆人超好~!', 2, '2022-02-10 02:10:11'),
(9785, 9, 323, 72, '老闆人超好~!', 2, '2022-02-10 02:10:11'),
(9786, 10, 322, 72, '這個價格吃到這個東西真的無可挑剔', 1, '2022-02-11 03:11:12'),
(9787, 10, 323, 72, '這個價格吃到這個東西真的無可挑剔', 1, '2022-02-11 03:11:12'),
(9788, 1, 324, 73, '超好吃的欸', 3, '2022-02-02 06:02:03'),
(9789, 1, 325, 73, '超好吃的欸', 3, '2022-02-02 06:02:03'),
(9790, 2, 324, 73, '很划算', 2, '2022-02-03 07:03:04'),
(9791, 2, 325, 73, '很划算', 2, '2022-02-03 07:03:04'),
(9792, 3, 324, 73, '每個禮拜都買好幾次東西超好吃', 2, '2022-02-04 08:04:05'),
(9793, 3, 325, 73, '每個禮拜都買好幾次東西超好吃', 2, '2022-02-04 08:04:05'),
(9794, 4, 324, 73, '還行吧', 1, '2022-02-05 09:05:06'),
(9795, 4, 325, 73, '還行吧', 1, '2022-02-05 09:05:06'),
(9796, 5, 324, 73, '老闆態度是在差什麼', 4, '2022-02-06 10:06:07'),
(9797, 5, 325, 73, '老闆態度是在差什麼', 4, '2022-02-06 10:06:07'),
(9798, 6, 324, 73, '有股臭味', 5, '2022-02-07 11:07:08'),
(9799, 6, 325, 73, '有股臭味', 5, '2022-02-07 11:07:08'),
(9800, 7, 324, 73, '不喜歡', 1, '2022-02-08 12:08:09'),
(9801, 7, 325, 73, '不喜歡', 1, '2022-02-08 12:08:09'),
(9802, 8, 324, 73, '少給東西', 3, '2022-02-09 01:09:10'),
(9803, 8, 325, 73, '少給東西', 3, '2022-02-09 01:09:10'),
(9804, 9, 324, 73, '老闆人超好~!', 1, '2022-02-10 02:10:11'),
(9805, 9, 325, 73, '老闆人超好~!', 1, '2022-02-10 02:10:11'),
(9806, 10, 324, 73, '這個價格吃到這個東西真的無可挑剔', 5, '2022-02-11 03:11:12'),
(9807, 10, 325, 73, '這個價格吃到這個東西真的無可挑剔', 5, '2022-02-11 03:11:12'),
(9808, 1, 326, 74, '超好吃的欸', 3, '2022-02-02 06:02:03'),
(9809, 1, 327, 74, '超好吃的欸', 3, '2022-02-02 06:02:03'),
(9810, 1, 328, 74, '超好吃的欸', 3, '2022-02-02 06:02:03'),
(9811, 1, 329, 74, '超好吃的欸', 3, '2022-02-02 06:02:03'),
(9812, 2, 326, 74, '很划算', 5, '2022-02-03 07:03:04'),
(9813, 2, 327, 74, '很划算', 5, '2022-02-03 07:03:04'),
(9814, 2, 328, 74, '很划算', 5, '2022-02-03 07:03:04'),
(9815, 2, 329, 74, '很划算', 5, '2022-02-03 07:03:04'),
(9816, 3, 326, 74, '每個禮拜都買好幾次東西超好吃', 2, '2022-02-04 08:04:05'),
(9817, 3, 327, 74, '每個禮拜都買好幾次東西超好吃', 2, '2022-02-04 08:04:05'),
(9818, 3, 328, 74, '每個禮拜都買好幾次東西超好吃', 2, '2022-02-04 08:04:05'),
(9819, 3, 329, 74, '每個禮拜都買好幾次東西超好吃', 2, '2022-02-04 08:04:05'),
(9820, 4, 326, 74, '還行吧', 4, '2022-02-05 09:05:06'),
(9821, 4, 327, 74, '還行吧', 4, '2022-02-05 09:05:06'),
(9822, 4, 328, 74, '還行吧', 4, '2022-02-05 09:05:06'),
(9823, 4, 329, 74, '還行吧', 4, '2022-02-05 09:05:06'),
(9824, 5, 326, 74, '老闆態度是在差什麼', 4, '2022-02-06 10:06:07'),
(9825, 5, 327, 74, '老闆態度是在差什麼', 4, '2022-02-06 10:06:07'),
(9826, 5, 328, 74, '老闆態度是在差什麼', 4, '2022-02-06 10:06:07'),
(9827, 5, 329, 74, '老闆態度是在差什麼', 4, '2022-02-06 10:06:07'),
(9828, 6, 326, 74, '有股臭味', 4, '2022-02-07 11:07:08'),
(9829, 6, 327, 74, '有股臭味', 4, '2022-02-07 11:07:08'),
(9830, 6, 328, 74, '有股臭味', 4, '2022-02-07 11:07:08'),
(9831, 6, 329, 74, '有股臭味', 4, '2022-02-07 11:07:08'),
(9832, 7, 326, 74, '不喜歡', 2, '2022-02-08 12:08:09'),
(9833, 7, 327, 74, '不喜歡', 2, '2022-02-08 12:08:09'),
(9834, 7, 328, 74, '不喜歡', 2, '2022-02-08 12:08:09'),
(9835, 7, 329, 74, '不喜歡', 2, '2022-02-08 12:08:09'),
(9836, 8, 326, 74, '少給東西', 1, '2022-02-09 01:09:10'),
(9837, 8, 327, 74, '少給東西', 1, '2022-02-09 01:09:10'),
(9838, 8, 328, 74, '少給東西', 1, '2022-02-09 01:09:10'),
(9839, 8, 329, 74, '少給東西', 1, '2022-02-09 01:09:10'),
(9840, 9, 326, 74, '老闆人超好~!', 3, '2022-02-10 02:10:11'),
(9841, 9, 327, 74, '老闆人超好~!', 3, '2022-02-10 02:10:11'),
(9842, 9, 328, 74, '老闆人超好~!', 3, '2022-02-10 02:10:11'),
(9843, 9, 329, 74, '老闆人超好~!', 3, '2022-02-10 02:10:11'),
(9844, 10, 326, 74, '這個價格吃到這個東西真的無可挑剔', 1, '2022-02-11 03:11:12'),
(9845, 10, 327, 74, '這個價格吃到這個東西真的無可挑剔', 1, '2022-02-11 03:11:12'),
(9846, 10, 328, 74, '這個價格吃到這個東西真的無可挑剔', 1, '2022-02-11 03:11:12'),
(9847, 10, 329, 74, '這個價格吃到這個東西真的無可挑剔', 1, '2022-02-11 03:11:12'),
(9848, 1, 330, 75, '超好吃的欸', 5, '2022-02-02 06:02:03'),
(9849, 1, 331, 75, '超好吃的欸', 5, '2022-02-02 06:02:03'),
(9850, 1, 332, 75, '超好吃的欸', 5, '2022-02-02 06:02:03'),
(9851, 2, 330, 75, '很划算', 1, '2022-02-03 07:03:04'),
(9852, 2, 331, 75, '很划算', 1, '2022-02-03 07:03:04'),
(9853, 2, 332, 75, '很划算', 1, '2022-02-03 07:03:04'),
(9854, 3, 330, 75, '每個禮拜都買好幾次東西超好吃', 3, '2022-02-04 08:04:05'),
(9855, 3, 331, 75, '每個禮拜都買好幾次東西超好吃', 3, '2022-02-04 08:04:05'),
(9856, 3, 332, 75, '每個禮拜都買好幾次東西超好吃', 3, '2022-02-04 08:04:05'),
(9857, 4, 330, 75, '還行吧', 3, '2022-02-05 09:05:06'),
(9858, 4, 331, 75, '還行吧', 3, '2022-02-05 09:05:06'),
(9859, 4, 332, 75, '還行吧', 3, '2022-02-05 09:05:06'),
(9860, 5, 330, 75, '老闆態度是在差什麼', 3, '2022-02-06 10:06:07'),
(9861, 5, 331, 75, '老闆態度是在差什麼', 3, '2022-02-06 10:06:07'),
(9862, 5, 332, 75, '老闆態度是在差什麼', 3, '2022-02-06 10:06:07'),
(9863, 6, 330, 75, '有股臭味', 1, '2022-02-07 11:07:08'),
(9864, 6, 331, 75, '有股臭味', 1, '2022-02-07 11:07:08'),
(9865, 6, 332, 75, '有股臭味', 1, '2022-02-07 11:07:08'),
(9866, 7, 330, 75, '不喜歡', 5, '2022-02-08 12:08:09'),
(9867, 7, 331, 75, '不喜歡', 5, '2022-02-08 12:08:09'),
(9868, 7, 332, 75, '不喜歡', 5, '2022-02-08 12:08:09'),
(9869, 8, 330, 75, '少給東西', 3, '2022-02-09 01:09:10'),
(9870, 8, 331, 75, '少給東西', 3, '2022-02-09 01:09:10'),
(9871, 8, 332, 75, '少給東西', 3, '2022-02-09 01:09:10'),
(9872, 9, 330, 75, '老闆人超好~!', 5, '2022-02-10 02:10:11'),
(9873, 9, 331, 75, '老闆人超好~!', 5, '2022-02-10 02:10:11'),
(9874, 9, 332, 75, '老闆人超好~!', 5, '2022-02-10 02:10:11'),
(9875, 10, 330, 75, '這個價格吃到這個東西真的無可挑剔', 5, '2022-02-11 03:11:12'),
(9876, 10, 331, 75, '這個價格吃到這個東西真的無可挑剔', 5, '2022-02-11 03:11:12'),
(9877, 10, 332, 75, '這個價格吃到這個東西真的無可挑剔', 5, '2022-02-11 03:11:12'),
(9878, 1, 333, 76, '超好吃的欸', 4, '2022-02-02 06:02:03'),
(9879, 2, 333, 76, '很划算', 1, '2022-02-03 07:03:04'),
(9880, 3, 333, 76, '每個禮拜都買好幾次東西超好吃', 4, '2022-02-04 08:04:05'),
(9881, 4, 333, 76, '還行吧', 5, '2022-02-05 09:05:06'),
(9882, 5, 333, 76, '老闆態度是在差什麼', 4, '2022-02-06 10:06:07'),
(9883, 6, 333, 76, '有股臭味', 2, '2022-02-07 11:07:08'),
(9884, 7, 333, 76, '不喜歡', 1, '2022-02-08 12:08:09'),
(9885, 8, 333, 76, '少給東西', 3, '2022-02-09 01:09:10'),
(9886, 9, 333, 76, '老闆人超好~!', 2, '2022-02-10 02:10:11'),
(9887, 10, 333, 76, '這個價格吃到這個東西真的無可挑剔', 1, '2022-02-11 03:11:12');

-- --------------------------------------------------------

--
-- 資料表結構 `shopping_cart`
--

CREATE TABLE `shopping_cart` (
  `id` int(5) NOT NULL,
  `store_id` int(5) NOT NULL,
  `user_id` int(5) NOT NULL,
  `products_id` int(5) NOT NULL,
  `amount` int(5) NOT NULL
) ENGINE=InnoDB DEFAULT CHARSET=utf8mb4 COLLATE=utf8mb4_unicode_ci;

--
-- 傾印資料表的資料 `shopping_cart`
--

INSERT INTO `shopping_cart` (`id`, `store_id`, `user_id`, `products_id`, `amount`) VALUES
(46, 3, 1, 15, 4);

-- --------------------------------------------------------

--
-- 資料表結構 `stores`
--

CREATE TABLE `stores` (
  `id` int(4) UNSIGNED NOT NULL,
  `logo` varchar(150) COLLATE utf8mb4_unicode_ci NOT NULL,
  `bossname` varchar(20) COLLATE utf8mb4_unicode_ci NOT NULL,
  `name` varchar(50) COLLATE utf8mb4_unicode_ci NOT NULL,
  `email` varchar(50) COLLATE utf8mb4_unicode_ci NOT NULL,
  `account` varchar(50) COLLATE utf8mb4_unicode_ci NOT NULL,
  `password` varchar(150) COLLATE utf8mb4_unicode_ci NOT NULL,
  `tel_no` varchar(20) COLLATE utf8mb4_unicode_ci NOT NULL,
  `address` varchar(50) COLLATE utf8mb4_unicode_ci NOT NULL,
  `close_day` varchar(20) COLLATE utf8mb4_unicode_ci NOT NULL,
  `open_time` time(6) DEFAULT NULL,
  `close_time` time(6) DEFAULT NULL,
  `certification_img` varchar(250) COLLATE utf8mb4_unicode_ci NOT NULL,
  `stores_category_id` int(5) NOT NULL,
  `created_at` datetime NOT NULL,
  `valid` tinyint(4) NOT NULL
) ENGINE=InnoDB DEFAULT CHARSET=utf8mb4 COLLATE=utf8mb4_unicode_ci;

--
-- 傾印資料表的資料 `stores`
--

INSERT INTO `stores` (`id`, `logo`, `bossname`, `name`, `email`, `account`, `password`, `tel_no`, `address`, `close_day`, `open_time`, `close_time`, `certification_img`, `stores_category_id`, `created_at`, `valid`) VALUES
(1, '01.jpg', '楊昆幸', '豪記港式飲茶 永福店', 'crd62707@zwoho.com', '', '', '035550000', '桃園市中壢區永福路938號', '[6]', '09:30:00.000000', '21:30:00.000000', '', 1, '2021-12-10 00:50:18', 1),
(2, '02.jpg', '林宥慧', '豪記港式飲茶 中園店', 'mdw59566@zwoho.com', '', '', '036879797', '桃園市中壢區中園路二段509號4樓', '[1,3]', '09:30:00.000000', '21:30:00.000000', '', 1, '2021-12-10 00:57:43', 1),
(3, '03.jpg', '林凱婷', '豪記港式飲茶 民權路店', 'jyl81035@boofx.com', '', '', '0312345678', '桃園市中壢區民權路398號', '[1,5]', '09:30:00.000000', '23:30:00.156000', '', 1, '2021-12-10 01:09:24', 1),
(4, '04.jpg', '張峻福', '麻古茶坊 環西店', 'ccj54983@boofx.com', '', '', '033770988', '桃園市中壢區環西路二段391號', '[1,3]', '09:30:00.000000', '22:30:00.156000', '', 7, '2021-12-10 01:11:51', 1),
(5, '05.jpg', '彭延季', '麻古茶坊 愛國路店', 'ssa98230@boofx.com', '', '', '034577868', '桃園市中壢區愛國路36巷67號', '[1,5]', '09:30:00.000000', '21:30:00.000000', '', 7, '2021-12-10 01:17:19', 1),
(6, '06.jpg', '洪其季', '麻古茶坊 中興店', 'lsf24243@zwoho.com', '', '', '0389512883', '桃園市龜山區中興路361號1樓', '[1,3]', '09:30:00.000000', '17:30:00.000000', '', 7, '2021-12-10 01:21:16', 1),
(7, '07.jpg', '劉亭佳', '麻古茶坊 環北店', 'ibe97919@cuoly.com', '', '', '034577868', '桃園市中壢區環北路82號', '[1,3]', '09:30:00.000000', '17:30:00.000000', '', 7, '2021-12-10 01:17:19', 1),
(8, '08.jpg', '郭曉方', '人伴胖甜點 元化店', 'obu71591@zwoho.com', '', '', '034577868', '桃園市中壢區元化路二段26號', '[1,3]', '09:30:00.000000', '17:30:00.000000', '', 8, '2021-12-10 01:17:19', 1),
(9, '09.jpg', '張依婷', '人伴胖甜點 元化二店', 'fdb99729@cuoly.com', '', '', '035550000', '桃園市中壢區元化路二段34-173號', '[1,3]', '09:30:00.000000', '22:30:00.156000', '', 8, '2021-12-10 00:50:18', 1),
(10, '10.jpg', '張怡如', '人伴胖甜點 慈惠店', 'qwd93632@zwoho.com', '', '', '036879797', '桃園市中壢區慈惠三街37號', '[1,3]', '09:30:00.000000', '22:30:00.156000', '', 8, '2021-12-10 00:57:43', 1),
(11, '11.jpg', '杜賢苓', '人伴胖甜點 桃鷹店', 'pgk02541@zwoho.com', '', '', '0312345678', '桃園市桃園區桃鶯路143號', '[1,3]', '09:30:00.000000', '22:30:00.156000', '', 8, '2021-12-10 01:09:24', 1),
(12, '12.jpg', '邱怡靜', '品饕自助餐 中壢民權店', 'qfo46041@cuoly.com', '', '', '033770988', '桃園市中壢區新明路271號', '[0]', '10:00:00.000000', '22:30:00.156000', '', 2, '2021-12-10 01:11:51', 1),
(13, '13.jpg', '曹陽學', '品饕自助餐 中壢環北店', 'hwv72047@cuoly.com', '', '', '034577868', '桃園市中壢區環北路533號', '[0]', '10:00:00.000000', '22:30:00.000000', '', 2, '2021-12-10 01:17:19', 1),
(14, '14.jpg', '謝鎮岳', '品饕自助餐 中壢新生店', 'hau53509@zwoho.com', '', '', '034893866', '桃園市中壢區新生路84號', '[0]', '10:00:00.000000', '22:30:00.156000', '', 2, '2021-12-10 01:21:16', 1),
(15, '15.jpg', '王勇萱', '品饕自助餐 中壢新明店', 'kft71295@cuoly.com', '', '', '034577868', '桃園市中壢區新明路63號', '[0]', '10:00:00.000000', '22:30:00.156000', '', 2, '2021-12-10 01:17:19', 1),
(16, '16.jpg', '王俊民', '品饕自助餐 中壢中和店', 'dnw24089@cuoly.com', '', '', '034577868', '桃園市中壢區中和路124號', '[0]', '10:00:00.000000', '22:30:00.156000', '', 2, '2021-12-10 01:17:19', 1),
(17, '17.jpg', '楊巧聿', '品饕自助餐 中壢新中北店', 'yrp18072@boofx.com', '', '', '035550000', '桃園市中壢區新中北路234號', '[0]', '10:00:00.000000', '22:30:00.156000', '', 2, '2021-12-10 00:50:18', 1),
(18, '18.jpg', '陳樂夫', '光覺咖啡 民權東店', 'mrc61505@zwoho.com', '', '', '036879797', '桃園市大溪區民權東路74號', '[1,3]', '09:30:00.000000', '22:30:00.156000', '', 6, '2021-12-10 00:57:43', 1),
(19, '19.jpg', '王良雯', '光覺咖啡 桃鷹店', 'mrc61505@zwoho.com', '', '', '0312345678', '桃園市八德區桃鶯路64號', '[1,3]', '09:30:00.000000', '20:30:00.405000', '', 6, '2021-12-10 01:09:24', 1),
(20, '20.jpg', '羅伶孜', '光覺咖啡 大仁五店', 'sfdg23@bvhrs.com', '', '', '033770988', '桃園市桃園區大仁五街15號', '[2]', '09:30:00.000000', '20:30:00.405000', '', 6, '2021-12-10 01:11:51', 1),
(21, '21.jpg', '潘美君', '沒有名字食堂 廣州店', 'erg5@bvhrs.com', '', '', '034577868', '桃園市中壢區廣州路13號', '[1,3]', '09:30:00.000000', '20:30:00.405000', '', 2, '2021-12-10 01:17:19', 1),
(22, '22.jpg', '陳肇興', '沒有名字食堂 中豐店', 'ghj3@bvhrs.comg', '', '', '034893866', '桃園市龍潭區中豐路中山段81號', '[1,3]', '09:30:00.000000', '22:30:00.156000', '', 2, '2021-12-10 01:21:16', 1),
(23, '23.jpg', '李瓊火', '沒有名字食堂 廣德店', 'dfg43t@bvhrs.com', '', '', '034577868', '桃園市平鎮區廣德街179號', '[1,3]', '09:30:00.000000', '20:30:00.405000', '', 2, '2021-12-10 01:17:19', 1),
(24, '24.jpg', '馮玄銘', '沒有名字食堂 中央西店', 'dfh6@bvhrs.com', '', '', '034577868', '桃園市中壢區中央西路二段245號', '[1,3]', '09:30:00.000000', '22:30:00.156000', '', 2, '2021-12-10 01:17:19', 1),
(25, '25.jpg', '吳辛辰', '麥式歐式麵包 新光店', 'hdth41@bvhrs.com', '', '', '035550000', '桃園市平鎮區新光路四段43-2號', '[1,3]', '09:30:00.000000', '22:30:00.156000', '', 9, '2021-12-10 00:50:18', 1),
(26, '26.jpg', '洪其季', '麥式歐式麵包 南平店', 'wet68@bvhrs.com', '', '', '0325683378', '桃園市桃園區南平路100號號1樓', '[1,3]', '09:30:00.000000', '20:30:00.405000', '', 9, '2021-12-10 00:57:43', 1),
(27, '27.jpg', '洪政宏', '麥式歐式麵包 大竹店', '787jgg@bvhrs.com', '', '', '0327771717', '桃園市蘆竹區大竹路405號1樓', '[1,3]', '09:30:00.000000', '22:30:00.156000', '', 9, '2021-12-10 01:09:24', 1),
(28, '28.jpg', '金中治', '麥式歐式麵包 永安店', 'gbdfgh24@bvhrs.com', '', '', '0327111883', '桃園市桃園區永安路361號', '[1,3]', '09:30:00.000000', '20:30:00.405000', '', 9, '2021-12-10 01:11:51', 1),
(29, '29.jpg', '陳文明', '181烘焙屋 大竹店', 'dgf56@bvhrs.com', '', '', '0325521787', '桃園市蘆竹區大竹路428-8號', '[1,3]', '08:30:00.000000', '22:30:00.156000', '', 9, '2021-12-10 01:17:19', 1),
(30, '30.jpg', '楊雅雯', '181烘焙屋 大竹二店', 'dfg67@bvhrs.com', '', '', '0387731913', '桃園市蘆竹區大竹路506-27號1樓', '[2]', '09:30:00.000000', '22:30:00.156000', '', 9, '2021-12-10 01:21:16', 1),
(31, '31.jpg', '劉佳琳', '181烘焙屋 廣州店', 'asf34@bvhrs.com', '', '', '034577868', '桃園市中壢區廣州路13號', '[1,3]', '09:30:00.000000', '22:30:00.156000', '', 9, '2021-12-10 01:17:19', 1),
(32, '32.jpg', '蔡宛星', '小胖烘焙房 平鎮新富店', 'dfg544@bvhrs.com', '', '', '035550000', '桃園市平鎮區中豐路295號', '[1,3]', '09:30:00.000000', '22:30:00.156000', '', 9, '2021-12-10 00:50:18', 1),
(33, '33.jpg', '吳佳蓉', '小胖烘焙房 中壢金陵店', 'dfg546@bvhrs.com', '', '', '036879797', '桃園市平鎮區金陵路36號', '[2]', '09:30:00.000000', '20:30:00.405000', '', 9, '2021-12-10 00:57:43', 1),
(34, '34.jpg', '林薇瑤', '小胖烘焙房 金隆店店', 'ghjg65@bvhrs.com', '', '', '0312345678', '桃園市平鎮區金陵路三段110號', '[1,3]', '09:30:00.000000', '22:30:00.156000', '', 9, '2021-12-10 01:09:24', 1),
(35, '35.jpg', '蕭佩君', '小胖烘焙房 中壢榮民店店', 'rtyrty2@bvhrs.com', '', '', '033770988', '桃園市中壢區榮民路115號', '[1,3]', '09:30:00.000000', '22:30:00.156000', '', 9, '2021-12-10 01:11:51', 1),
(36, '36.jpg', '李一禾', '小胖烘焙房 全龍昌店', 'fghg4@bvhrs.com', '', '', '034577868', '桃園市中壢區龍昌路276號', '[1,3]', '09:30:00.000000', '20:30:00.405000', '', 9, '2021-12-10 01:17:19', 1),
(37, '37.jpg', '鄭彥霖', '小胖烘焙房 龍南店店', 'ert5@bvhrs.com', '', '', '034893866', '桃園市平鎮區龍南路10號', '[2]', '09:30:00.000000', '22:30:00.156000', '', 9, '2021-12-10 01:21:16', 1),
(38, '38.jpg', '黃華辛', '小胖烘焙房 中豐店店', 'erte5@bvhrs.com', '', '', '034577868', '桃園市平鎮區中豐路南勢二段159號', '[1,3]', '09:30:00.000000', '22:30:00.156000', '', 9, '2021-12-10 01:17:19', 1),
(39, '39.jpg', '王子萱', '小胖烘焙房 山頂店', '8hkhjkms@bvhrs.com', '', '', '034577868', '桃園市平鎮區中豐路山頂段158號', '[1,3]', '09:30:00.000000', '22:30:00.156000', '', 9, '2021-12-10 01:17:19', 1),
(40, '40.jpg', '葉奕君', '小胖烘焙房 大溪員林店', 'etrebdfdb@bvhrs.com', '', '', '035550000', '桃園市大溪區員林路一段215-1號', '[1,3]', '09:30:00.000000', '20:30:00.405000', '', 9, '2021-12-10 00:50:18', 1),
(41, '41.jpg', '張致名', '阿魯米蛋糕烘焙 中壢新明店', 'sdfs325578@bvhrs.com', '', '', '036879797', '桃園市中壢區新明路2-4號', '[1,3]', '09:30:00.000000', '21:30:00.000000', '', 8, '2021-12-10 00:57:43', 1),
(42, '42.jpg', '賴秀琴', '阿魯米蛋糕烘焙 中壢元化店', 'cvbbrty767566@bvhrs.com', '', '', '0312345678', '桃園市中壢區元化路二段10號', '[1,3]', '09:30:00.000000', '20:30:00.405000', '', 8, '2021-12-10 01:09:24', 1),
(43, '43.jpg', '洪政宏', '阿魯米蛋糕烘焙 中壢健行長沙店', 'dfgdg124124@bvhrs.com', '', '', '033770988', '桃園市中壢區長沙路32號', '[2]', '09:30:00.000000', '21:30:00.000000', '', 8, '2021-12-10 01:11:51', 1),
(44, '44.jpg', '鄭彥霖', '阿魯米蛋糕烘焙 平鎮環南店', 'dfgdfg2@bvhrs.com', '', '', '034577868', '桃園市平鎮區環南路二段30號', '[1,3]', '08:30:00.000000', '22:30:00.156000', '', 8, '2021-12-10 01:17:19', 1),
(45, '45.jpg', '陳剛玟', '阿魯米蛋糕烘焙 平鎮金陵店', '234gdg@bvhrs.com', '', '', '034893866', '桃園市平鎮區金陵路三段66-1號', '[1,3]', '08:30:00.000000', '20:30:00.405000', '', 8, '2021-12-10 01:21:16', 1),
(46, '46.jpg', '黃維沛', '阿魯米蛋糕烘焙 新生店', 'sdgsdg54@bvhrs.com', '', '', '0323899048', '桃園市中壢區新生路266號', '[1,3]', '08:30:00.000000', '21:30:00.000000', '', 8, '2021-12-10 01:17:19', 1),
(47, '47.jpg', '謝冠燕', '鶴茶樓 新生店', 'dfg3346@bvhrs.comd', '', '', '0327752063', '桃園市中壢區新生路127號', '[1,3]', '09:30:00.000000', '21:30:00.000000', '', 7, '2021-12-10 00:50:18', 1),
(48, '48.jpg', '王秋燕', '鶴茶樓 中央店', 'ffgjfgj76@bvhrs.com', '', '', '0325081960', '桃園市中壢區中央西路一段102號', '[1,3]', '09:30:00.000000', '21:30:00.000000', '', 7, '2021-12-10 00:57:43', 1),
(49, '49.jpg', '陳文偉', '鶴茶樓 中正店', 'bnmbnssg43634@bvhrs.com', '', '', '0327115007', '桃園市中壢區中正路351號1樓', '[1,3]', '09:30:00.000000', '20:30:00.405000', '', 7, '2021-12-10 01:09:24', 1),
(50, '50.jpg', '林宗孝', '鶴茶樓 延平店', 'fgjfj56@bvhrs.com', '', '', '0325622558', '桃園市中壢區延平路602號', '[1,3]', '09:30:00.000000', '20:30:00.405000', '', 7, '2021-12-10 01:11:51', 1),
(51, '51.jpg', '錢允盈', '小老闆大東家', 'fjgfj788@bvhrs.com', '', '', '0917554861', '桃園市中壢區延平路288號1樓', '[1]', '09:30:00.000000', '21:30:00.000000', '', 1, '2021-12-10 01:17:19', 1),
(52, '52.jpg', '劉坤冰', '薛家切仔麵', 'fgjfgj34@bvhrs.com', '', '', '034260942', '桃園市中壢區中北路二段458號', '[1,3]', '09:30:00.000000', '20:30:00.405000', '', 2, '2021-12-10 01:21:16', 1),
(53, '53.jpg', '蔡雅堯', '宴先韓式紫菜包飯 中正店', 'fhgfgh5657@bvhrs.com', '', '', '033381518', '桃園市桃園區中正路418號', '[1,3]', '09:30:00.000000', '20:30:00.405000', '', 3, '2021-12-10 01:17:19', 1),
(54, '54.jpg', '陳君雨', '宴先韓式紫菜包飯 實踐店', '797891sdgsdg@bvhrs.com', '', '', '034260942', '桃園市中壢區實踐路126號', '[1,3]', '09:30:00.000000', '20:30:00.405000', '', 3, '2021-12-10 01:21:16', 1),
(55, '55.jpg', '陳佳茵', '宴先韓式紫菜包飯 桃鷹店', 'eryenvn456@bvhrs.com', '', '', '0335445644', '桃園市桃園區桃鶯路446號', '[1,3]', '09:30:00.000000', '20:30:00.405000', '', 3, '2021-12-10 01:17:19', 1),
(56, '56.jpg', '錢允盈', '泰鼎泰式料理 中壢店', 'hjaxcv2@bvhrs.com', '', '', '0917554861', '桃園市楊梅區武營街13-1號', '[1,3]', '09:30:00.000000', '20:30:00.405000', '', 4, '2021-12-10 01:17:19', 1),
(57, '57.jpg', '林俊榮', '泰鼎泰式料理 桃園店', 'dfgvnbnv134@bvhrs.com', '', '', '034260942', '桃園市中壢區中央東路144號', '[1,3]', '09:30:00.000000', '17:30:00.000000', '', 4, '2021-12-10 01:21:16', 1),
(58, '58.jpg', '林怡君', '泰鼎泰式料理 幸福店', 'dgdnhjm13634@bvhrs.com', '', '', '033381518', '桃園市中壢區福壽一街9巷', '[1,3]', '09:30:00.000000', '21:30:00.000000', '', 4, '2021-12-10 01:17:19', 1),
(59, '59.jpg', '崔國榮', '泰鼎泰式料理 新街溪店', '346346hgfha@bvhrs.com', '', '', '034260942', '桃園市中壢區溪州街', '[1,3]', '09:30:00.000000', '20:30:00.405000', '', 4, '2021-12-10 01:21:16', 1),
(60, '60.jpg', '陳蘭芸', '泰鼎泰式料理 公七店', 'ery573@bvhrs.com', '', '', '0335445644', '桃園市中壢區普義路66號', '[1,3]', '08:30:00.000000', '21:30:00.000000', '', 4, '2021-12-10 01:17:19', 1),
(61, '61.jpg', '劉美愛', '椰兄 大興店', 'dfgdn46745@bvhrs.com', '', '', '033169091', '桃園市桃園區大興路191號', '[1,3]', '08:30:00.000000', '21:30:00.000000', '', 4, '2021-12-10 01:17:19', 1),
(62, '62.jpg', '李雅雪', '椰兄 承德店', 'dfhdhf56756@bvhrs.com', '', '', '0323772227', '桃園市平鎮區承德路115號', '[1,3]', '08:30:00.000000', '22:30:00.156000', '', 4, '2021-12-10 01:21:16', 1),
(63, '63.jpg', '駱進盈', '椰兄 安平店', 'sgsdg124@bvhrs.com', '', '', '0325180896', '桃園市平鎮區安平街34巷2號', '[1,3]', '09:30:00.000000', '22:30:00.156000', '', 4, '2021-12-10 01:17:19', 1),
(64, '64.jpg', '林薇瑤', '食園小館', 'dfhkj67856@bvhrs.com', '', '', '0323656385', '桃園市平鎮區安平街34巷2號', '[1,3]', '09:30:00.000000', '21:30:00.000000', '', 3, '2021-12-10 01:21:16', 1),
(65, '65.jpg', '張柏青', '自然風味素食館', 'dfh5567@bvhrs.com', '', '', '0333651863', '桃園市中壢區領航南路三段395號', '[1,3]', '09:30:00.000000', '21:30:00.000000', '', 5, '2021-12-10 01:21:16', 1),
(66, '66.jpg', '陳美華', '哈米甜點工坊 高鐵店', 'sdgsd23525@bvhrs.com', '', '', '033169091', '桃園市中壢區高鐵北路二段2號', '[1]', '08:30:00.000000', '21:30:00.000000', '', 8, '2021-12-10 01:17:19', 1),
(67, '67.jpg', '涂美華', '哈米甜點工坊 大園店', 'fghfgh5685@bvhrs.com', '', '', '0323772227', '桃園市大園區領航北路四段216號', '[1]', '08:30:00.000000', '21:30:00.000000', '', 8, '2021-12-10 01:21:16', 1),
(68, '68.jpg', '張玉盛', '哈米甜點工坊 新生店', 'dhdfh12241@bvhrs.com', '', '', '0325180896', '桃園市中壢區新生路132號', '[1,3]', '08:30:00.000000', '21:30:00.000000', '', 8, '2021-12-10 01:17:19', 1),
(69, '69.jpg', '甄治忠', '哈米甜點工坊 中正店', 'rthtr@bvhrs.com', '', '', '0323656385', '桃園市中壢區中正路321號', '[1,3]', '08:30:00.000000', '21:30:00.000000', '', 8, '2021-12-10 01:21:16', 1),
(70, '70.jpg', '謝秉維', '阿正素食', 'rthhiu@bvhrs.com', '', '', '0333651863', '桃園市中壢區中山東路二段100號', '[1,3]', '08:30:00.000000', '21:30:00.000000', '', 5, '2021-12-10 01:21:16', 1),
(71, '71.jpg', '謝佳淳', '彰化素食館 大興店', 'tyjtyer@bvhrs.com', '', '', '033169091', '桃園市桃園區大興路191號', '[1,3]', '09:30:00.000000', '21:30:00.000000', '', 5, '2021-12-10 01:17:19', 1),
(72, '72.jpg', '陳瑋新', '咖哩殿 忠孝店', 'ertghjhg@bvhrs.com', '', '', '0323772227', '桃園市中壢區忠孝路34號', '[1]', '09:30:00.000000', '21:30:00.000000', '', 1, '2021-12-10 01:21:16', 1),
(73, '73.jpg', '陳朝沛', '咖哩殿 環中店', 'erfdgn@bvhrs.com', '', '', '0325180896', '桃園市中壢區環中東路196號', '[1,3]', '09:30:00.000000', '21:30:00.000000', '', 1, '2021-12-10 01:17:19', 1),
(74, '74.jpg', '何建宇', '阿賢排骨便當', 'wetxf@bvhrs.com', '', '', '0323656385', '桃園市桃園區國際路一段1107號1樓', '[1,3]', '09:30:00.000000', '21:30:00.000000', '', 2, '2021-12-10 01:21:16', 1),
(75, '75.jpg', '陳巧雄', '山米飯丸', 'fghfg@bvhrs.com', '', '', '0333651863', '桃園市桃園區龍安街145號', '[1,3]', '09:30:00.000000', '21:30:00.000000', '', 2, '2021-12-10 01:21:16', 1),
(76, '76.jpg', '林冠珠', '廟口老吃雞鹹水雞', 'dggdgd@bvhrs.com', '', '', '033169091', '桃園市桃園區中華路30號號1樓', '[1,3]', '09:30:00.000000', '21:30:00.000000', '', 2, '2021-12-10 01:17:19', 1);

-- --------------------------------------------------------

--
-- 資料表結構 `stores_category`
--

CREATE TABLE `stores_category` (
  `id` int(5) NOT NULL,
  `category` varchar(50) CHARACTER SET utf8mb4 COLLATE utf8mb4_unicode_ci NOT NULL,
  `valid` tinyint(4) NOT NULL
) ENGINE=InnoDB DEFAULT CHARSET=utf8mb4;

--
-- 傾印資料表的資料 `stores_category`
--

INSERT INTO `stores_category` (`id`, `category`, `valid`) VALUES
(1, '港式', 1),
(2, '中式', 1),
(3, '韓式', 1),
(4, '泰式', 1),
(5, '蔬食', 1),
(6, '西式', 1),
(7, '飲料', 1),
(8, '甜點', 1),
(9, '麵包', 1);

-- --------------------------------------------------------

--
-- 資料表結構 `users`
--

CREATE TABLE `users` (
  `id` int(11) NOT NULL,
  `headshots` varchar(100) DEFAULT NULL,
  `account` varchar(50) CHARACTER SET utf8mb4 COLLATE utf8mb4_unicode_ci DEFAULT NULL,
  `password` varchar(150) CHARACTER SET utf8mb4 COLLATE utf8mb4_unicode_ci NOT NULL,
  `name` varchar(50) NOT NULL,
  `credit_card` varchar(100) DEFAULT NULL,
  `credit_number` varchar(50) DEFAULT NULL,
  `email` varchar(50) CHARACTER SET utf8mb4 COLLATE utf8mb4_unicode_ci NOT NULL,
  `address` varchar(50) DEFAULT NULL,
  `phone` varchar(20) NOT NULL,
  `created_at` datetime DEFAULT current_timestamp(),
  `valid` tinyint(4) NOT NULL
) ENGINE=InnoDB DEFAULT CHARSET=utf8mb4;

--
-- 傾印資料表的資料 `users`
--

INSERT INTO `users` (`id`, `headshots`, `account`, `password`, `name`, `credit_card`, `credit_number`, `email`, `address`, `phone`, `created_at`, `valid`) VALUES
(1, '/static/uploads/headshots/member-1646471470852.jpg', NULL, '$argon2i$v=19$m=4096,t=3,p=1$IIu0BgypDDWvfrdHqdezXw$n+hJBF1UYi9y+HvSTnSwDPmPSR+ar4CPQyvmBszCbw0', '青森犬', NULL, NULL, 'aomoridog@japan.com', NULL, '0911122233', NULL, 1),
(2, '/static/uploads/headshots/member-1646471552744.jpg', NULL, '$argon2i$v=19$m=4096,t=3,p=1$R5xRihwymOCWBEZ5kPdfGg$GLpMRtgL9C+zL/HdmcwNOhFZiP9DrujD6dusgRFcdtE', '史瑞克', NULL, NULL, 'shrek@test.com', NULL, '0933444555', NULL, 1),
(3, '/static/uploads/headshots/member-1646471715912.jpg', NULL, '$argon2i$v=19$m=4096,t=3,p=1$qwyH4nfZqOTCCJ/cLOJv4w$L5XqkVssbLiBqdTgwz/HU+vm08lKNv1QTyCDPDxsjsU', '寶寶', NULL, NULL, 'hikari@test.com', NULL, '0988777666', NULL, 1),
(4, '/static/uploads/headshots/member-1646471961558.jpg', NULL, '$argon2i$v=19$m=4096,t=3,p=1$svn8zHsOr9bbl6GO00cl/w$SvWaOA5mm2DTfLwtCw5B9JyQPps9tBMTYa94H8PlCiY', 'Peter Parker', NULL, NULL, 'spider@spider.com', NULL, '0933567567', NULL, 1),
(5, '/static/uploads/headshots/member-1646472059130.jpg', NULL, '$argon2i$v=19$m=4096,t=3,p=1$86vd4akL6f17Yn9CxVQwTg$TjVySnZOb5bsJXet4MljDQ7IyT6dnxGkxv375iE3uSw', '光頭王', NULL, NULL, 'punch@one.com', NULL, '0922565565', NULL, 1),
(6, '/static/uploads/headshots/member-1646472146752.jpg', NULL, '$argon2i$v=19$m=4096,t=3,p=1$G0UCFSIvchKUaMyhLhGtlg$qrNBlOTmNd6wdmYZbvcQ0OuezWztaDWfwhkmVPDHyb0', '小不點', NULL, NULL, 'small@moomin.com', NULL, '0911122233', NULL, 1),
(7, '/static/uploads/headshots/member-1646472350288.jpg', NULL, '$argon2i$v=19$m=4096,t=3,p=1$GpRZI/q1rXa+RxBHqpciXA$wxJjCczXjCpFoKZ3obass9/AOQJJwAygJ/6+6mk+sjA', '石頭先生', NULL, NULL, 'rock@therock.com', NULL, '0911122233', NULL, 1),
(8, '/static/uploads/headshots/member-1646472480378.jpg', NULL, '$argon2i$v=19$m=4096,t=3,p=1$xValY4aKoBDWVY68cXjUkQ$JKpEKFmOmUZqRln6tzNbfMwDFG4eGe77gXXCr4NvuoY', '臭猴子', NULL, NULL, 'ape@ape.com', NULL, '0912222229', NULL, 1),
(9, '/static/uploads/headshots/member-1646472593397.jpg', NULL, '$argon2i$v=19$m=4096,t=3,p=1$HrsJNUVOib+E3HXaiWDqpQ$+dCACVN8HPEs9Lpin9rlTKo5tPmzu+TBApqG9ADTnaU', '咪木', NULL, NULL, 'mimi@test.com', NULL, '0911122233', NULL, 1),
(10, '/static/uploads/headshots/member-1646472678944.jpg', NULL, '$argon2i$v=19$m=4096,t=3,p=1$C0ggczNwQz1mNFVBJSXv7w$PcLD3qY4DR47vN43yCdSbaqkIEM+9OFbQPnGGoIVB+0', '小新', NULL, NULL, 'shin@shin.com', NULL, '0911122233', NULL, 1),
(11, '/static/uploads/headshots/member-1646472839150.png', NULL, '$argon2i$v=19$m=4096,t=3,p=1$VbmcOiCZk7qlmsWxwvHY8Q$QI4lEsT6VwVmY2J+u4Ge2MLrqHNiTB8i7QJzdxKw5ks', '小扁', NULL, NULL, 'snake@ss.com', NULL, '0956565656', NULL, 1),
(12, '/static/uploads/headshots/member-1646473034442.png', NULL, '$argon2i$v=19$m=4096,t=3,p=1$yypR1krsZokqyAFd0kK8CA$q7ES1jAOCITT3qgaKgaw6dhODiQYnj65RmrwDb4haQ4', '鐘熱拿', NULL, NULL, 'latte@latte.com', NULL, '0923423423', NULL, 1),
(13, '/static/uploads/headshots/member-1646473122167.jpg', NULL, '$argon2i$v=19$m=4096,t=3,p=1$xRXZfA5g0bdsMFAkPS8Xew$kTW6Qr2gUa6Nd98cFRcOTkJNYE1qIuZvP1uJoFRA4vM', '張郎', NULL, NULL, 'lang@lang.com', NULL, '0912332112', NULL, 1),
(14, '/static/uploads/headshots/member-1646473273986.jpg', NULL, '$argon2i$v=19$m=4096,t=3,p=1$fR4vyccnzozyGBP0K8VRog$z+LqOZYTihu1rWzU5MW/IeH4TKmVQoHDj526OwKmA3M', '王大力', NULL, NULL, 'wang@wang.com', NULL, '0923234345', NULL, 1),
(15, '/static/uploads/headshots/member-1646473509639.jpg', NULL, '$argon2i$v=19$m=4096,t=3,p=1$D8aH2rC5uthYEJ/RlvvSbQ$gct8oBrn8KBt+6BVQlHHmYTNBSZQN5FbcCtW00bcFnQ', '小波', NULL, NULL, 'po@test.com', NULL, '0911122233', NULL, 1),
(16, '/static/uploads/headshots/member-1646473704220.jpeg', NULL, '$argon2i$v=19$m=4096,t=3,p=1$P7emm8ajLfRPy0DfsFFNug$IxUM/YmKWUMP+vXghcf8ssW3cru8eSRTOolX+VohVa0', '香檳王', NULL, NULL, 'dom@test.com', NULL, '0933565757', NULL, 1),
(17, '/static/uploads/headshots/member-1646473853079.jpeg', NULL, '$argon2i$v=19$m=4096,t=3,p=1$+H4NA/WqHEkN17zWoMd7oQ$AQskcR6tDCt8jRQbOZ/kzfmtrPz5N63RiTCRlcfU060', 'Cleo', NULL, NULL, 'cleo@patra.com', NULL, '0956565656', NULL, 1),
(18, '/static/uploads/headshots/member-1646474008136.jpg', NULL, '$argon2i$v=19$m=4096,t=3,p=1$vxZbGPe9YEsKZ2T6SOGtiQ$dF20YiEIbzg/zQ39IKWduG5Rv1SVSRK7nLEV205OliQ', '白熊', NULL, NULL, 'pai@shon.com', NULL, '0911122233', NULL, 1),
(19, '/static/uploads/headshots/member-1646474297646.jpg', NULL, '$argon2i$v=19$m=4096,t=3,p=1$Oime734N3f1hcg7Xxk97gg$BrA/qZDjpH7ccR/pPU/1wra/TU/S5VrJgVsCVCKRNn8', 'Steve R.', NULL, NULL, 'steve@ca.com', NULL, '0911122233', NULL, 1),
(20, '/static/uploads/headshots/member-1646474351554.jpg', NULL, '$argon2i$v=19$m=4096,t=3,p=1$wvdQOxs+jeqUn0oMo1rVOw$6yOSmcPuPY3/msC9ZIo1XoEaxTe9FW4sS0UmXvGRWvE', '毛毛', NULL, NULL, 'btc@btc.com', NULL, '0911122233', NULL, 1),
(21, '/static/uploads/headshots/member-1646474488591.jpg', NULL, '$argon2i$v=19$m=4096,t=3,p=1$czKx52uqV/iews2kAcEK6A$zdvUzJEqVOUtvJPeaSVb6HQocJVVmqgUGQF7yqPxYDc', 'Homer S', NULL, NULL, 'homer@homer.com', NULL, '0911122233', NULL, 1),
(22, '/static/uploads/headshots/member-1646474553907.jpeg', NULL, '$argon2i$v=19$m=4096,t=3,p=1$VyPlqqVNSNvfgbPIFVC8zQ$CfKheQlgMhglJmPK8RvHYW1gCvC8CSArklt8Wx7vFWs', '泰迪熊', NULL, NULL, 'ted@ted.com', NULL, '0911122233', NULL, 1),
(23, '/static/uploads/headshots/member-1646474704228.jpeg', NULL, '$argon2i$v=19$m=4096,t=3,p=1$57w0mSVA3lZB2zZLc2A2Cw$Tp6p4DZf2Y6H2caKHfRJhaYHoROFgneHxvDU0dsaEPE', '江志文', NULL, NULL, 'weng@weng.com', NULL, '0911122233', NULL, 1),
(24, '/static/uploads/headshots/member-1646475370486.jpeg', NULL, '$argon2i$v=19$m=4096,t=3,p=1$CZ6HYa84RNtWoYkRP0RueQ$DqSyxR6GOww7YKbHu/YKgDc9IhrbLAcIGbNwUVCF+74', '蔣光超', NULL, NULL, 'song@test.com', NULL, '0911122233', '2022-03-05 18:14:15', 1),
(25, '/static/uploads/headshots/member-1646475472965.jpg', NULL, '$argon2i$v=19$m=4096,t=3,p=1$LnQeFZxiF2ZA6AqopppRAg$mfwVkUbu6vsF9OTTbiYyQpbLoOuKTuYmx4dmxygNIfg', '布跩哥', NULL, NULL, 'draco@hp.com', NULL, '0911122233', '2022-03-05 18:16:43', 1),
(26, '/static/uploads/headshots/member-1646475578041.jpg', NULL, '$argon2i$v=19$m=4096,t=3,p=1$tD/HwuSE8f4ArbbAkYnasQ$jzrH8kSl6MDHFwKnuqME1n54+zQyCqrsxs3d8JIrnXM', 'Ash', NULL, NULL, 'ash@eu.com', NULL, '0911122233', '2022-03-05 18:18:29', 1),
(27, '/static/uploads/headshots/member-1646475667101.jpeg', NULL, '$argon2i$v=19$m=4096,t=3,p=1$QzhpxEe/+rWmt6jlgb+u2A$0IFEidX8elAoZ7bMSLl6vpc5sx8ZhDWQqyhxTaQdLvU', '細菌人', NULL, NULL, 'germ@pm.com', NULL, '0919982341', '2022-03-05 18:20:26', 1),
(28, '/static/uploads/headshots/member-1646476161222.jpeg', NULL, '$argon2i$v=19$m=4096,t=3,p=1$VdUEblWJF76qJ8HSeeIOjw$Id0KqyX1E4b+YdZPjyPEzUQia/azQVEekvwYTJZ1fXo', 'JSON', NULL, NULL, 'json@json.com', NULL, '0909877126', '2022-03-05 18:21:46', 1),
(29, '/static/uploads/headshots/member-1646476310277.jpg', NULL, '$argon2i$v=19$m=4096,t=3,p=1$Av5wkJNqo9mklouTjwkOnw$gBAWD1o4gzXxTAwWnXjqDlHMIeqSgrfEs4TLK6FFTdo', '鐘冰美', NULL, NULL, 'em@em.com', NULL, '0986797765', '2022-03-05 18:30:59', 1),
(30, '/static/uploads/headshots/member-1646476439747.jpg', NULL, '$argon2i$v=19$m=4096,t=3,p=1$2udKNkxth5A+yhO5Lw1fWA$Le7BzB/t1yUNibIPb5XTRoZ8YDRrZriEFnFsNItMQ5I', '牙牙', NULL, NULL, 'fang@hp.com', NULL, '0975757575', '2022-03-05 18:32:52', 1),
(31, '/static/uploads/headshots/member-1646636375431.png', NULL, '$argon2i$v=19$m=4096,t=3,p=1$WoyLb8x82zv5eFrmnn9Ubw$Rk/M7O58i0UF/k78KhOxpuKqsnSbY4xm+ExyCZWffTM', '哈特利', NULL, NULL, 'goodtogo@test.com', NULL, '0900111223', '2022-03-07 14:59:19', 1),
(32, '/static/uploads/headshots/member-1646636604876.png', NULL, '$argon2i$v=19$m=4096,t=3,p=1$9xl1MdQEBkeLQDLjb//Zkg$tLW/1a+iNIPTzKW2RuTXDacLNCZlXbJGr5+dW0YoIrc', '嚕嚕咪', NULL, NULL, 'moomin@test.com', NULL, '0988822233', '2022-03-07 15:00:20', 1),
(33, '/static/uploads/headshots/member-1646679341031.png', NULL, '$argon2i$v=19$m=4096,t=3,p=1$OAxKDA0icePLy73NntdLuQ$qeAqC4Nhp/CGlJczXR7BG5/jvIhCm59wktAUEwzjuvs', 'tttttt', '$argon2i$v=19$m=4096,t=3,p=1$a+nHmJJyIJWH220D1ScVpw$wMKH5C5CvJXSMvPJzn0Pc6fUGByNWODxQwFf2Z0nXAI', '5555', 'tttt@test.com', NULL, '0911122233', '2022-03-07 18:55:03', 1);

-- --------------------------------------------------------

--
-- 資料表結構 `user_like`
--

CREATE TABLE `user_like` (
  `id` int(5) NOT NULL,
  `user_id` int(5) NOT NULL,
  `store_id` int(5) NOT NULL
) ENGINE=InnoDB DEFAULT CHARSET=utf8mb4 COLLATE=utf8mb4_unicode_ci;

--
-- 傾印資料表的資料 `user_like`
--

INSERT INTO `user_like` (`id`, `user_id`, `store_id`) VALUES
(69, 1, 1),
(70, 1, 2),
(71, 1, 3),
(72, 1, 4),
(73, 1, 5),
(74, 1, 6),
(75, 1, 7),
(76, 1, 8),
(77, 1, 9),
(78, 1, 10),
(79, 1, 11),
(80, 1, 12),
(81, 1, 13),
(84, 1, 16),
(85, 1, 17),
(87, 1, 19),
(88, 1, 20),
(89, 1, 21),
(90, 1, 22),
(91, 1, 23),
(92, 1, 24),
(93, 1, 25),
(94, 1, 26),
(95, 1, 27),
(96, 1, 28),
(97, 1, 29),
(98, 1, 30),
(99, 1, 31),
(101, 1, 33),
(102, 1, 34),
(105, 1, 37),
(106, 1, 38),
(107, 1, 39),
(108, 1, 40),
(111, 1, 43),
(112, 1, 44),
(113, 1, 45),
(114, 1, 46),
(115, 1, 47),
(116, 1, 48),
(117, 1, 49),
(118, 1, 50),
(120, 1, 52),
(121, 1, 53),
(122, 1, 54),
(123, 1, 55),
(125, 1, 57),
(126, 1, 58),
(127, 1, 59),
(129, 1, 61),
(130, 1, 62),
(131, 1, 63),
(132, 1, 64),
(134, 1, 66),
(135, 1, 67),
(136, 1, 68),
(137, 1, 69),
(138, 1, 70),
(139, 1, 71),
(141, 1, 73),
(142, 1, 74),
(143, 1, 75),
(144, 1, 76),
(145, 2, 1),
(146, 2, 2),
(147, 2, 3),
(148, 2, 4),
(149, 2, 5),
(150, 2, 6),
(151, 2, 7),
(152, 2, 8),
(153, 2, 9),
(154, 2, 10),
(155, 2, 11),
(156, 2, 12),
(157, 2, 13),
(160, 2, 16),
(161, 2, 17),
(163, 2, 19),
(164, 2, 20),
(165, 2, 21),
(166, 2, 22),
(167, 2, 23),
(169, 2, 25),
(170, 2, 26),
(171, 2, 27),
(173, 2, 29),
(174, 2, 30),
(175, 2, 31),
(177, 2, 33),
(178, 2, 34),
(181, 2, 37),
(182, 2, 38),
(183, 2, 39),
(184, 2, 40),
(187, 2, 43),
(188, 2, 44),
(189, 2, 45),
(190, 2, 46),
(191, 2, 47),
(192, 2, 48),
(193, 2, 49),
(194, 2, 50),
(196, 2, 52),
(197, 2, 53),
(198, 2, 54),
(199, 2, 55),
(201, 2, 57),
(202, 2, 58),
(203, 2, 59),
(206, 2, 62),
(207, 2, 63),
(208, 2, 64),
(210, 2, 66),
(211, 2, 67),
(212, 2, 68),
(213, 2, 69),
(214, 2, 70),
(215, 2, 71),
(216, 2, 72),
(217, 2, 73),
(218, 2, 74),
(219, 2, 75),
(220, 2, 76),
(221, 3, 1),
(222, 3, 2),
(223, 3, 3),
(225, 3, 5),
(226, 3, 6),
(228, 3, 8),
(229, 3, 9),
(230, 3, 10),
(231, 3, 11),
(232, 3, 12),
(236, 3, 16),
(237, 3, 17),
(239, 3, 19),
(240, 3, 20),
(241, 3, 21),
(242, 3, 22),
(243, 3, 23),
(245, 3, 25),
(246, 3, 26),
(247, 3, 27),
(249, 3, 29),
(250, 3, 30),
(251, 3, 31),
(253, 3, 33),
(254, 3, 34),
(255, 3, 35),
(258, 3, 38),
(259, 3, 39),
(260, 3, 40),
(261, 3, 41),
(262, 3, 42),
(263, 3, 43),
(264, 3, 44),
(265, 3, 45),
(266, 3, 46),
(267, 3, 47),
(268, 3, 48),
(269, 3, 49),
(270, 3, 50),
(272, 3, 52),
(273, 3, 53),
(274, 3, 54),
(275, 3, 55),
(276, 3, 56),
(277, 3, 57),
(278, 3, 58),
(279, 3, 59),
(283, 3, 63),
(284, 3, 64),
(286, 3, 66),
(288, 3, 68),
(289, 3, 69),
(290, 3, 70),
(291, 3, 71),
(292, 3, 72),
(294, 3, 74),
(295, 3, 75),
(296, 3, 76),
(297, 4, 1),
(298, 4, 2),
(299, 4, 3),
(301, 4, 5),
(302, 4, 6),
(305, 4, 9),
(306, 4, 10),
(307, 4, 11),
(308, 4, 12),
(312, 4, 16),
(313, 4, 17),
(315, 4, 19),
(316, 4, 20),
(317, 4, 21),
(318, 4, 22),
(319, 4, 23),
(321, 4, 25),
(322, 4, 26),
(323, 4, 27),
(325, 4, 29),
(326, 4, 30),
(327, 4, 31),
(328, 4, 32),
(329, 4, 33),
(330, 4, 34),
(331, 4, 35),
(332, 4, 36),
(334, 4, 38),
(335, 4, 39),
(336, 4, 40),
(337, 4, 41),
(338, 4, 42),
(339, 4, 43),
(340, 4, 44),
(341, 4, 45),
(342, 4, 46),
(343, 4, 47),
(344, 4, 48),
(345, 4, 49),
(346, 4, 50),
(348, 4, 52),
(349, 4, 53),
(350, 4, 54),
(351, 4, 55),
(352, 4, 56),
(353, 4, 57),
(354, 4, 58),
(355, 4, 59),
(359, 4, 63),
(360, 4, 64),
(362, 4, 66),
(364, 4, 68),
(365, 4, 69),
(366, 4, 70),
(367, 4, 71),
(368, 4, 72),
(370, 4, 74),
(371, 4, 75),
(372, 4, 76),
(373, 5, 1),
(374, 5, 2),
(375, 5, 3),
(376, 5, 4),
(377, 5, 5),
(378, 5, 6),
(379, 5, 7),
(380, 5, 8),
(381, 5, 9),
(382, 5, 10),
(383, 5, 11),
(384, 5, 12),
(388, 5, 16),
(389, 5, 17),
(391, 5, 19),
(392, 5, 20),
(395, 5, 23),
(397, 5, 25),
(398, 5, 26),
(399, 5, 27),
(401, 5, 29),
(402, 5, 30),
(403, 5, 31),
(404, 5, 32),
(405, 5, 33),
(406, 5, 34),
(407, 5, 35),
(408, 5, 36),
(410, 5, 38),
(411, 5, 39),
(412, 5, 40),
(413, 5, 41),
(414, 5, 42),
(415, 5, 43),
(416, 5, 44),
(417, 5, 45),
(419, 5, 47),
(420, 5, 48),
(421, 5, 49),
(422, 5, 50),
(423, 5, 51),
(424, 5, 52),
(425, 5, 53),
(426, 5, 54),
(427, 5, 55),
(428, 5, 56),
(429, 5, 57),
(430, 5, 58),
(431, 5, 59),
(435, 5, 63),
(436, 5, 64),
(440, 5, 68),
(441, 5, 69),
(442, 5, 70),
(443, 5, 71),
(444, 5, 72),
(445, 5, 73),
(446, 5, 74),
(447, 5, 75),
(448, 5, 76),
(449, 6, 1),
(450, 6, 2),
(451, 6, 3),
(452, 6, 4),
(453, 6, 5),
(454, 6, 6),
(455, 6, 7),
(456, 6, 8),
(457, 6, 9),
(458, 6, 10),
(459, 6, 11),
(460, 6, 12),
(462, 6, 14),
(463, 6, 15),
(464, 6, 16),
(465, 6, 17),
(467, 6, 19),
(468, 6, 20),
(471, 6, 23),
(473, 6, 25),
(474, 6, 26),
(477, 6, 29),
(478, 6, 30),
(479, 6, 31),
(480, 6, 32),
(481, 6, 33),
(482, 6, 34),
(483, 6, 35),
(484, 6, 36),
(486, 6, 38),
(487, 6, 39),
(488, 6, 40),
(489, 6, 41),
(490, 6, 42),
(491, 6, 43),
(492, 6, 44),
(493, 6, 45),
(495, 6, 47),
(496, 6, 48),
(498, 6, 50),
(499, 6, 51),
(500, 6, 52),
(501, 6, 53),
(502, 6, 54),
(503, 6, 55),
(504, 6, 56),
(506, 6, 58),
(507, 6, 59),
(509, 6, 61),
(511, 6, 63),
(512, 6, 64),
(513, 6, 65),
(515, 6, 67),
(516, 6, 68),
(517, 6, 69),
(518, 6, 70),
(519, 6, 71),
(520, 6, 72),
(521, 6, 73),
(522, 6, 74),
(523, 6, 75),
(524, 6, 76),
(525, 7, 1),
(526, 7, 2),
(527, 7, 3),
(528, 7, 4),
(529, 7, 5),
(530, 7, 6),
(531, 7, 7),
(532, 7, 8),
(533, 7, 9),
(534, 7, 10),
(536, 7, 12),
(538, 7, 14),
(539, 7, 15),
(541, 7, 17),
(543, 7, 19),
(544, 7, 20),
(547, 7, 23),
(549, 7, 25),
(550, 7, 26),
(553, 7, 29),
(555, 7, 31),
(556, 7, 32),
(557, 7, 33),
(558, 7, 34),
(559, 7, 35),
(560, 7, 36),
(562, 7, 38),
(563, 7, 39),
(564, 7, 40),
(565, 7, 41),
(566, 7, 42),
(567, 7, 43),
(568, 7, 44),
(569, 7, 45),
(571, 7, 47),
(572, 7, 48),
(574, 7, 50),
(575, 7, 51),
(576, 7, 52),
(577, 7, 53),
(578, 7, 54),
(579, 7, 55),
(580, 7, 56),
(582, 7, 58),
(583, 7, 59),
(585, 7, 61),
(586, 7, 62),
(587, 7, 63),
(588, 7, 64),
(589, 7, 65),
(591, 7, 67),
(592, 7, 68),
(593, 7, 69),
(594, 7, 70),
(595, 7, 71),
(596, 7, 72),
(597, 7, 73),
(598, 7, 74),
(599, 7, 75),
(600, 7, 76),
(601, 8, 1),
(602, 8, 2),
(603, 8, 3),
(604, 8, 4),
(605, 8, 5),
(606, 8, 6),
(609, 8, 9),
(610, 8, 10),
(612, 8, 12),
(614, 8, 14),
(615, 8, 15),
(619, 8, 19),
(620, 8, 20),
(623, 8, 23),
(624, 8, 24),
(625, 8, 25),
(626, 8, 26),
(627, 8, 27),
(631, 8, 31),
(632, 8, 32),
(633, 8, 33),
(634, 8, 34),
(635, 8, 35),
(636, 8, 36),
(637, 8, 37),
(638, 8, 38),
(639, 8, 39),
(640, 8, 40),
(641, 8, 41),
(642, 8, 42),
(643, 8, 43),
(644, 8, 44),
(645, 8, 45),
(648, 8, 48),
(650, 8, 50),
(651, 8, 51),
(652, 8, 52),
(653, 8, 53),
(654, 8, 54),
(655, 8, 55),
(656, 8, 56),
(658, 8, 58),
(659, 8, 59),
(661, 8, 61),
(662, 8, 62),
(663, 8, 63),
(664, 8, 64),
(665, 8, 65),
(667, 8, 67),
(668, 8, 68),
(669, 8, 69),
(670, 8, 70),
(671, 8, 71),
(672, 8, 72),
(673, 8, 73),
(674, 8, 74),
(675, 8, 75),
(676, 8, 76),
(677, 9, 1),
(678, 9, 2),
(679, 9, 3),
(681, 9, 5),
(682, 9, 6),
(683, 9, 7),
(684, 9, 8),
(685, 9, 9),
(686, 9, 10),
(687, 9, 11),
(688, 9, 12),
(690, 9, 14),
(691, 9, 15),
(695, 9, 19),
(696, 9, 20),
(697, 9, 21),
(699, 9, 23),
(700, 9, 24),
(702, 9, 26),
(703, 9, 27),
(707, 9, 31),
(708, 9, 32),
(709, 9, 33),
(710, 9, 34),
(711, 9, 35),
(712, 9, 36),
(713, 9, 37),
(714, 9, 38),
(715, 9, 39),
(716, 9, 40),
(717, 9, 41),
(718, 9, 42),
(719, 9, 43),
(720, 9, 44),
(721, 9, 45),
(722, 9, 46),
(724, 9, 48),
(726, 9, 50),
(727, 9, 51),
(728, 9, 52),
(729, 9, 53),
(730, 9, 54),
(731, 9, 55),
(732, 9, 56),
(734, 9, 58),
(735, 9, 59),
(736, 9, 60),
(737, 9, 61),
(738, 9, 62),
(739, 9, 63),
(740, 9, 64),
(741, 9, 65),
(743, 9, 67),
(745, 9, 69),
(746, 9, 70),
(747, 9, 71),
(748, 9, 72),
(749, 9, 73),
(750, 9, 74),
(752, 9, 76),
(753, 10, 1),
(754, 10, 2),
(755, 10, 3),
(757, 10, 5),
(758, 10, 6),
(759, 10, 7),
(760, 10, 8),
(761, 10, 9),
(763, 10, 11),
(764, 10, 12),
(766, 10, 14),
(767, 10, 15),
(771, 10, 19),
(772, 10, 20),
(773, 10, 21),
(775, 10, 23),
(776, 10, 24),
(778, 10, 26),
(779, 10, 27),
(783, 10, 31),
(784, 10, 32),
(785, 10, 33),
(786, 10, 34),
(787, 10, 35),
(788, 10, 36),
(789, 10, 37),
(790, 10, 38),
(791, 10, 39),
(792, 10, 40),
(793, 10, 41),
(794, 10, 42),
(795, 10, 43),
(796, 10, 44),
(797, 10, 45),
(798, 10, 46),
(800, 10, 48),
(802, 10, 50),
(803, 10, 51),
(804, 10, 52),
(805, 10, 53),
(806, 10, 54),
(807, 10, 55),
(808, 10, 56),
(810, 10, 58),
(811, 10, 59),
(812, 10, 60),
(813, 10, 61),
(814, 10, 62),
(815, 10, 63),
(816, 10, 64),
(817, 10, 65),
(818, 10, 66),
(819, 10, 67),
(821, 10, 69),
(822, 10, 70),
(823, 10, 71),
(824, 10, 72),
(825, 10, 73),
(827, 10, 75),
(828, 10, 76),
(829, 11, 1),
(830, 11, 2),
(831, 11, 3),
(833, 11, 5),
(834, 11, 6),
(835, 11, 7),
(836, 11, 8),
(837, 11, 9),
(840, 11, 12),
(842, 11, 14),
(843, 11, 15),
(846, 11, 18),
(847, 11, 19),
(848, 11, 20),
(849, 11, 21),
(850, 11, 22),
(851, 11, 23),
(852, 11, 24),
(854, 11, 26),
(855, 11, 27),
(859, 11, 31),
(860, 11, 32),
(861, 11, 33),
(863, 11, 35),
(864, 11, 36),
(865, 11, 37),
(866, 11, 38),
(867, 11, 39),
(868, 11, 40),
(869, 11, 41),
(870, 11, 42),
(871, 11, 43),
(872, 11, 44),
(873, 11, 45),
(874, 11, 46),
(876, 11, 48),
(877, 11, 49),
(878, 11, 50),
(879, 11, 51),
(881, 11, 53),
(882, 11, 54),
(883, 11, 55),
(884, 11, 56),
(886, 11, 58),
(887, 11, 59),
(888, 11, 60),
(889, 11, 61),
(890, 11, 62),
(892, 11, 64),
(893, 11, 65),
(894, 11, 66),
(895, 11, 67),
(897, 11, 69),
(898, 11, 70),
(899, 11, 71),
(900, 11, 72),
(901, 11, 73),
(903, 11, 75),
(904, 11, 76),
(905, 12, 1),
(906, 12, 2),
(907, 12, 3),
(908, 12, 4),
(909, 12, 5),
(910, 12, 6),
(911, 12, 7),
(912, 12, 8),
(913, 12, 9),
(916, 12, 12),
(917, 12, 13),
(918, 12, 14),
(919, 12, 15),
(920, 12, 16),
(922, 12, 18),
(923, 12, 19),
(924, 12, 20),
(925, 12, 21),
(926, 12, 22),
(927, 12, 23),
(928, 12, 24),
(930, 12, 26),
(931, 12, 27),
(934, 12, 30),
(935, 12, 31),
(936, 12, 32),
(937, 12, 33),
(939, 12, 35),
(940, 12, 36),
(941, 12, 37),
(942, 12, 38),
(943, 12, 39),
(944, 12, 40),
(945, 12, 41),
(946, 12, 42),
(947, 12, 43),
(948, 12, 44),
(949, 12, 45),
(950, 12, 46),
(952, 12, 48),
(953, 12, 49),
(954, 12, 50),
(955, 12, 51),
(957, 12, 53),
(959, 12, 55),
(960, 12, 56),
(961, 12, 57),
(962, 12, 58),
(963, 12, 59),
(964, 12, 60),
(965, 12, 61),
(966, 12, 62),
(968, 12, 64),
(969, 12, 65),
(970, 12, 66),
(971, 12, 67),
(973, 12, 69),
(974, 12, 70),
(975, 12, 71),
(976, 12, 72),
(977, 12, 73),
(978, 12, 74),
(979, 12, 75),
(980, 12, 76),
(981, 13, 1),
(982, 13, 2),
(983, 13, 3),
(984, 13, 4),
(985, 13, 5),
(986, 13, 6),
(987, 13, 7),
(988, 13, 8),
(989, 13, 9),
(990, 13, 10),
(992, 13, 12),
(993, 13, 13),
(994, 13, 14),
(995, 13, 15),
(996, 13, 16),
(997, 13, 17),
(998, 13, 18),
(1000, 13, 20),
(1001, 13, 21),
(1002, 13, 22),
(1003, 13, 23),
(1004, 13, 24),
(1006, 13, 26),
(1007, 13, 27),
(1011, 13, 31),
(1012, 13, 32),
(1013, 13, 33),
(1015, 13, 35),
(1016, 13, 36),
(1017, 13, 37),
(1018, 13, 38),
(1019, 13, 39),
(1020, 13, 40),
(1021, 13, 41),
(1022, 13, 42),
(1023, 13, 43),
(1024, 13, 44),
(1025, 13, 45),
(1026, 13, 46),
(1027, 13, 47),
(1028, 13, 48),
(1029, 13, 49),
(1030, 13, 50),
(1031, 13, 51),
(1033, 13, 53),
(1035, 13, 55),
(1036, 13, 56),
(1037, 13, 57),
(1038, 13, 58),
(1039, 13, 59),
(1040, 13, 60),
(1041, 13, 61),
(1042, 13, 62),
(1044, 13, 64),
(1045, 13, 65),
(1046, 13, 66),
(1047, 13, 67),
(1049, 13, 69),
(1050, 13, 70),
(1051, 13, 71),
(1052, 13, 72),
(1053, 13, 73),
(1054, 13, 74),
(1055, 13, 75),
(1056, 13, 76),
(1057, 14, 1),
(1058, 14, 2),
(1059, 14, 3),
(1060, 14, 4),
(1061, 14, 5),
(1062, 14, 6),
(1063, 14, 7),
(1064, 14, 8),
(1065, 14, 9),
(1066, 14, 10),
(1068, 14, 12),
(1069, 14, 13),
(1070, 14, 14),
(1071, 14, 15),
(1072, 14, 16),
(1073, 14, 17),
(1074, 14, 18),
(1076, 14, 20),
(1077, 14, 21),
(1078, 14, 22),
(1079, 14, 23),
(1080, 14, 24),
(1082, 14, 26),
(1083, 14, 27),
(1086, 14, 30),
(1087, 14, 31),
(1088, 14, 32),
(1089, 14, 33),
(1091, 14, 35),
(1092, 14, 36),
(1093, 14, 37),
(1094, 14, 38),
(1095, 14, 39),
(1096, 14, 40),
(1097, 14, 41),
(1098, 14, 42),
(1099, 14, 43),
(1101, 14, 45),
(1102, 14, 46),
(1103, 14, 47),
(1104, 14, 48),
(1105, 14, 49),
(1106, 14, 50),
(1107, 14, 51),
(1111, 14, 55),
(1112, 14, 56),
(1113, 14, 57),
(1114, 14, 58),
(1115, 14, 59),
(1116, 14, 60),
(1117, 14, 61),
(1118, 14, 62),
(1120, 14, 64),
(1121, 14, 65),
(1122, 14, 66),
(1123, 14, 67),
(1126, 14, 70),
(1127, 14, 71),
(1128, 14, 72),
(1129, 14, 73),
(1130, 14, 74),
(1131, 14, 75),
(1132, 14, 76),
(1133, 15, 1),
(1134, 15, 2),
(1135, 15, 3),
(1136, 15, 4),
(1137, 15, 5),
(1138, 15, 6),
(1139, 15, 7),
(1140, 15, 8),
(1141, 15, 9),
(1142, 15, 10),
(1144, 15, 12),
(1145, 15, 13),
(1146, 15, 14),
(1147, 15, 15),
(1148, 15, 16),
(1149, 15, 17),
(1150, 15, 18),
(1152, 15, 20),
(1153, 15, 21),
(1154, 15, 22),
(1155, 15, 23),
(1156, 15, 24),
(1158, 15, 26),
(1159, 15, 27),
(1160, 15, 28),
(1161, 15, 29),
(1162, 15, 30),
(1164, 15, 32),
(1165, 15, 33),
(1167, 15, 35),
(1168, 15, 36),
(1169, 15, 37),
(1170, 15, 38),
(1171, 15, 39),
(1172, 15, 40),
(1173, 15, 41),
(1174, 15, 42),
(1175, 15, 43),
(1176, 15, 44),
(1177, 15, 45),
(1178, 15, 46),
(1179, 15, 47),
(1180, 15, 48),
(1181, 15, 49),
(1182, 15, 50),
(1183, 15, 51),
(1184, 15, 52),
(1187, 15, 55),
(1188, 15, 56),
(1189, 15, 57),
(1190, 15, 58),
(1191, 15, 59),
(1193, 15, 61),
(1194, 15, 62),
(1196, 15, 64),
(1197, 15, 65),
(1198, 15, 66),
(1199, 15, 67),
(1202, 15, 70),
(1203, 15, 71),
(1204, 15, 72),
(1205, 15, 73),
(1206, 15, 74),
(1207, 15, 75),
(1208, 15, 76),
(1209, 16, 1),
(1211, 16, 3),
(1212, 16, 4),
(1213, 16, 5),
(1214, 16, 6),
(1215, 16, 7),
(1216, 16, 8),
(1217, 16, 9),
(1218, 16, 10),
(1220, 16, 12),
(1221, 16, 13),
(1222, 16, 14),
(1223, 16, 15),
(1224, 16, 16),
(1225, 16, 17),
(1226, 16, 18),
(1228, 16, 20),
(1229, 16, 21),
(1230, 16, 22),
(1231, 16, 23),
(1232, 16, 24),
(1234, 16, 26),
(1235, 16, 27),
(1236, 16, 28),
(1237, 16, 29),
(1240, 16, 32),
(1241, 16, 33),
(1243, 16, 35),
(1244, 16, 36),
(1245, 16, 37),
(1247, 16, 39),
(1248, 16, 40),
(1249, 16, 41),
(1250, 16, 42),
(1251, 16, 43),
(1252, 16, 44),
(1253, 16, 45),
(1254, 16, 46),
(1255, 16, 47),
(1256, 16, 48),
(1257, 16, 49),
(1258, 16, 50),
(1259, 16, 51),
(1260, 16, 52),
(1261, 16, 53),
(1263, 16, 55),
(1264, 16, 56),
(1265, 16, 57),
(1266, 16, 58),
(1267, 16, 59),
(1268, 16, 60),
(1269, 16, 61),
(1270, 16, 62),
(1271, 16, 63),
(1272, 16, 64),
(1273, 16, 65),
(1274, 16, 66),
(1275, 16, 67),
(1278, 16, 70),
(1279, 16, 71),
(1280, 16, 72),
(1281, 16, 73),
(1282, 16, 74),
(1283, 16, 75),
(1284, 16, 76),
(1285, 17, 1),
(1287, 17, 3),
(1288, 17, 4),
(1289, 17, 5),
(1290, 17, 6),
(1291, 17, 7),
(1292, 17, 8),
(1293, 17, 9),
(1294, 17, 10),
(1295, 17, 11),
(1296, 17, 12),
(1297, 17, 13),
(1298, 17, 14),
(1299, 17, 15),
(1300, 17, 16),
(1301, 17, 17),
(1302, 17, 18),
(1304, 17, 20),
(1305, 17, 21),
(1306, 17, 22),
(1307, 17, 23),
(1308, 17, 24),
(1309, 17, 25),
(1310, 17, 26),
(1311, 17, 27),
(1312, 17, 28),
(1313, 17, 29),
(1316, 17, 32),
(1317, 17, 33),
(1319, 17, 35),
(1320, 17, 36),
(1321, 17, 37),
(1322, 17, 38),
(1323, 17, 39),
(1324, 17, 40),
(1325, 17, 41),
(1326, 17, 42),
(1327, 17, 43),
(1328, 17, 44),
(1329, 17, 45),
(1330, 17, 46),
(1331, 17, 47),
(1332, 17, 48),
(1333, 17, 49),
(1335, 17, 51),
(1336, 17, 52),
(1337, 17, 53),
(1338, 17, 54),
(1339, 17, 55),
(1340, 17, 56),
(1341, 17, 57),
(1342, 17, 58),
(1343, 17, 59),
(1344, 17, 60),
(1345, 17, 61),
(1346, 17, 62),
(1347, 17, 63),
(1349, 17, 65),
(1350, 17, 66),
(1351, 17, 67),
(1352, 17, 68),
(1354, 17, 70),
(1355, 17, 71),
(1356, 17, 72),
(1357, 17, 73),
(1358, 17, 74),
(1359, 17, 75),
(1360, 17, 76),
(1361, 18, 1),
(1363, 18, 3),
(1364, 18, 4),
(1366, 18, 6),
(1367, 18, 7),
(1368, 18, 8),
(1369, 18, 9),
(1370, 18, 10),
(1371, 18, 11),
(1372, 18, 12),
(1373, 18, 13),
(1374, 18, 14),
(1375, 18, 15),
(1376, 18, 16),
(1377, 18, 17),
(1378, 18, 18),
(1380, 18, 20),
(1382, 18, 22),
(1383, 18, 23),
(1384, 18, 24),
(1385, 18, 25),
(1386, 18, 26),
(1387, 18, 27),
(1388, 18, 28),
(1389, 18, 29),
(1390, 18, 30),
(1392, 18, 32),
(1393, 18, 33),
(1395, 18, 35),
(1396, 18, 36),
(1397, 18, 37),
(1398, 18, 38),
(1399, 18, 39),
(1400, 18, 40),
(1401, 18, 41),
(1402, 18, 42),
(1403, 18, 43),
(1404, 18, 44),
(1405, 18, 45),
(1406, 18, 46),
(1407, 18, 47),
(1408, 18, 48),
(1409, 18, 49),
(1411, 18, 51),
(1412, 18, 52),
(1413, 18, 53),
(1414, 18, 54),
(1416, 18, 56),
(1417, 18, 57),
(1418, 18, 58),
(1419, 18, 59),
(1420, 18, 60),
(1421, 18, 61),
(1422, 18, 62),
(1423, 18, 63),
(1424, 18, 64),
(1425, 18, 65),
(1426, 18, 66),
(1427, 18, 67),
(1428, 18, 68),
(1429, 18, 69),
(1430, 18, 70),
(1433, 18, 73),
(1434, 18, 74),
(1435, 18, 75),
(1436, 18, 76),
(1437, 19, 1),
(1438, 19, 2),
(1439, 19, 3),
(1440, 19, 4),
(1442, 19, 6),
(1443, 19, 7),
(1444, 19, 8),
(1445, 19, 9),
(1446, 19, 10),
(1447, 19, 11),
(1448, 19, 12),
(1449, 19, 13),
(1450, 19, 14),
(1451, 19, 15),
(1452, 19, 16),
(1453, 19, 17),
(1454, 19, 18),
(1456, 19, 20),
(1458, 19, 22),
(1460, 19, 24),
(1461, 19, 25),
(1462, 19, 26),
(1463, 19, 27),
(1464, 19, 28),
(1465, 19, 29),
(1466, 19, 30),
(1468, 19, 32),
(1469, 19, 33),
(1470, 19, 34),
(1471, 19, 35),
(1472, 19, 36),
(1473, 19, 37),
(1474, 19, 38),
(1475, 19, 39),
(1476, 19, 40),
(1477, 19, 41),
(1478, 19, 42),
(1479, 19, 43),
(1480, 19, 44),
(1482, 19, 46),
(1483, 19, 47),
(1484, 19, 48),
(1485, 19, 49),
(1487, 19, 51),
(1488, 19, 52),
(1489, 19, 53),
(1490, 19, 54),
(1493, 19, 57),
(1495, 19, 59),
(1496, 19, 60),
(1497, 19, 61),
(1498, 19, 62),
(1499, 19, 63),
(1501, 19, 65),
(1502, 19, 66),
(1503, 19, 67),
(1504, 19, 68),
(1505, 19, 69),
(1506, 19, 70),
(1507, 19, 71),
(1508, 19, 72),
(1509, 19, 73),
(1510, 19, 74),
(1511, 19, 75),
(1512, 19, 76),
(1513, 20, 1),
(1514, 20, 2),
(1515, 20, 3),
(1516, 20, 4),
(1518, 20, 6),
(1519, 20, 7),
(1520, 20, 8),
(1521, 20, 9),
(1522, 20, 10),
(1523, 20, 11),
(1524, 20, 12),
(1525, 20, 13),
(1526, 20, 14),
(1527, 20, 15),
(1528, 20, 16),
(1529, 20, 17),
(1530, 20, 18),
(1532, 20, 20),
(1534, 20, 22),
(1536, 20, 24),
(1537, 20, 25),
(1539, 20, 27),
(1540, 20, 28),
(1541, 20, 29),
(1542, 20, 30),
(1544, 20, 32),
(1545, 20, 33),
(1546, 20, 34),
(1547, 20, 35),
(1548, 20, 36),
(1549, 20, 37),
(1550, 20, 38),
(1551, 20, 39),
(1552, 20, 40),
(1553, 20, 41),
(1554, 20, 42),
(1555, 20, 43),
(1556, 20, 44),
(1557, 20, 45),
(1558, 20, 46),
(1559, 20, 47),
(1560, 20, 48),
(1561, 20, 49),
(1562, 20, 50),
(1563, 20, 51),
(1564, 20, 52),
(1565, 20, 53),
(1566, 20, 54),
(1568, 20, 56),
(1569, 20, 57),
(1570, 20, 58),
(1571, 20, 59),
(1572, 20, 60),
(1573, 20, 61),
(1574, 20, 62),
(1575, 20, 63),
(1577, 20, 65),
(1578, 20, 66),
(1579, 20, 67),
(1580, 20, 68),
(1581, 20, 69),
(1582, 20, 70),
(1583, 20, 71),
(1584, 20, 72),
(1585, 20, 73),
(1586, 20, 74),
(1587, 20, 75),
(1588, 20, 76),
(1589, 21, 1),
(1590, 21, 2),
(1591, 21, 3),
(1592, 21, 4),
(1593, 21, 5),
(1594, 21, 6),
(1595, 21, 7),
(1596, 21, 8),
(1597, 21, 9),
(1598, 21, 10),
(1599, 21, 11),
(1600, 21, 12),
(1601, 21, 13),
(1602, 21, 14),
(1603, 21, 15),
(1604, 21, 16),
(1605, 21, 17),
(1606, 21, 18),
(1610, 21, 22),
(1612, 21, 24),
(1613, 21, 25),
(1615, 21, 27),
(1616, 21, 28),
(1617, 21, 29),
(1618, 21, 30),
(1620, 21, 32),
(1621, 21, 33),
(1622, 21, 34),
(1623, 21, 35),
(1624, 21, 36),
(1625, 21, 37),
(1626, 21, 38),
(1627, 21, 39),
(1628, 21, 40),
(1629, 21, 41),
(1630, 21, 42),
(1631, 21, 43),
(1632, 21, 44),
(1633, 21, 45),
(1634, 21, 46),
(1635, 21, 47),
(1636, 21, 48),
(1637, 21, 49),
(1639, 21, 51),
(1640, 21, 52),
(1641, 21, 53),
(1642, 21, 54),
(1643, 21, 55),
(1644, 21, 56),
(1645, 21, 57),
(1647, 21, 59),
(1648, 21, 60),
(1650, 21, 62),
(1651, 21, 63),
(1653, 21, 65),
(1654, 21, 66),
(1655, 21, 67),
(1656, 21, 68),
(1657, 21, 69),
(1658, 21, 70),
(1660, 21, 72),
(1661, 21, 73),
(1662, 21, 74),
(1663, 21, 75),
(1664, 21, 76),
(1665, 22, 1),
(1666, 22, 2),
(1667, 22, 3),
(1668, 22, 4),
(1669, 22, 5),
(1670, 22, 6),
(1671, 22, 7),
(1672, 22, 8),
(1673, 22, 9),
(1674, 22, 10),
(1675, 22, 11),
(1677, 22, 13),
(1678, 22, 14),
(1679, 22, 15),
(1680, 22, 16),
(1681, 22, 17),
(1682, 22, 18),
(1686, 22, 22),
(1688, 22, 24),
(1689, 22, 25),
(1691, 22, 27),
(1692, 22, 28),
(1693, 22, 29),
(1694, 22, 30),
(1695, 22, 31),
(1696, 22, 32),
(1697, 22, 33),
(1698, 22, 34),
(1699, 22, 35),
(1700, 22, 36),
(1701, 22, 37),
(1702, 22, 38),
(1703, 22, 39),
(1704, 22, 40),
(1705, 22, 41),
(1706, 22, 42),
(1707, 22, 43),
(1708, 22, 44),
(1710, 22, 46),
(1711, 22, 47),
(1712, 22, 48),
(1713, 22, 49),
(1714, 22, 50),
(1715, 22, 51),
(1716, 22, 52),
(1717, 22, 53),
(1718, 22, 54),
(1719, 22, 55),
(1720, 22, 56),
(1721, 22, 57),
(1722, 22, 58),
(1723, 22, 59),
(1724, 22, 60),
(1725, 22, 61),
(1726, 22, 62),
(1727, 22, 63),
(1728, 22, 64),
(1729, 22, 65),
(1730, 22, 66),
(1731, 22, 67),
(1732, 22, 68),
(1733, 22, 69),
(1735, 22, 71),
(1736, 22, 72),
(1737, 22, 73),
(1738, 22, 74),
(1739, 22, 75),
(1740, 22, 76),
(1741, 23, 1),
(1742, 23, 2),
(1743, 23, 3),
(1744, 23, 4),
(1746, 23, 6),
(1747, 23, 7),
(1748, 23, 8),
(1749, 23, 9),
(1750, 23, 10),
(1751, 23, 11),
(1753, 23, 13),
(1754, 23, 14),
(1755, 23, 15),
(1756, 23, 16),
(1757, 23, 17),
(1758, 23, 18),
(1761, 23, 21),
(1762, 23, 22),
(1764, 23, 24),
(1765, 23, 25),
(1767, 23, 27),
(1768, 23, 28),
(1769, 23, 29),
(1770, 23, 30),
(1771, 23, 31),
(1772, 23, 32),
(1773, 23, 33),
(1774, 23, 34),
(1775, 23, 35),
(1776, 23, 36),
(1777, 23, 37),
(1778, 23, 38),
(1779, 23, 39),
(1780, 23, 40),
(1781, 23, 41),
(1782, 23, 42),
(1783, 23, 43),
(1784, 23, 44),
(1785, 23, 45),
(1786, 23, 46),
(1787, 23, 47),
(1789, 23, 49),
(1790, 23, 50),
(1791, 23, 51),
(1792, 23, 52),
(1793, 23, 53),
(1794, 23, 54),
(1797, 23, 57),
(1799, 23, 59),
(1800, 23, 60),
(1801, 23, 61),
(1802, 23, 62),
(1803, 23, 63),
(1804, 23, 64),
(1805, 23, 65),
(1806, 23, 66),
(1807, 23, 67),
(1808, 23, 68),
(1809, 23, 69),
(1810, 23, 70),
(1811, 23, 71),
(1812, 23, 72),
(1813, 23, 73),
(1814, 23, 74),
(1815, 23, 75),
(1816, 23, 76),
(1817, 24, 1),
(1818, 24, 2),
(1819, 24, 3),
(1820, 24, 4),
(1821, 24, 5),
(1822, 24, 6),
(1823, 24, 7),
(1824, 24, 8),
(1825, 24, 9),
(1826, 24, 10),
(1827, 24, 11),
(1829, 24, 13),
(1830, 24, 14),
(1831, 24, 15),
(1832, 24, 16),
(1833, 24, 17),
(1834, 24, 18),
(1837, 24, 21),
(1838, 24, 22),
(1840, 24, 24),
(1841, 24, 25),
(1843, 24, 27),
(1844, 24, 28),
(1845, 24, 29),
(1846, 24, 30),
(1847, 24, 31),
(1848, 24, 32),
(1849, 24, 33),
(1850, 24, 34),
(1851, 24, 35),
(1852, 24, 36),
(1853, 24, 37),
(1854, 24, 38),
(1855, 24, 39),
(1856, 24, 40),
(1858, 24, 42),
(1859, 24, 43),
(1860, 24, 44),
(1862, 24, 46),
(1863, 24, 47),
(1865, 24, 49),
(1866, 24, 50),
(1867, 24, 51),
(1868, 24, 52),
(1869, 24, 53),
(1870, 24, 54),
(1872, 24, 56),
(1873, 24, 57),
(1874, 24, 58),
(1875, 24, 59),
(1876, 24, 60),
(1877, 24, 61),
(1878, 24, 62),
(1879, 24, 63),
(1880, 24, 64),
(1881, 24, 65),
(1882, 24, 66),
(1883, 24, 67),
(1884, 24, 68),
(1885, 24, 69),
(1887, 24, 71),
(1888, 24, 72),
(1889, 24, 73),
(1890, 24, 74),
(1891, 24, 75),
(1892, 24, 76),
(1893, 25, 1),
(1894, 25, 2),
(1896, 25, 4),
(1897, 25, 5),
(1898, 25, 6),
(1899, 25, 7),
(1900, 25, 8),
(1901, 25, 9),
(1902, 25, 10),
(1903, 25, 11),
(1905, 25, 13),
(1906, 25, 14),
(1907, 25, 15),
(1908, 25, 16),
(1909, 25, 17),
(1910, 25, 18),
(1911, 25, 19),
(1913, 25, 21),
(1914, 25, 22),
(1916, 25, 24),
(1917, 25, 25),
(1919, 25, 27),
(1920, 25, 28),
(1921, 25, 29),
(1922, 25, 30),
(1923, 25, 31),
(1925, 25, 33),
(1926, 25, 34),
(1927, 25, 35),
(1930, 25, 38),
(1931, 25, 39),
(1932, 25, 40),
(1933, 25, 41),
(1934, 25, 42),
(1935, 25, 43),
(1936, 25, 44),
(1937, 25, 45),
(1938, 25, 46),
(1939, 25, 47),
(1940, 25, 48),
(1941, 25, 49),
(1942, 25, 50),
(1943, 25, 51),
(1944, 25, 52),
(1945, 25, 53),
(1946, 25, 54),
(1947, 25, 55),
(1948, 25, 56),
(1949, 25, 57),
(1950, 25, 58),
(1951, 25, 59),
(1952, 25, 60),
(1953, 25, 61),
(1954, 25, 62),
(1955, 25, 63),
(1956, 25, 64),
(1957, 25, 65),
(1958, 25, 66),
(1959, 25, 67),
(1960, 25, 68),
(1961, 25, 69),
(1962, 25, 70),
(1964, 25, 72),
(1965, 25, 73),
(1966, 25, 74),
(1967, 25, 75),
(1968, 25, 76),
(1969, 26, 1),
(1970, 26, 2),
(1972, 26, 4),
(1974, 26, 6),
(1975, 26, 7),
(1976, 26, 8),
(1977, 26, 9),
(1978, 26, 10),
(1979, 26, 11),
(1981, 26, 13),
(1982, 26, 14),
(1983, 26, 15),
(1984, 26, 16),
(1985, 26, 17),
(1986, 26, 18),
(1987, 26, 19),
(1989, 26, 21),
(1990, 26, 22),
(1991, 26, 23),
(1992, 26, 24),
(1993, 26, 25),
(1994, 26, 26),
(1995, 26, 27),
(1996, 26, 28),
(1997, 26, 29),
(1998, 26, 30),
(1999, 26, 31),
(2001, 26, 33),
(2002, 26, 34),
(2003, 26, 35),
(2006, 26, 38),
(2007, 26, 39),
(2008, 26, 40),
(2010, 26, 42),
(2011, 26, 43),
(2012, 26, 44),
(2013, 26, 45),
(2014, 26, 46),
(2015, 26, 47),
(2016, 26, 48),
(2017, 26, 49),
(2018, 26, 50),
(2019, 26, 51),
(2020, 26, 52),
(2021, 26, 53),
(2022, 26, 54),
(2023, 26, 55),
(2025, 26, 57),
(2026, 26, 58),
(2027, 26, 59),
(2028, 26, 60),
(2030, 26, 62),
(2031, 26, 63),
(2032, 26, 64),
(2033, 26, 65),
(2034, 26, 66),
(2035, 26, 67),
(2036, 26, 68),
(2037, 26, 69),
(2038, 26, 70),
(2039, 26, 71),
(2040, 26, 72),
(2041, 26, 73),
(2042, 26, 74),
(2043, 26, 75),
(2044, 26, 76),
(2045, 27, 1),
(2046, 27, 2),
(2048, 27, 4),
(2050, 27, 6),
(2051, 27, 7),
(2052, 27, 8),
(2053, 27, 9),
(2054, 27, 10),
(2055, 27, 11),
(2057, 27, 13),
(2058, 27, 14),
(2059, 27, 15),
(2060, 27, 16),
(2061, 27, 17),
(2062, 27, 18),
(2063, 27, 19),
(2064, 27, 20),
(2065, 27, 21),
(2066, 27, 22),
(2067, 27, 23),
(2068, 27, 24),
(2069, 27, 25),
(2070, 27, 26),
(2071, 27, 27),
(2072, 27, 28),
(2073, 27, 29),
(2074, 27, 30),
(2075, 27, 31),
(2078, 27, 34),
(2079, 27, 35),
(2082, 27, 38),
(2083, 27, 39),
(2084, 27, 40),
(2085, 27, 41),
(2086, 27, 42),
(2087, 27, 43),
(2088, 27, 44),
(2089, 27, 45),
(2090, 27, 46),
(2091, 27, 47),
(2092, 27, 48),
(2093, 27, 49),
(2095, 27, 51),
(2096, 27, 52),
(2097, 27, 53),
(2098, 27, 54),
(2100, 27, 56),
(2103, 27, 59),
(2104, 27, 60),
(2106, 27, 62),
(2107, 27, 63),
(2109, 27, 65),
(2110, 27, 66),
(2111, 27, 67),
(2112, 27, 68),
(2113, 27, 69),
(2114, 27, 70),
(2115, 27, 71),
(2117, 27, 73),
(2118, 27, 74),
(2119, 27, 75),
(2120, 27, 76),
(2122, 28, 2),
(2123, 28, 3),
(2124, 28, 4),
(2126, 28, 6),
(2127, 28, 7),
(2128, 28, 8),
(2130, 28, 10),
(2131, 28, 11),
(2133, 28, 13),
(2135, 28, 15),
(2136, 28, 16),
(2137, 28, 17),
(2138, 28, 18),
(2139, 28, 19),
(2140, 28, 20),
(2141, 28, 21),
(2142, 28, 22),
(2143, 28, 23),
(2144, 28, 24),
(2145, 28, 25),
(2146, 28, 26),
(2147, 28, 27),
(2148, 28, 28),
(2149, 28, 29),
(2150, 28, 30),
(2151, 28, 31),
(2154, 28, 34),
(2155, 28, 35),
(2158, 28, 38),
(2159, 28, 39),
(2160, 28, 40),
(2161, 28, 41),
(2163, 28, 43),
(2164, 28, 44),
(2165, 28, 45),
(2166, 28, 46),
(2167, 28, 47),
(2168, 28, 48),
(2169, 28, 49),
(2171, 28, 51),
(2172, 28, 52),
(2173, 28, 53),
(2174, 28, 54),
(2176, 28, 56),
(2177, 28, 57),
(2178, 28, 58),
(2179, 28, 59),
(2180, 28, 60),
(2181, 28, 61),
(2182, 28, 62),
(2183, 28, 63),
(2184, 28, 64),
(2185, 28, 65),
(2186, 28, 66),
(2187, 28, 67),
(2188, 28, 68),
(2189, 28, 69),
(2190, 28, 70),
(2191, 28, 71),
(2192, 28, 72),
(2193, 28, 73),
(2194, 28, 74),
(2195, 28, 75),
(2196, 28, 76),
(2198, 29, 2),
(2199, 29, 3),
(2200, 29, 4),
(2201, 29, 5),
(2203, 29, 7),
(2204, 29, 8),
(2205, 29, 9),
(2206, 29, 10),
(2207, 29, 11),
(2209, 29, 13),
(2210, 29, 14),
(2211, 29, 15),
(2212, 29, 16),
(2213, 29, 17),
(2214, 29, 18),
(2215, 29, 19),
(2216, 29, 20),
(2217, 29, 21),
(2218, 29, 22),
(2219, 29, 23),
(2220, 29, 24),
(2221, 29, 25),
(2222, 29, 26),
(2223, 29, 27),
(2224, 29, 28),
(2225, 29, 29),
(2226, 29, 30),
(2227, 29, 31),
(2230, 29, 34),
(2231, 29, 35),
(2234, 29, 38),
(2235, 29, 39),
(2236, 29, 40),
(2237, 29, 41),
(2238, 29, 42),
(2239, 29, 43),
(2240, 29, 44),
(2242, 29, 46),
(2243, 29, 47),
(2244, 29, 48),
(2245, 29, 49),
(2246, 29, 50),
(2247, 29, 51),
(2248, 29, 52),
(2249, 29, 53),
(2250, 29, 54),
(2251, 29, 55),
(2252, 29, 56),
(2253, 29, 57),
(2254, 29, 58),
(2255, 29, 59),
(2256, 29, 60),
(2257, 29, 61),
(2258, 29, 62),
(2259, 29, 63),
(2260, 29, 64),
(2261, 29, 65),
(2262, 29, 66),
(2263, 29, 67),
(2264, 29, 68),
(2266, 29, 70),
(2269, 29, 73),
(2270, 29, 74),
(2271, 29, 75),
(2272, 29, 76),
(2273, 30, 1),
(2274, 30, 2),
(2275, 30, 3),
(2276, 30, 4),
(2277, 30, 5),
(2279, 30, 7),
(2281, 30, 9),
(2282, 30, 10),
(2283, 30, 11),
(2284, 30, 12),
(2288, 30, 16),
(2289, 30, 17),
(2293, 30, 21),
(2294, 30, 22),
(2295, 30, 23),
(2296, 30, 24),
(2297, 30, 25),
(2298, 30, 26),
(2299, 30, 27),
(2300, 30, 28),
(2302, 30, 30),
(2303, 30, 31),
(2306, 30, 34),
(2307, 30, 35),
(2310, 30, 38),
(2311, 30, 39),
(2312, 30, 40),
(2313, 30, 41),
(2314, 30, 42),
(2315, 30, 43),
(2316, 30, 44),
(2317, 30, 45),
(2318, 30, 46),
(2319, 30, 47),
(2321, 30, 49),
(2322, 30, 50),
(2323, 30, 51),
(2324, 30, 52),
(2325, 30, 53),
(2326, 30, 54),
(2327, 30, 55),
(2328, 30, 56),
(2329, 30, 57),
(2330, 30, 58),
(2331, 30, 59),
(2332, 30, 60),
(2333, 30, 61),
(2334, 30, 62),
(2335, 30, 63),
(2336, 30, 64),
(2337, 30, 65),
(2338, 30, 66),
(2339, 30, 67),
(2340, 30, 68),
(2341, 30, 69),
(2342, 30, 70),
(2343, 30, 71),
(2345, 30, 73),
(2346, 30, 74),
(2347, 30, 75),
(2348, 30, 76),
(2361, 34, 6);

-- --------------------------------------------------------

--
-- 資料表結構 `user_order`
--

CREATE TABLE `user_order` (
  `id` int(6) UNSIGNED NOT NULL,
  `user_id` int(4) UNSIGNED NOT NULL,
  `status_id` int(2) UNSIGNED NOT NULL,
  `store_id` int(5) NOT NULL,
  `payment_method` int(11) NOT NULL,
  `coupon_id` int(5) NOT NULL,
  `order_number` bigint(255) UNSIGNED NOT NULL,
  `order_time` datetime NOT NULL
) ENGINE=InnoDB DEFAULT CHARSET=utf8mb4 COLLATE=utf8mb4_unicode_ci;

--
-- 傾印資料表的資料 `user_order`
--

INSERT INTO `user_order` (`id`, `user_id`, `status_id`, `store_id`, `payment_method`, `coupon_id`, `order_number`, `order_time`) VALUES
(1, 30, 2, 2, 0, 0, 21110201464111, '2021-11-02 01:46:41'),
(2, 30, 3, 5, 0, 0, 21111801595121, '2021-11-18 01:59:51'),
(3, 30, 2, 2, 0, 0, 21120102001531, '2021-12-01 02:00:15'),
(4, 30, 2, 4, 0, 0, 21120902003341, '2021-12-09 02:00:33'),
(5, 1, 2, 4, 0, 0, 21121002004251, '2021-12-10 02:00:42'),
(6, 2, 3, 2, 0, 0, 21121002005663, '2021-12-10 02:00:56'),
(7, 1, 1, 3, 0, 0, 21121002305571, '2021-12-10 02:30:55'),
(8, 2, 2, 2, 0, 0, 21121002305582, '2021-12-10 02:30:55'),
(9, 2, 3, 3, 0, 0, 21121002323892, '2021-12-10 02:32:38'),
(10, 1, 1, 7, 0, 0, 211210024419101, '2021-12-10 02:44:19'),
(11, 2, 3, 4, 0, 0, 211210230040113, '2021-12-10 23:00:40'),
(12, 1, 1, 1, 0, 0, 211211011524121, '2021-12-11 01:15:24'),
(13, 1, 1, 1, 1, 0, 220304134306131, '2022-03-04 13:43:06'),
(14, 1, 3, 1, 1, 0, 220304134521141, '2022-03-04 13:45:21'),
(15, 1, 1, 1, 1, 0, 220304200402151, '2022-03-04 20:04:02'),
(16, 30, 3, 1, 1, 0, 220304204023161, '2022-03-04 20:40:23'),
(17, 33, 3, 1, 1, 0, 2203071637181733, '2022-03-07 16:37:18'),
(18, 35, 1, 1, 1, 0, 2203071930441835, '2022-03-07 19:30:44');

-- --------------------------------------------------------

--
-- 資料表結構 `user_order_detail`
--

CREATE TABLE `user_order_detail` (
  `id` int(6) UNSIGNED NOT NULL,
  `order_id` int(5) UNSIGNED NOT NULL,
  `product_id` int(4) UNSIGNED NOT NULL,
  `amount` int(4) UNSIGNED NOT NULL
) ENGINE=InnoDB DEFAULT CHARSET=utf8mb4 COLLATE=utf8mb4_unicode_ci;

--
-- 傾印資料表的資料 `user_order_detail`
--

INSERT INTO `user_order_detail` (`id`, `order_id`, `product_id`, `amount`) VALUES
(1, 1, 14, 2),
(2, 1, 15, 3),
(3, 2, 27, 3),
(4, 2, 28, 1),
(5, 2, 29, 2),
(6, 3, 9, 1),
(7, 3, 12, 2),
(8, 3, 10, 1),
(9, 4, 20, 3),
(10, 5, 20, 4),
(11, 6, 8, 2),
(12, 7, 16, 2),
(13, 7, 17, 3),
(14, 8, 5, 2),
(15, 8, 6, 1),
(16, 8, 7, 2),
(17, 9, 14, 2),
(18, 10, 32, 2),
(19, 10, 33, 3),
(20, 10, 34, 2),
(21, 11, 19, 2),
(22, 11, 20, 1),
(23, 12, 11, 2),
(28, 13, 1, 2),
(29, 14, 11, 3),
(34, 15, 1, 3),
(35, 15, 2, 2),
(36, 16, 1, 1),
(37, 16, 2, 1),
(38, 17, 2, 1),
(39, 17, 1, 3),
(40, 18, 2, 2);

--
-- 已傾印資料表的索引
--

--
-- 資料表索引 `map`
--
ALTER TABLE `map`
  ADD PRIMARY KEY (`id`);

--
-- 資料表索引 `order_status`
--
ALTER TABLE `order_status`
  ADD PRIMARY KEY (`id`);

--
-- 資料表索引 `products`
--
ALTER TABLE `products`
  ADD PRIMARY KEY (`id`);

--
-- 資料表索引 `products_category`
--
ALTER TABLE `products_category`
  ADD PRIMARY KEY (`id`);

--
-- 資料表索引 `products_comment`
--
ALTER TABLE `products_comment`
  ADD PRIMARY KEY (`id`);

--
-- 資料表索引 `shopping_cart`
--
ALTER TABLE `shopping_cart`
  ADD PRIMARY KEY (`id`);

--
-- 資料表索引 `stores`
--
ALTER TABLE `stores`
  ADD PRIMARY KEY (`id`);

--
-- 資料表索引 `stores_category`
--
ALTER TABLE `stores_category`
  ADD PRIMARY KEY (`id`);

--
-- 資料表索引 `users`
--
ALTER TABLE `users`
  ADD PRIMARY KEY (`id`);

--
-- 資料表索引 `user_like`
--
ALTER TABLE `user_like`
  ADD PRIMARY KEY (`id`);

--
-- 資料表索引 `user_order`
--
ALTER TABLE `user_order`
  ADD PRIMARY KEY (`id`);

--
-- 資料表索引 `user_order_detail`
--
ALTER TABLE `user_order_detail`
  ADD PRIMARY KEY (`id`);

--
-- 在傾印的資料表使用自動遞增(AUTO_INCREMENT)
--

--
-- 使用資料表自動遞增(AUTO_INCREMENT) `map`
--
ALTER TABLE `map`
  MODIFY `id` int(5) NOT NULL AUTO_INCREMENT, AUTO_INCREMENT=77;

--
-- 使用資料表自動遞增(AUTO_INCREMENT) `order_status`
--
ALTER TABLE `order_status`
  MODIFY `id` int(2) UNSIGNED NOT NULL AUTO_INCREMENT, AUTO_INCREMENT=5;

--
-- 使用資料表自動遞增(AUTO_INCREMENT) `products`
--
ALTER TABLE `products`
  MODIFY `id` int(3) UNSIGNED NOT NULL AUTO_INCREMENT, AUTO_INCREMENT=349;

--
-- 使用資料表自動遞增(AUTO_INCREMENT) `products_category`
--
ALTER TABLE `products_category`
  MODIFY `id` int(5) NOT NULL AUTO_INCREMENT, AUTO_INCREMENT=160;

--
-- 使用資料表自動遞增(AUTO_INCREMENT) `products_comment`
--
ALTER TABLE `products_comment`
  MODIFY `id` int(5) NOT NULL AUTO_INCREMENT, AUTO_INCREMENT=12343;

--
-- 使用資料表自動遞增(AUTO_INCREMENT) `shopping_cart`
--
ALTER TABLE `shopping_cart`
  MODIFY `id` int(5) NOT NULL AUTO_INCREMENT, AUTO_INCREMENT=50;

--
-- 使用資料表自動遞增(AUTO_INCREMENT) `stores`
--
ALTER TABLE `stores`
  MODIFY `id` int(4) UNSIGNED NOT NULL AUTO_INCREMENT, AUTO_INCREMENT=77;

--
-- 使用資料表自動遞增(AUTO_INCREMENT) `stores_category`
--
ALTER TABLE `stores_category`
  MODIFY `id` int(5) NOT NULL AUTO_INCREMENT, AUTO_INCREMENT=11;

--
-- 使用資料表自動遞增(AUTO_INCREMENT) `users`
--
ALTER TABLE `users`
  MODIFY `id` int(11) NOT NULL AUTO_INCREMENT, AUTO_INCREMENT=34;

--
-- 使用資料表自動遞增(AUTO_INCREMENT) `user_like`
--
ALTER TABLE `user_like`
  MODIFY `id` int(5) NOT NULL AUTO_INCREMENT, AUTO_INCREMENT=2363;

--
-- 使用資料表自動遞增(AUTO_INCREMENT) `user_order`
--
ALTER TABLE `user_order`
  MODIFY `id` int(6) UNSIGNED NOT NULL AUTO_INCREMENT, AUTO_INCREMENT=19;

--
-- 使用資料表自動遞增(AUTO_INCREMENT) `user_order_detail`
--
ALTER TABLE `user_order_detail`
  MODIFY `id` int(6) UNSIGNED NOT NULL AUTO_INCREMENT, AUTO_INCREMENT=41;
COMMIT;

/*!40101 SET CHARACTER_SET_CLIENT=@OLD_CHARACTER_SET_CLIENT */;
/*!40101 SET CHARACTER_SET_RESULTS=@OLD_CHARACTER_SET_RESULTS */;
/*!40101 SET COLLATION_CONNECTION=@OLD_COLLATION_CONNECTION */;
